district_id,year_month,pm25,pm10,no2,so2,aqi,state,district,respiratory_cases,cardiovascular_cases,diarrhoea_cases,total_opd_visits,population,urban_percentage,literacy_rate
7.0,2013-01,18.0,75.0,8.5,2.0,67.0,Andhra Pradesh,Guntur,1.2,,,,4398923.0,28.0,55.0
7.0,2014-01,18.0,79.0,23.0,5.0,71.0,Andhra Pradesh,Guntur,2.1,,,,4398923.0,28.0,55.0
7.0,2015-01,18.0,100.0,26.0,5.0,90.0,Andhra Pradesh,Guntur,1.4,,,,4398923.0,28.0,55.0
7.0,2016-01,18.0,88.0,29.0,5.0,79.0,Andhra Pradesh,Guntur,3.3,,,,4398923.0,28.0,55.0
7.0,2017-01,18.0,69.0,26.0,5.0,62.0,Andhra Pradesh,Guntur,1081.0,,,,4398923.0,28.0,55.0
7.0,2018-01,18.0,49.25,21.5,5.0,44.0,Andhra Pradesh,Guntur,931.0,,,,4398923.0,28.0,55.0
7.0,2019-01,22.75,52.75,19.0,5.0,49.0,Andhra Pradesh,Guntur,514.0,,,,4398923.0,28.0,55.0
9.0,2013-01,26.0,76.0,5.0,2.0,68.0,Andhra Pradesh,Kurnool,2.7,,,,3431240.0,21.7,44.7
9.0,2014-01,26.0,77.0,10.0,4.0,69.0,Andhra Pradesh,Kurnool,2.2,,,,3431240.0,21.7,44.7
9.0,2015-01,26.0,82.0,10.0,5.0,73.0,Andhra Pradesh,Kurnool,2.7,,,,3431240.0,21.7,44.7
9.0,2016-01,26.0,69.0,11.0,5.0,62.0,Andhra Pradesh,Kurnool,2.9,,,,3431240.0,21.7,44.7
9.0,2017-01,26.0,82.0,15.0,5.0,73.0,Andhra Pradesh,Kurnool,870.0,,,,3431240.0,21.7,44.7
9.0,2018-01,26.0,66.25,18.0,4.5,59.75,Andhra Pradesh,Kurnool,1740.0,,,,3431240.0,21.7,44.7
9.0,2019-01,29.5,61.0,15.0,5.25,58.25,Andhra Pradesh,Kurnool,3114.0,,,,3431240.0,21.7,44.7
10.0,2013-01,,64.0,8.5,2.0,500.0,Andhra Pradesh,Prakasam,0.5,,,,3053190.0,15.1,50.1
10.0,2014-01,,63.0,22.0,5.0,500.0,Andhra Pradesh,Prakasam,1.4,,,,3053190.0,15.1,50.1
10.0,2015-01,,67.0,29.0,5.0,500.0,Andhra Pradesh,Prakasam,1.2,,,,3053190.0,15.1,50.1
10.0,2016-01,,65.0,29.0,5.0,500.0,Andhra Pradesh,Prakasam,1.1,,,,3053190.0,15.1,50.1
10.0,2017-01,,65.0,27.0,5.0,500.0,Andhra Pradesh,Prakasam,398.0,,,,3053190.0,15.1,50.1
12.0,2013-01,36.0,76.0,8.0,5.5,68.0,Andhra Pradesh,Srikakulam,9.4,,,,2527469.0,11.0,48.0
12.0,2014-01,36.0,69.0,22.0,14.0,64.0,Andhra Pradesh,Srikakulam,8.7,,,,2527469.0,11.0,48.0
12.0,2015-01,36.0,73.0,22.0,10.0,65.0,Andhra Pradesh,Srikakulam,8.0,,,,2527469.0,11.0,48.0
12.0,2016-01,36.0,71.0,20.0,9.0,64.0,Andhra Pradesh,Srikakulam,7.9,,,,2527469.0,11.0,48.0
12.0,2017-01,36.0,70.0,18.0,9.0,64.0,Andhra Pradesh,Srikakulam,89.0,,,,2527469.0,11.0,48.0
12.0,2018-01,36.0,71.0,20.75,9.5,64.75,Andhra Pradesh,Srikakulam,57.0,,,,2527469.0,11.0,48.0
12.0,2019-01,36.0,66.75,18.5,8.0,64.0,Andhra Pradesh,Srikakulam,96.0,,,,2527469.0,11.0,48.0
14.0,2013-01,35.0,63.0,9.5,6.5,63.0,Andhra Pradesh,Vizianagaram,2.0,,,,2236022.0,17.9,44.2
14.0,2014-01,35.0,69.0,21.0,13.0,63.0,Andhra Pradesh,Vizianagaram,0.0,,,,2236022.0,17.9,44.2
14.0,2015-01,35.0,74.0,24.0,10.0,66.0,Andhra Pradesh,Vizianagaram,0.0,,,,2236022.0,17.9,44.2
14.0,2016-01,35.0,85.0,21.0,9.0,76.0,Andhra Pradesh,Vizianagaram,2.8,,,,2236022.0,17.9,44.2
14.0,2017-01,35.0,72.0,17.0,9.0,64.0,Andhra Pradesh,Vizianagaram,196.0,,,,2236022.0,17.9,44.2
14.0,2018-01,35.0,65.0,20.67,9.67,63.0,Andhra Pradesh,Vizianagaram,100.0,,,,2236022.0,17.9,44.2
14.0,2019-01,35.0,67.0,19.25,8.0,63.75,Andhra Pradesh,Vizianagaram,39.0,,,,2236022.0,17.9,44.2
46.0,2013-01,30.0,44.5,14.0,6.5,54.0,Assam,Bongaigaon,2.2,,,,543242.0,5.6,46.7
46.0,2014-01,30.0,50.5,13.5,6.5,54.0,Assam,Bongaigaon,4.9,,,,543242.0,5.6,46.7
46.0,2015-01,30.0,45.5,13.5,7.0,54.0,Assam,Bongaigaon,3.2,,,,543242.0,5.6,46.7
46.0,2016-01,30.0,55.5,13.0,5.5,54.0,Assam,Bongaigaon,8.7,,,,543242.0,5.6,46.7
46.0,2017-01,30.0,59.0,12.5,4.5,54.0,Assam,Bongaigaon,4.0,,,,543242.0,5.6,46.7
46.0,2018-01,30.0,55.0,13.5,5.0,54.0,Assam,Bongaigaon,29.0,,,,543242.0,5.6,46.7
46.0,2019-01,30.0,44.0,12.0,4.0,54.0,Assam,Bongaigaon,22.0,,,,543242.0,5.6,46.7
53.0,2013-01,22.0,99.0,15.0,7.0,89.0,Assam,Dibrugarh,3.6,,,,1177131.0,18.7,58.8
53.0,2014-01,22.0,44.0,14.0,6.0,39.0,Assam,Dibrugarh,8.1,,,,1177131.0,18.7,58.8
53.0,2015-01,22.0,109.0,15.0,7.0,98.0,Assam,Dibrugarh,18.4,,,,1177131.0,18.7,58.8
53.0,2016-01,22.0,81.0,17.0,8.0,72.0,Assam,Dibrugarh,5.4,,,,1177131.0,18.7,58.8
53.0,2017-01,22.0,58.0,16.0,7.0,52.0,Assam,Dibrugarh,92.0,,,,1177131.0,18.7,58.8
53.0,2018-01,22.0,54.0,12.0,6.0,48.0,Assam,Dibrugarh,187.0,,,,1177131.0,18.7,58.8
53.0,2019-01,22.0,36.0,11.0,5.0,39.0,Assam,Dibrugarh,1355.0,,,,1177131.0,18.7,58.8
56.0,2013-01,18.0,101.0,16.0,7.0,90.0,Assam,Golaghat,6.3,,,,962964.0,10.2,58.9
56.0,2014-01,18.0,63.0,14.0,7.0,56.0,Assam,Golaghat,6.4,,,,962964.0,10.2,58.9
56.0,2015-01,18.0,124.0,14.0,7.0,111.0,Assam,Golaghat,7.8,,,,962964.0,10.2,58.9
56.0,2016-01,18.0,83.0,14.0,7.0,74.0,Assam,Golaghat,2.2,,,,962964.0,10.2,58.9
56.0,2017-01,18.0,56.0,14.0,6.0,50.0,Assam,Golaghat,51.0,,,,962964.0,10.2,58.9
56.0,2018-01,18.0,56.0,12.0,6.0,50.0,Assam,Golaghat,52.0,,,,962964.0,10.2,58.9
56.0,2019-01,18.0,45.0,12.0,6.0,40.0,Assam,Golaghat,55.0,,,,962964.0,10.2,58.9
65.0,2013-01,,121.0,16.0,7.0,500.0,Assam,Lakhimpur,3.6,,,,876190.0,7.4,56.7
65.0,2014-01,,66.0,14.0,6.0,500.0,Assam,Lakhimpur,7.3,,,,876190.0,7.4,56.7
65.0,2015-01,,78.0,14.0,6.0,500.0,Assam,Lakhimpur,11.5,,,,876190.0,7.4,56.7
65.0,2016-01,,84.0,16.0,8.0,500.0,Assam,Lakhimpur,19.8,,,,876190.0,7.4,56.7
65.0,2017-01,,62.0,17.0,7.0,500.0,Assam,Lakhimpur,266.0,,,,876190.0,7.4,56.7
68.0,2013-01,38.0,132.0,15.0,7.0,118.0,Assam,Nagaon,10.0,,,,1569838.0,9.3,49.2
68.0,2014-01,38.0,100.0,13.0,7.0,90.0,Assam,Nagaon,4.3,,,,1569838.0,9.3,49.2
68.0,2015-01,38.0,137.0,15.0,8.0,123.0,Assam,Nagaon,6.6,,,,1569838.0,9.3,49.2
68.0,2016-01,38.0,111.0,15.0,7.0,99.0,Assam,Nagaon,10.0,,,,1569838.0,9.3,49.2
68.0,2017-01,38.0,75.0,16.0,7.0,68.0,Assam,Nagaon,432.0,,,,1569838.0,9.3,49.2
68.0,2018-01,38.0,96.0,17.0,7.0,86.0,Assam,Nagaon,385.0,,,,1569838.0,9.3,49.2
68.0,2019-01,38.0,105.0,15.0,7.0,94.0,Assam,Nagaon,922.0,,,,1569838.0,9.3,49.2
69.0,2013-01,42.0,140.0,17.0,7.0,126.0,Assam,Nalbari,5.2,,,,684750.0,3.4,62.2
69.0,2014-01,42.0,76.0,15.0,7.0,75.0,Assam,Nalbari,8.2,,,,684750.0,3.4,62.2
69.0,2015-01,42.0,120.0,15.0,6.0,108.0,Assam,Nalbari,3.3,,,,684750.0,3.4,62.2
69.0,2016-01,42.0,108.0,17.0,7.0,97.0,Assam,Nalbari,7.6,,,,684750.0,3.4,62.2
69.0,2017-01,42.0,95.0,16.0,6.0,85.0,Assam,Nalbari,1941.0,,,,684750.0,3.4,62.2
69.0,2018-01,42.0,97.0,17.0,7.0,87.0,Assam,Nalbari,2321.0,,,,684750.0,3.4,62.2
69.0,2019-01,42.0,87.0,14.0,7.0,78.0,Assam,Nalbari,1672.0,,,,684750.0,3.4,62.2
70.0,2018-01,19.0,72.0,13.5,6.5,64.5,Assam,Sivasagar,264.0,,,,655495.0,11.3,69.2
70.0,2019-01,19.0,55.5,13.0,6.5,49.5,Assam,Sivasagar,147.0,,,,655495.0,11.3,69.2
73.0,2013-01,17.0,98.5,13.5,6.0,88.5,Assam,Tinsukia,9.5,,,,1150062.0,19.5,51.2
73.0,2014-01,17.0,57.0,13.0,6.0,51.0,Assam,Tinsukia,7.8,,,,1150062.0,19.5,51.2
73.0,2015-01,17.0,119.0,14.5,7.0,106.5,Assam,Tinsukia,5.4,,,,1150062.0,19.5,51.2
73.0,2016-01,17.0,80.0,16.67,7.67,71.67,Assam,Tinsukia,3.0,,,,1150062.0,19.5,51.2
73.0,2017-01,17.0,70.33,15.33,7.33,62.67,Assam,Tinsukia,188.0,,,,1150062.0,19.5,51.2
73.0,2018-01,17.0,56.0,12.33,6.0,50.0,Assam,Tinsukia,148.0,,,,1150062.0,19.5,51.2
73.0,2019-01,17.0,44.67,12.33,6.0,39.67,Assam,Tinsukia,135.0,,,,1150062.0,19.5,51.2
84.0,2017-01,92.0,72.0,19.0,11.0,165.0,Bihar,Darbhanga,11.0,,,,9204.0,0.0,25.1
84.0,2018-01,92.0,118.0,24.0,16.0,165.0,Bihar,Darbhanga,0.0,,,,9204.0,0.0,25.1
84.0,2019-01,92.0,123.0,24.0,15.0,165.0,Bihar,Darbhanga,1.0,,,,9204.0,0.0,25.1
85.0,2018-01,52.0,89.0,21.0,12.0,93.0,Bihar,Gaya,625.0,,,,3473428.0,13.7,40.5
85.0,2019-01,52.0,71.0,21.0,11.0,93.0,Bihar,Gaya,752.0,,,,3473428.0,13.7,40.5
98.0,2013-01,73.0,126.0,28.0,6.0,131.0,Bihar,Patna,0.0,,,,4660059.0,42.1,52.0
98.0,2014-01,73.0,178.0,32.0,6.5,169.0,Bihar,Patna,7.1,,,,4660059.0,42.1,52.0
98.0,2015-01,73.0,203.5,40.5,4.0,186.0,Bihar,Patna,8.1,,,,4660059.0,42.1,52.0
98.0,2016-01,73.0,211.5,32.0,4.5,190.0,Bihar,Patna,2.8,,,,4660059.0,42.1,52.0
98.0,2017-01,73.0,156.5,38.5,4.5,153.5,Bihar,Patna,144.0,,,,4660059.0,42.1,52.0
98.0,2018-01,73.0,207.5,51.0,5.0,192.0,Bihar,Patna,144.0,,,,4660059.0,42.1,52.0
98.0,2019-01,73.0,237.5,51.0,3.0,213.5,Bihar,Patna,94.0,,,,4660059.0,42.1,52.0
106.0,2013-01,123.0,101.6,28.2,2.0,221.0,Chandigarh,Chandigarh,3.9,,,,822067.0,98.4,72.2
106.0,2014-01,123.0,91.2,21.4,2.0,221.0,Chandigarh,Chandigarh,4.6,,,,822067.0,98.4,72.2
106.0,2015-01,123.0,85.6,25.6,2.0,221.0,Chandigarh,Chandigarh,4.0,,,,822067.0,98.4,72.2
106.0,2016-01,123.4,104.6,20.6,2.0,221.8,Chandigarh,Chandigarh,1.7,,,,822067.0,98.4,72.2
106.0,2017-01,63.8,108.8,16.2,2.0,114.4,Chandigarh,Chandigarh,4293.0,,,,822067.0,98.4,72.2
106.0,2018-01,49.8,100.33,16.25,2.0,92.53,Chandigarh,Chandigarh,5285.0,,,,822067.0,98.4,72.2
106.0,2019-01,63.2,96.6,18.6,2.0,113.48,Chandigarh,Chandigarh,4963.0,,,,822067.0,98.4,72.2
112.0,2014-01,40.0,150.0,16.0,2.0,135.0,Chhattisgarh,Bijapur,31.3,,,,234637.0,0.0,24.4
112.0,2015-01,40.0,99.0,16.0,2.0,89.0,Chhattisgarh,Bijapur,21.8,,,,234637.0,0.0,24.4
112.0,2016-01,40.0,93.0,12.0,2.0,83.0,Chhattisgarh,Bijapur,36.8,,,,234637.0,0.0,24.4
112.0,2017-01,39.0,94.0,14.0,2.0,84.0,Chhattisgarh,Bijapur,313.0,,,,234637.0,0.0,24.4
112.0,2018-01,31.0,76.0,14.0,2.0,68.0,Chhattisgarh,Bijapur,234.0,,,,234637.0,0.0,24.4
112.0,2019-01,31.0,93.0,17.0,2.0,83.0,Chhattisgarh,Bijapur,304.0,,,,234637.0,0.0,24.4
124.0,2013-01,21.0,77.0,19.33,12.67,68.5,Chhattisgarh,Korba,2.6,,,,1011823.0,36.3,51.2
124.0,2014-01,21.0,72.0,19.0,12.67,64.5,Chhattisgarh,Korba,8.3,,,,1011823.0,36.3,51.2
124.0,2015-01,21.0,66.0,18.0,11.5,59.0,Chhattisgarh,Korba,11.0,,,,1011823.0,36.3,51.2
124.0,2016-01,21.0,66.0,19.5,11.5,59.0,Chhattisgarh,Korba,14.1,,,,1011823.0,36.3,51.2
124.0,2017-01,21.0,58.0,19.5,11.5,51.5,Chhattisgarh,Korba,70.0,,,,1011823.0,36.3,51.2
124.0,2018-01,18.5,59.0,19.5,9.5,52.5,Chhattisgarh,Korba,119.0,,,,1011823.0,36.3,51.2
124.0,2019-01,29.67,58.33,18.67,8.0,54.56,Chhattisgarh,Korba,231.0,,,,1011823.0,36.3,51.2
129.0,2017-01,45.0,79.5,13.0,11.0,84.0,Chhattisgarh,Raigarh,63.0,,,,1264815.0,13.4,59.0
129.0,2018-01,28.5,61.5,13.0,11.0,59.0,Chhattisgarh,Raigarh,126.0,,,,1264815.0,13.4,59.0
129.0,2019-01,23.33,64.0,13.0,11.0,57.11,Chhattisgarh,Raigarh,275.0,,,,1264815.0,13.4,59.0
130.0,2013-01,35.0,305.0,41.0,15.0,274.0,Chhattisgarh,Raipur,5.3,,,,1521181.0,50.8,61.4
130.0,2014-01,35.0,329.0,41.0,16.0,296.0,Chhattisgarh,Raipur,1.3,,,,1521181.0,50.8,61.4
130.0,2015-01,35.0,188.5,36.0,13.0,169.5,Chhattisgarh,Raipur,5.6,,,,1521181.0,50.8,61.4
130.0,2016-01,35.0,148.0,31.0,11.5,133.0,Chhattisgarh,Raipur,4.1,,,,1521181.0,50.8,61.4
130.0,2017-01,35.0,79.7,27.0,12.33,82.33,Chhattisgarh,Raipur,32.0,,,,1521181.0,50.8,61.4
130.0,2018-01,35.0,65.0,20.5,13.5,63.5,Chhattisgarh,Raipur,100.0,,,,1521181.0,50.8,61.4
130.0,2019-01,35.0,68.5,29.5,16.0,64.5,Chhattisgarh,Raipur,45.0,,,,1521181.0,50.8,61.4
162.0,2013-01,32.0,90.0,19.0,12.0,81.0,Gujarat,Jamnagar,0.0,,,,1217189.0,49.0,60.7
162.0,2014-01,32.0,85.0,21.0,15.0,76.0,Gujarat,Jamnagar,2.2,,,,1217189.0,49.0,60.7
162.0,2015-01,29.0,84.0,20.0,13.0,75.0,Gujarat,Jamnagar,1.6,,,,1217189.0,49.0,60.7
162.0,2016-01,29.0,92.0,24.0,13.0,82.0,Gujarat,Jamnagar,2.7,,,,1217189.0,49.0,60.7
162.0,2017-01,36.0,104.0,23.0,16.0,93.0,Gujarat,Jamnagar,380.0,,,,1217189.0,49.0,60.7
162.0,2018-01,44.0,137.0,21.0,17.0,123.0,Gujarat,Jamnagar,234.0,,,,1217189.0,49.0,60.7
162.0,2019-01,34.0,123.0,25.0,19.0,110.0,Gujarat,Jamnagar,114.0,,,,1217189.0,49.0,60.7
174.0,2013-01,28.0,87.0,16.5,11.33,77.5,Gujarat,Rajkot,5.4,,,,2513269.0,56.0,65.3
174.0,2014-01,30.0,82.0,18.5,13.0,73.5,Gujarat,Rajkot,4.0,,,,2513269.0,56.0,65.3
174.0,2015-01,30.5,83.5,19.5,13.0,75.0,Gujarat,Rajkot,6.4,,,,2513269.0,56.0,65.3
174.0,2016-01,32.0,92.5,20.5,13.5,83.0,Gujarat,Rajkot,4.1,,,,2513269.0,56.0,65.3
174.0,2017-01,36.5,106.5,22.0,16.0,95.5,Gujarat,Rajkot,933.0,,,,2513269.0,56.0,65.3
174.0,2018-01,64.0,202.5,23.5,19.0,182.0,Gujarat,Rajkot,489.0,,,,2513269.0,56.0,65.3
174.0,2019-01,35.0,126.5,25.5,20.0,113.5,Gujarat,Rajkot,812.0,,,,2513269.0,56.0,65.3
176.0,2013-01,31.0,87.67,19.33,12.67,78.33,Gujarat,Surat,4.5,,,,4112197.0,69.1,66.6
176.0,2014-01,30.67,89.33,19.67,14.67,79.67,Gujarat,Surat,0.0,,,,4112197.0,69.1,66.6
176.0,2015-01,30.33,88.33,20.33,13.67,79.0,Gujarat,Surat,2.6,,,,4112197.0,69.1,66.6
176.0,2016-01,31.33,92.0,22.33,13.33,82.33,Gujarat,Surat,3.0,,,,4112197.0,69.1,66.6
176.0,2017-01,35.33,106.33,25.67,16.67,95.33,Gujarat,Surat,29.0,,,,4112197.0,69.1,66.6
176.0,2018-01,56.33,176.33,29.0,22.33,162.78,Gujarat,Surat,22.0,,,,4112197.0,69.1,66.6
176.0,2019-01,40.0,127.67,27.0,23.67,114.33,Gujarat,Surat,6.0,,,,4112197.0,69.1,66.6
184.0,2013-01,98.0,196.5,27.0,13.0,179.5,Haryana,Faridabad,7.1,,,,1365465.0,77.8,64.2
184.0,2014-01,98.0,199.0,25.5,14.0,182.0,Haryana,Faridabad,4.6,,,,1365465.0,77.8,64.2
184.0,2015-01,98.0,105.0,74.0,15.5,176.0,Haryana,Faridabad,3.9,,,,1365465.0,77.8,64.2
204.0,2013-01,20.0,115.0,22.0,5.0,103.0,Himachal Pradesh,Bilaspur,5.9,,,,340885.0,6.4,68.0
204.0,2014-01,20.0,101.0,21.0,5.0,90.0,Himachal Pradesh,Bilaspur,2.0,,,,340885.0,6.4,68.0
204.0,2015-01,20.0,99.0,22.0,6.0,89.0,Himachal Pradesh,Bilaspur,2.0,,,,340885.0,6.4,68.0
204.0,2016-01,20.0,77.5,21.0,5.0,69.5,Himachal Pradesh,Bilaspur,4.3,,,,340885.0,6.4,68.0
204.0,2017-01,20.0,75.0,19.0,6.0,67.0,Himachal Pradesh,Bilaspur,31.0,,,,340885.0,6.4,68.0
204.0,2018-01,20.0,61.5,12.0,7.5,54.5,Himachal Pradesh,Bilaspur,31.0,,,,340885.0,6.4,68.0
204.0,2019-01,27.0,47.0,12.0,6.0,48.0,Himachal Pradesh,Bilaspur,24.0,,,,340885.0,6.4,68.0
212.0,2013-01,33.0,47.0,10.5,2.0,59.0,Himachal Pradesh,Shimla,3.8,,,,722502.0,23.1,69.8
212.0,2014-01,33.0,48.0,11.0,2.0,59.0,Himachal Pradesh,Shimla,6.3,,,,722502.0,23.1,69.8
212.0,2015-01,33.0,55.0,13.0,4.0,60.5,Himachal Pradesh,Shimla,12.0,,,,722502.0,23.1,69.8
212.0,2016-01,33.0,53.5,17.5,4.5,59.0,Himachal Pradesh,Shimla,3.8,,,,722502.0,23.1,69.8
212.0,2017-01,33.0,50.0,19.5,4.0,59.0,Himachal Pradesh,Shimla,1302.0,,,,722502.0,23.1,69.8
212.0,2018-01,33.0,60.0,26.0,4.0,59.0,Himachal Pradesh,Shimla,2084.0,,,,722502.0,23.1,69.8
212.0,2019-01,26.0,59.0,26.0,2.0,53.0,Himachal Pradesh,Shimla,833.0,,,,722502.0,23.1,69.8
215.0,2013-01,19.0,93.0,6.5,2.0,83.5,Himachal Pradesh,Una,0.0,,,,448273.0,8.8,69.7
215.0,2014-01,19.0,77.0,5.5,2.0,69.0,Himachal Pradesh,Una,7.2,,,,448273.0,8.8,69.7
215.0,2015-01,19.0,80.5,6.0,2.0,72.0,Himachal Pradesh,Una,3.8,,,,448273.0,8.8,69.7
215.0,2016-01,19.0,69.5,5.0,2.0,62.0,Himachal Pradesh,Una,6.1,,,,448273.0,8.8,69.7
215.0,2017-01,19.0,66.0,5.0,2.0,58.5,Himachal Pradesh,Una,28.0,,,,448273.0,8.8,69.7
215.0,2018-01,19.0,67.0,5.0,2.0,60.0,Himachal Pradesh,Una,61.0,,,,448273.0,8.8,69.7
215.0,2019-01,19.0,61.0,5.0,2.0,54.5,Himachal Pradesh,Una,71.0,,,,448273.0,8.8,69.7
222.0,2013-01,44.0,118.0,7.17,4.5,105.67,Jammu And Kashmir,Jammu,5.3,,,,1349079.0,47.1,68.0
222.0,2014-01,44.0,123.0,6.5,2.67,110.33,Jammu And Kashmir,Jammu,33.3,,,,1349079.0,47.1,68.0
222.0,2015-01,44.0,125.33,8.33,1.67,112.33,Jammu And Kashmir,Jammu,0.0,,,,1349079.0,47.1,68.0
222.0,2016-01,44.0,131.0,8.5,1.67,117.33,Jammu And Kashmir,Jammu,0.0,,,,1349079.0,47.1,68.0
222.0,2017-01,44.0,148.67,9.0,2.0,133.33,Jammu And Kashmir,Jammu,1056.0,,,,1349079.0,47.1,68.0
222.0,2018-01,44.67,164.33,9.33,2.0,147.67,Jammu And Kashmir,Jammu,2060.0,,,,1349079.0,47.1,68.0
222.0,2019-01,37.0,138.33,8.5,1.5,124.33,Jammu And Kashmir,Jammu,1508.0,,,,1349079.0,47.1,68.0
228.0,2018-01,,104.0,,,500.0,Jammu And Kashmir,Pulwama,56.0,,,,441275.0,12.7,45.6
228.0,2019-01,,120.0,,,500.0,Jammu And Kashmir,Pulwama,256.0,,,,441275.0,12.7,45.6
234.0,2018-01,,153.0,,,500.0,Jammu And Kashmir,Srinagar,44.0,,,,50895.0,37.2,54.0
234.0,2019-01,,132.33,,,500.0,Jammu And Kashmir,Srinagar,108.0,,,,50895.0,37.2,54.0
240.0,2013-01,68.0,157.0,39.67,16.5,147.33,Jharkhand,Dhanbad,0.0,,,,1677514.0,35.1,54.2
240.0,2014-01,68.0,166.33,36.33,13.67,161.67,Jharkhand,Dhanbad,0.0,,,,1677514.0,35.1,54.2
240.0,2015-01,68.0,168.0,37.33,12.33,169.33,Jharkhand,Dhanbad,0.0,,,,1677514.0,35.1,54.2
240.0,2016-01,68.0,226.33,37.0,14.67,203.33,Jharkhand,Dhanbad,0.0,,,,1677514.0,35.1,54.2
240.0,2017-01,68.0,238.0,37.33,14.67,213.67,Jharkhand,Dhanbad,0.0,,,,1677514.0,35.1,54.2
240.0,2018-01,68.0,263.67,36.67,14.0,237.0,Jharkhand,Dhanbad,0.0,,,,1677514.0,35.1,54.2
240.0,2019-01,68.0,236.67,34.67,13.33,212.33,Jharkhand,Dhanbad,0.0,,,,1677514.0,35.1,54.2
256.0,2013-01,105.0,177.0,36.0,19.0,189.0,Jharkhand,Ranchi,3.2,,,,2350245.0,40.4,56.1
256.0,2014-01,105.0,197.0,34.0,18.0,189.0,Jharkhand,Ranchi,8.2,,,,2350245.0,40.4,56.1
256.0,2015-01,105.0,220.0,36.0,19.0,198.0,Jharkhand,Ranchi,1.0,,,,2350245.0,40.4,56.1
256.0,2016-01,105.0,196.0,37.0,20.0,189.0,Jharkhand,Ranchi,0.0,,,,2350245.0,40.4,56.1
256.0,2017-01,105.0,142.0,37.0,19.0,189.0,Jharkhand,Ranchi,94.0,,,,2350245.0,40.4,56.1
256.0,2018-01,105.0,122.0,36.0,18.0,189.0,Jharkhand,Ranchi,4.0,,,,2350245.0,40.4,56.1
256.0,2019-01,105.0,109.0,37.0,18.0,189.0,Jharkhand,Ranchi,6.0,,,,2350245.0,40.4,56.1
258.0,2015-01,,142.0,45.0,36.0,500.0,Jharkhand,Saraikela Kharsawan,0.0,,,,838283.0,17.8,45.5
258.0,2016-01,,143.0,47.0,37.0,500.0,Jharkhand,Saraikela Kharsawan,3.4,,,,838283.0,17.8,45.5
258.0,2017-01,,131.0,44.0,35.0,500.0,Jharkhand,Saraikela Kharsawan,24.0,,,,838283.0,17.8,45.5
261.0,2015-01,,111.0,23.0,18.0,500.0,Jharkhand,West Singhbhum,1.0,,,,1229994.0,15.2,37.9
261.0,2016-01,,93.0,22.0,16.0,500.0,Jharkhand,West Singhbhum,2.7,,,,1229994.0,15.2,37.9
261.0,2017-01,,77.0,22.0,17.0,500.0,Jharkhand,West Singhbhum,6.0,,,,1229994.0,15.2,37.9
262.0,2016-01,24.0,59.0,11.0,2.0,53.0,Karnataka,Bagalkote,0.0,,,,1651892.0,29.0,48.1
262.0,2017-01,37.0,54.0,14.0,2.0,66.0,Karnataka,Bagalkote,22.0,,,,1651892.0,29.0,48.1
262.0,2018-01,35.0,65.0,13.0,2.0,63.0,Karnataka,Bagalkote,55.0,,,,1651892.0,29.0,48.1
262.0,2019-01,29.0,45.0,17.0,2.0,52.0,Karnataka,Bagalkote,110.0,,,,1651892.0,29.0,48.1
267.0,2013-01,41.0,67.0,13.0,6.0,73.0,Karnataka,Bidar,1.6,,,,1502373.0,23.0,51.1
267.0,2014-01,41.0,62.0,14.0,6.0,73.0,Karnataka,Bidar,0.6,,,,1502373.0,23.0,51.1
267.0,2015-01,41.0,59.0,13.0,6.0,73.0,Karnataka,Bidar,0.4,,,,1502373.0,23.0,51.1
267.0,2017-01,41.0,127.0,13.0,6.0,114.0,Karnataka,Bidar,434.0,,,,1502373.0,23.0,51.1
267.0,2018-01,41.0,82.0,14.0,2.0,73.0,Karnataka,Bidar,1297.0,,,,1502373.0,23.0,51.1
267.0,2019-01,39.0,71.0,9.0,2.0,70.0,Karnataka,Bidar,712.0,,,,1502373.0,23.0,51.1
271.0,2013-01,20.0,29.0,6.0,3.0,36.0,Karnataka,Chitradurga,7.3,,,,1517896.0,18.1,56.0
271.0,2014-01,20.0,38.0,5.0,3.0,36.0,Karnataka,Chitradurga,4.6,,,,1517896.0,18.1,56.0
271.0,2015-01,20.0,47.0,5.0,3.0,42.0,Karnataka,Chitradurga,3.6,,,,1517896.0,18.1,56.0
271.0,2016-01,20.0,41.0,20.0,3.0,36.0,Karnataka,Chitradurga,4.1,,,,1517896.0,18.1,56.0
271.0,2017-01,20.0,46.0,6.0,3.0,41.0,Karnataka,Chitradurga,547.0,,,,1517896.0,18.1,56.0
271.0,2018-01,20.0,53.0,6.0,4.0,47.0,Karnataka,Chitradurga,393.0,,,,1517896.0,18.1,56.0
271.0,2019-01,20.0,52.0,6.0,6.0,46.0,Karnataka,Chitradurga,1485.0,,,,1517896.0,18.1,56.0
274.0,2013-01,,,,6.0,500.0,Karnataka,Dharwad,1.8,,,,1604253.0,55.0,61.9
274.0,2017-01,,,,5.0,500.0,Karnataka,Dharwad,123.0,,,,1604253.0,55.0,61.9
276.0,2013-01,29.0,26.0,18.0,5.0,52.0,Karnataka,Hassan,16.0,,,,1717131.0,17.7,60.6
276.0,2014-01,29.0,25.0,19.0,6.0,52.0,Karnataka,Hassan,14.1,,,,1717131.0,17.7,60.6
276.0,2015-01,29.0,25.0,19.0,6.0,52.0,Karnataka,Hassan,8.3,,,,1717131.0,17.7,60.6
276.0,2016-01,29.0,26.0,19.0,6.0,52.0,Karnataka,Hassan,9.7,,,,1717131.0,17.7,60.6
276.0,2017-01,29.0,31.0,19.0,5.0,52.0,Karnataka,Hassan,449.0,,,,1717131.0,17.7,60.6
276.0,2018-01,27.0,33.0,19.0,4.0,48.0,Karnataka,Hassan,831.0,,,,1717131.0,17.7,60.6
276.0,2019-01,25.0,37.0,20.0,3.0,45.0,Karnataka,Hassan,6929.0,,,,1717131.0,17.7,60.6
280.0,2013-01,33.0,47.0,14.0,6.0,59.0,Karnataka,Kolar,18.3,,,,1387062.0,29.2,57.0
280.0,2014-01,33.0,67.0,12.0,6.0,60.0,Karnataka,Kolar,8.3,,,,1387062.0,29.2,57.0
280.0,2015-01,33.0,75.0,15.0,6.0,67.0,Karnataka,Kolar,7.2,,,,1387062.0,29.2,57.0
280.0,2016-01,33.0,62.0,26.0,2.0,59.0,Karnataka,Kolar,5.7,,,,1387062.0,29.2,57.0
280.0,2017-01,42.0,68.0,32.0,2.0,75.0,Karnataka,Kolar,1144.0,,,,1387062.0,29.2,57.0
280.0,2018-01,38.0,81.0,30.0,2.0,72.0,Karnataka,Kolar,1394.0,,,,1387062.0,29.2,57.0
280.0,2019-01,28.0,109.0,27.0,2.0,98.0,Karnataka,Kolar,1163.0,,,,1387062.0,29.2,57.0
282.0,2013-01,25.0,43.0,23.0,11.0,45.0,Karnataka,Mandya,6.7,,,,1755212.0,15.6,53.9
282.0,2014-01,25.0,43.0,22.0,11.0,45.0,Karnataka,Mandya,7.5,,,,1755212.0,15.6,53.9
282.0,2015-01,25.0,42.0,22.0,10.0,45.0,Karnataka,Mandya,3.2,,,,1755212.0,15.6,53.9
282.0,2016-01,25.0,20.0,20.0,3.0,45.0,Karnataka,Mandya,4.9,,,,1755212.0,15.6,53.9
282.0,2017-01,25.0,45.0,16.0,2.0,45.0,Karnataka,Mandya,219.0,,,,1755212.0,15.6,53.9
282.0,2018-01,25.0,44.0,12.0,2.0,45.0,Karnataka,Mandya,253.0,,,,1755212.0,15.6,53.9
282.0,2019-01,25.0,43.0,14.0,2.0,45.0,Karnataka,Mandya,389.0,,,,1755212.0,15.6,53.9
284.0,2013-01,39.0,79.0,13.0,9.0,71.0,Karnataka,Raichur,5.8,,,,1669762.0,25.2,40.5
284.0,2014-01,39.0,112.0,13.0,9.0,100.0,Karnataka,Raichur,7.2,,,,1669762.0,25.2,40.5
284.0,2015-01,39.0,92.0,10.0,6.0,82.0,Karnataka,Raichur,7.8,,,,1669762.0,25.2,40.5
284.0,2016-01,39.0,83.0,14.0,5.0,74.0,Karnataka,Raichur,6.0,,,,1669762.0,25.2,40.5
284.0,2017-01,39.0,92.0,12.0,3.0,82.0,Karnataka,Raichur,1157.0,,,,1669762.0,25.2,40.5
284.0,2018-01,33.0,90.0,12.0,2.0,81.0,Karnataka,Raichur,1280.0,,,,1669762.0,25.2,40.5
284.0,2019-01,14.0,74.0,11.0,2.0,66.0,Karnataka,Raichur,1920.0,,,,1669762.0,25.2,40.5
293.0,2013-01,,47.5,5.0,2.0,500.0,Kerala,Alappuzha,1.6,,,,2072313.0,30.0,83.4
293.0,2014-01,,77.0,4.0,5.0,500.0,Kerala,Alappuzha,0.8,,,,2072313.0,30.0,83.4
293.0,2015-01,,45.0,5.0,2.0,500.0,Kerala,Alappuzha,0.0,,,,2072313.0,30.0,83.4
293.0,2016-01,,42.5,5.0,2.0,500.0,Kerala,Alappuzha,0.0,,,,2072313.0,30.0,83.4
293.0,2017-01,,57.5,5.0,2.2,500.0,Kerala,Alappuzha,429.0,,,,2072313.0,30.0,83.4
293.0,2018-01,,50.0,5.0,2.0,500.0,Kerala,Alappuzha,1064.0,,,,2072313.0,30.0,83.4
293.0,2019-01,,56.0,5.0,2.0,500.0,Kerala,Alappuzha,1160.0,,,,2072313.0,30.0,83.4
298.0,2013-01,38.0,36.0,11.5,4.0,68.0,Kerala,Kollam,4.0,,,,2585208.0,18.0,80.9
298.0,2014-01,38.0,35.0,10.5,4.5,68.0,Kerala,Kollam,11.1,,,,2585208.0,18.0,80.9
298.0,2015-01,38.0,46.5,10.0,5.0,68.0,Kerala,Kollam,25.0,,,,2585208.0,18.0,80.9
298.0,2016-01,38.0,45.5,7.5,4.0,68.0,Kerala,Kollam,15.4,,,,2585208.0,18.0,80.9
298.0,2017-01,38.0,43.0,6.0,2.5,68.0,Kerala,Kollam,256.0,,,,2585208.0,18.0,80.9
298.0,2018-01,38.0,47.0,5.5,2.5,68.0,Kerala,Kollam,399.0,,,,2585208.0,18.0,80.9
298.0,2019-01,38.0,45.5,6.0,2.5,68.0,Kerala,Kollam,410.0,,,,2585208.0,18.0,80.9
299.0,2013-01,,70.5,18.5,7.0,500.0,Kerala,Kottayam,33.3,,,,1953646.0,15.3,85.4
299.0,2014-01,,61.0,21.5,6.0,500.0,Kerala,Kottayam,0.0,,,,1953646.0,15.3,85.4
299.0,2015-01,,60.0,21.0,5.0,500.0,Kerala,Kottayam,0.0,,,,1953646.0,15.3,85.4
299.0,2016-01,,54.0,17.0,4.5,500.0,Kerala,Kottayam,6.45,,,,1953646.0,15.3,85.4
299.0,2017-01,,50.0,14.5,4.5,500.0,Kerala,Kottayam,290.0,,,,1953646.0,15.3,85.4
299.0,2018-01,,44.5,13.5,3.0,500.0,Kerala,Kottayam,626.0,,,,1953646.0,15.3,85.4
299.0,2019-01,,35.5,12.5,2.5,500.0,Kerala,Kottayam,730.0,,,,1953646.0,15.3,85.4
300.0,2013-01,7.0,47.5,17.0,2.0,42.5,Kerala,Kozhikode,3.7,,,,2879131.0,38.2,81.1
300.0,2014-01,7.0,45.5,19.0,2.0,40.5,Kerala,Kozhikode,8.1,,,,2879131.0,38.2,81.1
300.0,2015-01,7.0,48.5,21.0,2.0,43.0,Kerala,Kozhikode,4.8,,,,2879131.0,38.2,81.1
300.0,2016-01,7.0,51.0,18.0,2.0,45.0,Kerala,Kozhikode,25.0,,,,2879131.0,38.2,81.1
300.0,2017-01,7.0,47.0,17.5,2.0,42.0,Kerala,Kozhikode,102.0,,,,2879131.0,38.2,81.1
300.0,2018-01,6.5,54.5,9.5,2.0,48.5,Kerala,Kozhikode,70.0,,,,2879131.0,38.2,81.1
300.0,2019-01,13.5,44.0,5.0,2.0,39.0,Kerala,Kozhikode,64.0,,,,2879131.0,38.2,81.1
302.0,2013-01,22.0,39.0,5.0,3.0,39.0,Kerala,Palakkad,9.3,,,,2617482.0,13.6,74.1
302.0,2014-01,22.0,39.0,6.0,4.0,39.0,Kerala,Palakkad,3.7,,,,2617482.0,13.6,74.1
302.0,2015-01,22.0,47.0,8.0,2.0,42.0,Kerala,Palakkad,0.0,,,,2617482.0,13.6,74.1
302.0,2016-01,22.0,41.0,9.0,2.0,39.0,Kerala,Palakkad,0.0,,,,2617482.0,13.6,74.1
302.0,2017-01,22.0,44.0,9.0,2.0,39.0,Kerala,Palakkad,547.0,,,,2617482.0,13.6,74.1
302.0,2018-01,22.0,44.0,9.0,2.0,39.0,Kerala,Palakkad,562.0,,,,2617482.0,13.6,74.1
302.0,2019-01,22.0,51.0,7.0,2.0,45.0,Kerala,Palakkad,840.0,,,,2617482.0,13.6,74.1
303.0,2013-01,,24.0,14.0,2.0,500.0,Kerala,Pathanamthitta,0.0,,,,1234016.0,10.0,85.1
303.0,2014-01,,22.0,12.0,2.0,500.0,Kerala,Pathanamthitta,0.0,,,,1234016.0,10.0,85.1
303.0,2015-01,,25.0,14.0,2.0,500.0,Kerala,Pathanamthitta,0.0,,,,1234016.0,10.0,85.1
303.0,2016-01,,26.0,15.0,2.0,500.0,Kerala,Pathanamthitta,0.0,,,,1234016.0,10.0,85.1
303.0,2017-01,,28.0,16.0,2.0,500.0,Kerala,Pathanamthitta,372.0,,,,1234016.0,10.0,85.1
303.0,2018-01,,31.0,15.0,2.0,500.0,Kerala,Pathanamthitta,720.0,,,,1234016.0,10.0,85.1
303.0,2019-01,,34.0,17.0,2.0,500.0,Kerala,Pathanamthitta,1349.0,,,,1234016.0,10.0,85.1
304.0,2013-01,23.0,51.0,22.5,8.25,45.0,Kerala,Thiruvananthapuram,0.0,,,,3234356.0,33.8,79.1
304.0,2014-01,23.0,51.25,22.5,9.25,45.5,Kerala,Thiruvananthapuram,0.0,,,,3234356.0,33.8,79.1
304.0,2015-01,23.0,54.75,25.5,10.25,48.75,Kerala,Thiruvananthapuram,0.0,,,,3234356.0,33.8,79.1
304.0,2016-01,23.0,52.75,25.5,10.5,46.75,Kerala,Thiruvananthapuram,33.3,,,,3234356.0,33.8,79.1
304.0,2017-01,23.0,54.0,25.0,11.0,48.0,Kerala,Thiruvananthapuram,603.0,,,,3234356.0,33.8,79.1
304.0,2018-01,23.0,49.0,23.5,9.25,44.25,Kerala,Thiruvananthapuram,2159.0,,,,3234356.0,33.8,79.1
304.0,2019-01,23.0,42.5,25.0,9.0,41.0,Kerala,Thiruvananthapuram,2841.0,,,,3234356.0,33.8,79.1
306.0,2013-01,14.0,42.0,5.0,4.5,37.0,Kerala,Wayanad,4.3,,,,780619.0,3.8,73.9
306.0,2014-01,14.0,36.0,5.0,2.0,32.0,Kerala,Wayanad,7.1,,,,780619.0,3.8,73.9
306.0,2015-01,14.0,37.0,5.0,2.0,33.0,Kerala,Wayanad,0.0,,,,780619.0,3.8,73.9
306.0,2016-01,14.0,39.0,5.0,2.0,35.0,Kerala,Wayanad,0.0,,,,780619.0,3.8,73.9
306.0,2017-01,14.0,43.0,5.0,2.0,38.0,Kerala,Wayanad,36.0,,,,780619.0,3.8,73.9
306.0,2018-01,14.0,34.0,5.0,2.0,30.0,Kerala,Wayanad,413.0,,,,780619.0,3.8,73.9
306.0,2019-01,14.0,27.0,5.0,2.0,25.0,Kerala,Wayanad,498.0,,,,780619.0,3.8,73.9
318.0,2013-01,74.0,222.33,26.67,7.33,201.0,Madhya Pradesh,Bhopal,3.4,,,,1837603.0,80.7,62.9
318.0,2014-01,62.5,159.33,21.33,2.0,144.67,Madhya Pradesh,Bhopal,3.2,,,,1837603.0,80.7,62.9
318.0,2015-01,105.33,157.8,22.4,3.2,210.27,Madhya Pradesh,Bhopal,4.5,,,,1837603.0,80.7,62.9
318.0,2016-01,26.57,88.71,14.71,2.57,80.33,Madhya Pradesh,Bhopal,4.8,,,,1837603.0,80.7,62.9
318.0,2017-01,41.5,92.71,14.71,5.0,86.98,Madhya Pradesh,Bhopal,2843.0,,,,1837603.0,80.7,62.9
318.0,2018-01,58.57,134.57,13.71,6.71,128.84,Madhya Pradesh,Bhopal,3259.0,,,,1837603.0,80.7,62.9
318.0,2019-01,48.0,160.75,16.75,8.0,144.25,Madhya Pradesh,Bhopal,3065.0,,,,1837603.0,80.7,62.9
321.0,2015-01,47.0,85.0,31.0,7.5,84.0,Madhya Pradesh,Chhindwara,3.3,,,,1835653.0,23.6,55.1
321.0,2016-01,52.0,80.0,31.0,8.5,93.0,Madhya Pradesh,Chhindwara,8.0,,,,1835653.0,23.6,55.1
321.0,2017-01,41.0,65.0,17.5,8.33,73.5,Madhya Pradesh,Chhindwara,360.0,,,,1835653.0,23.6,55.1
321.0,2018-01,48.0,82.5,14.5,3.5,86.0,Madhya Pradesh,Chhindwara,347.0,,,,1835653.0,23.6,55.1
321.0,2019-01,35.5,78.0,14.0,3.0,69.75,Madhya Pradesh,Chhindwara,781.0,,,,1835653.0,23.6,55.1
324.0,2013-01,49.0,101.33,21.0,16.0,90.67,Madhya Pradesh,Dewas,10.1,,,,1307849.0,27.4,50.2
324.0,2014-01,49.0,93.33,21.0,15.0,88.0,Madhya Pradesh,Dewas,7.1,,,,1307849.0,27.4,50.2
324.0,2015-01,49.0,90.0,21.0,15.0,88.0,Madhya Pradesh,Dewas,9.3,,,,1307849.0,27.4,50.2
324.0,2016-01,49.0,89.33,21.67,16.33,88.0,Madhya Pradesh,Dewas,6.9,,,,1307849.0,27.4,50.2
324.0,2017-01,49.0,74.67,19.33,14.0,88.0,Madhya Pradesh,Dewas,175.0,,,,1307849.0,27.4,50.2
324.0,2018-01,48.67,68.0,20.33,15.67,87.0,Madhya Pradesh,Dewas,291.0,,,,1307849.0,27.4,50.2
324.0,2019-01,46.0,79.0,26.0,19.33,82.33,Madhya Pradesh,Dewas,250.0,,,,1307849.0,27.4,50.2
329.0,2013-01,68.0,196.5,27.0,12.0,176.5,Madhya Pradesh,Gwalior,1.5,,,,1632109.0,60.2,58.5
329.0,2014-01,68.0,144.0,16.5,11.0,132.0,Madhya Pradesh,Gwalior,1.3,,,,1632109.0,60.2,58.5
329.0,2015-01,77.0,125.0,13.5,10.5,138.0,Madhya Pradesh,Gwalior,2.3,,,,1632109.0,60.2,58.5
329.0,2016-01,52.0,96.0,14.0,10.0,94.75,Madhya Pradesh,Gwalior,1.1,,,,1632109.0,60.2,58.5
329.0,2017-01,47.5,110.0,17.0,10.67,100.25,Madhya Pradesh,Gwalior,1212.0,,,,1632109.0,60.2,58.5
329.0,2018-01,55.33,134.0,20.5,12.5,120.17,Madhya Pradesh,Gwalior,2085.0,,,,1632109.0,60.2,58.5
329.0,2019-01,57.5,139.0,23.5,12.5,124.5,Madhya Pradesh,Gwalior,2234.0,,,,1632109.0,60.2,58.5
332.0,2013-01,55.0,154.33,19.0,11.0,138.67,Madhya Pradesh,Indore,0.0,,,,2455179.0,70.5,64.0
332.0,2014-01,55.0,143.33,20.0,11.0,128.67,Madhya Pradesh,Indore,0.0,,,,2455179.0,70.5,64.0
332.0,2015-01,55.0,97.0,20.0,11.0,99.0,Madhya Pradesh,Indore,0.8,,,,2455179.0,70.5,64.0
332.0,2016-01,53.33,95.33,20.0,11.0,96.0,Madhya Pradesh,Indore,1.3,,,,2455179.0,70.5,64.0
332.0,2017-01,43.67,80.0,21.0,11.0,78.0,Madhya Pradesh,Indore,132.0,,,,2455179.0,70.5,64.0
332.0,2018-01,20.75,88.33,19.0,10.0,79.0,Madhya Pradesh,Indore,468.0,,,,2455179.0,70.5,64.0
332.0,2019-01,37.33,77.0,17.67,9.0,69.44,Madhya Pradesh,Indore,1657.0,,,,2455179.0,70.5,64.0
333.0,2013-01,47.0,69.0,23.0,19.5,84.0,Madhya Pradesh,Jabalpur,2.5,,,,2128575.0,57.1,64.9
333.0,2014-01,47.0,73.0,23.0,2.0,84.0,Madhya Pradesh,Jabalpur,1.4,,,,2128575.0,57.1,64.9
333.0,2015-01,40.0,90.5,28.5,9.0,86.5,Madhya Pradesh,Jabalpur,1.0,,,,2128575.0,57.1,64.9
333.0,2016-01,31.5,71.0,23.0,10.5,65.75,Madhya Pradesh,Jabalpur,1.8,,,,2128575.0,57.1,64.9
333.0,2017-01,22.5,78.0,21.0,10.67,69.67,Madhya Pradesh,Jabalpur,555.0,,,,2128575.0,57.1,64.9
333.0,2018-01,21.25,119.0,17.0,7.5,106.5,Madhya Pradesh,Jabalpur,474.0,,,,2128575.0,57.1,64.9
333.0,2019-01,19.0,84.0,16.5,7.5,75.0,Madhya Pradesh,Jabalpur,391.0,,,,2128575.0,57.1,64.9
335.0,2016-01,43.5,68.5,26.0,12.0,78.0,Madhya Pradesh,Katni,11.9,,,,1061678.0,21.2,52.2
335.0,2017-01,41.0,75.0,26.0,12.0,74.75,Madhya Pradesh,Katni,810.0,,,,1061678.0,21.2,52.2
335.0,2018-01,18.5,90.5,28.0,12.0,81.0,Madhya Pradesh,Katni,1155.0,,,,1061678.0,21.2,52.2
335.0,2019-01,18.5,98.0,28.0,10.5,88.0,Madhya Pradesh,Katni,938.0,,,,1061678.0,21.2,52.2
348.0,2013-01,40.0,156.0,14.0,9.5,140.0,Madhya Pradesh,Sagar,4.4,,,,2009807.0,28.8,55.3
348.0,2014-01,40.0,161.0,15.0,2.0,144.0,Madhya Pradesh,Sagar,0.9,,,,2009807.0,28.8,55.3
348.0,2015-01,40.0,103.0,14.0,2.0,92.0,Madhya Pradesh,Sagar,6.1,,,,2009807.0,28.8,55.3
348.0,2016-01,29.5,78.5,12.0,2.0,70.5,Madhya Pradesh,Sagar,6.9,,,,2009807.0,28.8,55.3
348.0,2017-01,25.0,69.5,12.0,2.0,62.5,Madhya Pradesh,Sagar,380.0,,,,2009807.0,28.8,55.3
348.0,2018-01,15.0,75.5,14.0,3.0,67.5,Madhya Pradesh,Sagar,520.0,,,,2009807.0,28.8,55.3
348.0,2019-01,19.0,72.0,13.5,3.5,64.5,Madhya Pradesh,Sagar,1181.0,,,,2009807.0,28.8,55.3
349.0,2014-01,27.0,163.0,6.5,3.0,146.5,Madhya Pradesh,Satna,5.3,,,,1873677.0,21.0,52.7
349.0,2015-01,27.0,125.0,6.5,3.0,112.0,Madhya Pradesh,Satna,5.4,,,,1873677.0,21.0,52.7
349.0,2016-01,31.5,76.33,6.5,3.0,69.17,Madhya Pradesh,Satna,3.6,,,,1873677.0,21.0,52.7
349.0,2017-01,31.0,89.67,7.0,10.33,80.33,Madhya Pradesh,Satna,929.0,,,,1873677.0,21.0,52.7
349.0,2018-01,24.0,105.0,8.0,3.5,94.0,Madhya Pradesh,Satna,1783.0,,,,1873677.0,21.0,52.7
349.0,2019-01,28.0,123.5,10.5,3.5,111.0,Madhya Pradesh,Satna,2669.0,,,,1873677.0,21.0,52.7
357.0,2015-01,43.0,89.67,18.0,13.0,81.44,Madhya Pradesh,Singrauli,3.2,,,,920169.0,20.9,38.7
357.0,2016-01,42.33,89.5,24.0,18.0,83.67,Madhya Pradesh,Singrauli,0.0,,,,920169.0,20.9,38.7
357.0,2017-01,50.33,102.0,31.0,21.0,95.11,Madhya Pradesh,Singrauli,203.0,,,,920169.0,20.9,38.7
357.0,2018-01,26.17,111.67,30.33,23.0,100.0,Madhya Pradesh,Singrauli,884.0,,,,920169.0,20.9,38.7
357.0,2019-01,66.67,191.67,48.33,30.67,172.33,Madhya Pradesh,Singrauli,1157.0,,,,920169.0,20.9,38.7
359.0,2013-01,47.0,79.33,13.67,11.0,92.0,Madhya Pradesh,Ujjain,6.8,,,,1706960.0,38.8,59.3
359.0,2014-01,47.0,96.75,14.25,13.25,97.25,Madhya Pradesh,Ujjain,4.3,,,,1706960.0,38.8,59.3
359.0,2015-01,47.0,93.25,14.25,13.0,92.75,Madhya Pradesh,Ujjain,3.1,,,,1706960.0,38.8,59.3
359.0,2016-01,43.5,106.67,15.5,13.5,97.58,Madhya Pradesh,Ujjain,3.8,,,,1706960.0,38.8,59.3
359.0,2017-01,37.6,82.5,15.0,11.75,78.95,Madhya Pradesh,Ujjain,282.0,,,,1706960.0,38.8,59.3
359.0,2018-01,17.12,82.75,14.75,13.0,74.0,Madhya Pradesh,Ujjain,271.0,,,,1706960.0,38.8,59.3
359.0,2019-01,13.5,78.25,12.0,10.75,70.0,Madhya Pradesh,Ujjain,681.0,,,,1706960.0,38.8,59.3
364.0,2013-01,46.0,103.0,8.33,7.33,110.33,Maharashtra,Akola,0.2,,,,1632199.0,38.4,69.6
364.0,2014-01,46.0,135.0,9.67,8.0,121.33,Maharashtra,Akola,1.8,,,,1632199.0,38.4,69.6
364.0,2015-01,46.0,127.67,8.33,7.0,114.33,Maharashtra,Akola,0.3,,,,1632199.0,38.4,69.6
364.0,2016-01,46.0,104.0,10.0,8.33,100.0,Maharashtra,Akola,1.4,,,,1632199.0,38.4,69.6
364.0,2017-01,46.0,123.67,10.33,10.33,111.0,Maharashtra,Akola,85.0,,,,1632199.0,38.4,69.6
364.0,2018-01,46.0,72.33,12.33,12.0,82.0,Maharashtra,Akola,130.0,,,,1632199.0,38.4,69.6
364.0,2019-01,46.0,68.67,14.33,13.67,82.0,Maharashtra,Akola,383.0,,,,1632199.0,38.4,69.6
365.0,2013-01,38.0,102.67,13.0,11.0,92.0,Maharashtra,Amravati,1.5,,,,2604594.0,34.5,71.2
365.0,2014-01,38.0,107.0,13.33,11.67,96.0,Maharashtra,Amravati,4.4,,,,2604594.0,34.5,71.2
365.0,2015-01,38.0,108.0,13.33,12.0,97.33,Maharashtra,Amravati,6.7,,,,2604594.0,34.5,71.2
365.0,2016-01,38.0,109.67,23.0,12.0,98.0,Maharashtra,Amravati,9.3,,,,2604594.0,34.5,71.2
365.0,2017-01,38.0,98.33,13.33,12.33,88.0,Maharashtra,Amravati,416.0,,,,2604594.0,34.5,71.2
365.0,2018-01,38.0,104.0,17.0,16.0,93.0,Maharashtra,Amravati,1283.0,,,,2604594.0,34.5,71.2
365.0,2019-01,38.0,89.67,14.67,13.67,80.33,Maharashtra,Amravati,1022.0,,,,2604594.0,34.5,71.2
370.0,2013-01,44.0,134.8,22.67,13.0,127.0,Maharashtra,Chandrapur,3.0,,,,2071101.0,32.1,63.3
370.0,2014-01,44.0,128.83,28.33,8.83,118.5,Maharashtra,Chandrapur,4.0,,,,2071101.0,32.1,63.3
370.0,2015-01,44.0,102.17,19.67,5.33,101.67,Maharashtra,Chandrapur,4.7,,,,2071101.0,32.1,63.3
370.0,2016-01,44.0,103.0,26.67,4.5,92.0,Maharashtra,Chandrapur,3.9,,,,2071101.0,32.1,63.3
370.0,2017-01,44.0,134.5,29.0,4.0,121.25,Maharashtra,Chandrapur,239.0,,,,2071101.0,32.1,63.3
370.0,2018-01,44.0,149.33,30.0,4.17,134.33,Maharashtra,Chandrapur,1033.0,,,,2071101.0,32.1,63.3
370.0,2019-01,44.0,132.83,29.0,4.0,119.83,Maharashtra,Chandrapur,212.0,,,,2071101.0,32.1,63.3
375.0,2013-01,48.0,112.0,43.0,18.33,108.67,Maharashtra,Jalgaon,2.3,,,,3668990.0,28.7,64.7
375.0,2014-01,48.0,115.67,42.33,18.67,103.33,Maharashtra,Jalgaon,6.6,,,,3668990.0,28.7,64.7
375.0,2015-01,48.0,108.0,38.67,15.67,96.67,Maharashtra,Jalgaon,3.2,,,,3668990.0,28.7,64.7
375.0,2016-01,48.0,115.0,35.0,13.0,103.0,Maharashtra,Jalgaon,1.8,,,,3668990.0,28.7,64.7
375.0,2017-01,48.0,77.0,30.67,13.5,86.0,Maharashtra,Jalgaon,186.0,,,,3668990.0,28.7,64.7
375.0,2018-01,48.0,73.67,33.67,13.33,86.0,Maharashtra,Jalgaon,262.0,,,,3668990.0,28.7,64.7
375.0,2019-01,48.0,60.0,32.33,12.0,86.0,Maharashtra,Jalgaon,293.0,,,,3668990.0,28.7,64.7
376.0,2013-01,38.0,121.33,31.0,10.5,108.67,Maharashtra,Jalna,0.7,,,,1604124.0,19.2,54.0
376.0,2014-01,38.0,137.0,30.0,9.5,122.5,Maharashtra,Jalna,1.1,,,,1604124.0,19.2,54.0
376.0,2015-01,38.0,117.5,30.5,12.0,105.5,Maharashtra,Jalna,3.3,,,,1604124.0,19.2,54.0
376.0,2016-01,38.0,94.0,27.67,11.5,87.67,Maharashtra,Jalna,1.5,,,,1604124.0,19.2,54.0
376.0,2017-01,38.0,86.67,38.5,10.67,83.0,Maharashtra,Jalna,33.0,,,,1604124.0,19.2,54.0
376.0,2018-01,38.0,103.0,43.0,11.0,92.5,Maharashtra,Jalna,21.0,,,,1604124.0,19.2,54.0
376.0,2019-01,38.0,97.0,39.5,10.0,87.0,Maharashtra,Jalna,107.0,,,,1604124.0,19.2,54.0
377.0,2013-01,30.0,115.67,34.33,18.33,103.67,Maharashtra,Kolhapur,0.6,,,,3523162.0,29.8,67.1
377.0,2014-01,30.0,99.33,36.67,21.33,89.33,Maharashtra,Kolhapur,1.5,,,,3523162.0,29.8,67.1
377.0,2015-01,30.0,97.67,38.0,21.0,87.33,Maharashtra,Kolhapur,0.9,,,,3523162.0,29.8,67.1
377.0,2016-01,30.0,88.67,37.33,21.0,79.33,Maharashtra,Kolhapur,1.0,,,,3523162.0,29.8,67.1
377.0,2017-01,30.0,99.33,37.0,18.67,89.0,Maharashtra,Kolhapur,71.0,,,,3523162.0,29.8,67.1
377.0,2018-01,30.0,90.33,35.33,20.33,80.67,Maharashtra,Kolhapur,343.0,,,,3523162.0,29.8,67.1
377.0,2019-01,30.0,85.33,31.67,19.0,76.33,Maharashtra,Kolhapur,481.0,,,,3523162.0,29.8,67.1
378.0,2013-01,35.0,106.5,16.67,6.5,95.5,Maharashtra,Latur,0.0,,,,2080285.0,23.6,60.3
378.0,2014-01,35.0,90.67,16.0,6.0,81.33,Maharashtra,Latur,0.0,,,,2080285.0,23.6,60.3
378.0,2015-01,35.0,78.67,15.0,5.0,70.33,Maharashtra,Latur,2.9,,,,2080285.0,23.6,60.3
378.0,2016-01,35.0,79.0,17.5,5.0,71.0,Maharashtra,Latur,2.7,,,,2080285.0,23.6,60.3
378.0,2017-01,35.0,78.5,20.0,5.5,70.0,Maharashtra,Latur,433.0,,,,2080285.0,23.6,60.3
378.0,2018-01,35.0,94.67,22.0,5.33,84.67,Maharashtra,Latur,268.0,,,,2080285.0,23.6,60.3
378.0,2019-01,35.0,85.67,20.67,5.0,76.67,Maharashtra,Latur,103.0,,,,2080285.0,23.6,60.3
379.0,2013-01,26.0,116.0,13.33,3.0,104.0,Maharashtra,Mumbai,5.1,,,,8640419.0,100.0,76.6
379.0,2014-01,26.0,95.67,19.33,4.0,85.67,Maharashtra,Mumbai,22.0,,,,8640419.0,100.0,76.6
379.0,2015-01,26.0,106.0,25.0,4.0,95.0,Maharashtra,Mumbai,18.7,,,,8640419.0,100.0,76.6
379.0,2016-01,26.0,125.88,31.2,5.5,112.75,Maharashtra,Mumbai,8.8,,,,8640419.0,100.0,76.6
379.0,2017-01,26.0,119.4,17.5,7.4,107.0,Maharashtra,Mumbai,4384.0,,,,8640419.0,100.0,76.6
379.0,2018-01,46.0,165.33,21.0,2.0,148.33,Maharashtra,Mumbai,5185.0,,,,8640419.0,100.0,76.6
379.0,2019-01,40.0,125.33,27.67,2.0,112.33,Maharashtra,Mumbai,5685.0,,,,8640419.0,100.0,76.6
380.0,2013-01,34.0,78.5,31.0,33.0,72.0,Maharashtra,Nanded,0.7,,,,2860540.0,24.1,56.4
380.0,2014-01,34.0,109.0,45.33,47.0,98.0,Maharashtra,Nanded,2.3,,,,2860540.0,24.1,56.4
380.0,2015-01,34.0,167.67,48.67,49.67,150.67,Maharashtra,Nanded,2.2,,,,2860540.0,24.1,56.4
380.0,2016-01,34.0,208.0,42.5,49.0,187.0,Maharashtra,Nanded,3.8,,,,2860540.0,24.1,56.4
380.0,2017-01,34.0,52.0,39.0,35.0,61.0,Maharashtra,Nanded,71.0,,,,2860540.0,24.1,56.4
382.0,2013-01,40.0,83.0,28.75,28.0,75.8,Maharashtra,Nashik,2.3,,,,4990688.0,38.8,62.6
382.0,2014-01,40.0,72.25,26.25,25.0,72.0,Maharashtra,Nashik,9.1,,,,4990688.0,38.8,62.6
382.0,2015-01,40.0,78.0,22.5,15.25,74.0,Maharashtra,Nashik,5.3,,,,4990688.0,38.8,62.6
382.0,2016-01,40.0,85.0,38.0,13.5,77.5,Maharashtra,Nashik,8.1,,,,4990688.0,38.8,62.6
382.0,2017-01,40.0,80.75,21.75,14.5,74.75,Maharashtra,Nashik,638.0,,,,4990688.0,38.8,62.6
382.0,2018-01,40.0,82.0,21.5,12.0,75.0,Maharashtra,Nashik,665.0,,,,4990688.0,38.8,62.6
382.0,2019-01,40.0,63.25,21.75,9.5,72.0,Maharashtra,Nashik,805.0,,,,4990688.0,38.8,62.6
386.0,2013-01,45.0,75.0,41.5,20.0,81.0,Maharashtra,Pune,5.1,,,,7224579.0,58.0,69.7
386.0,2014-01,45.0,92.0,45.0,23.0,83.0,Maharashtra,Pune,3.6,,,,7224579.0,58.0,69.7
386.0,2015-01,45.0,99.0,61.33,23.33,88.67,Maharashtra,Pune,2.1,,,,7224579.0,58.0,69.7
386.0,2016-01,45.0,107.0,78.33,28.33,95.67,Maharashtra,Pune,5.9,,,,7224579.0,58.0,69.7
386.0,2017-01,45.0,102.0,65.33,20.33,91.33,Maharashtra,Pune,888.0,,,,7224579.0,58.0,69.7
386.0,2018-01,45.0,106.0,75.0,37.33,96.33,Maharashtra,Pune,1880.0,,,,7224579.0,58.0,69.7
386.0,2019-01,45.0,143.0,86.67,37.0,128.0,Maharashtra,Pune,1834.0,,,,7224579.0,58.0,69.7
389.0,2013-01,31.0,82.0,39.0,10.0,73.5,Maharashtra,Sangli,4.5,,,,2579602.0,24.4,66.5
389.0,2014-01,31.0,100.33,44.67,11.67,89.67,Maharashtra,Sangli,0.5,,,,2579602.0,24.4,66.5
389.0,2015-01,31.0,77.0,41.33,11.0,69.0,Maharashtra,Sangli,2.0,,,,2579602.0,24.4,66.5
389.0,2016-01,31.0,83.33,39.33,9.67,74.67,Maharashtra,Sangli,4.1,,,,2579602.0,24.4,66.5
389.0,2017-01,31.0,75.67,42.67,9.33,67.67,Maharashtra,Sangli,158.0,,,,2579602.0,24.4,66.5
389.0,2018-01,31.0,84.0,45.67,10.0,75.0,Maharashtra,Sangli,413.0,,,,2579602.0,24.4,66.5
389.0,2019-01,31.0,66.67,38.33,9.33,60.0,Maharashtra,Sangli,502.0,,,,2579602.0,24.4,66.5
392.0,2013-01,36.0,92.33,35.0,16.0,82.33,Maharashtra,Solapur,0.7,,,,3849543.0,31.8,60.7
392.0,2014-01,36.0,75.5,34.5,15.0,67.5,Maharashtra,Solapur,0.2,,,,3849543.0,31.8,60.7
392.0,2015-01,36.0,74.5,35.0,13.0,66.5,Maharashtra,Solapur,1.0,,,,3849543.0,31.8,60.7
392.0,2016-01,36.0,74.0,35.0,13.0,66.0,Maharashtra,Solapur,1.1,,,,3849543.0,31.8,60.7
392.0,2017-01,36.0,64.0,34.0,16.5,64.0,Maharashtra,Solapur,425.0,,,,3849543.0,31.8,60.7
392.0,2018-01,36.0,71.0,33.5,15.5,64.0,Maharashtra,Solapur,328.0,,,,3849543.0,31.8,60.7
392.0,2019-01,36.0,74.0,35.0,16.5,66.0,Maharashtra,Solapur,561.0,,,,3849543.0,31.8,60.7
393.0,2013-01,58.0,109.0,32.67,16.33,104.0,Maharashtra,Thane,3.7,,,,5992940.0,86.6,72.7
393.0,2014-01,58.0,108.67,60.33,17.67,105.67,Maharashtra,Thane,1.9,,,,5992940.0,86.6,72.7
393.0,2015-01,58.0,116.67,58.0,27.67,109.33,Maharashtra,Thane,4.2,,,,5992940.0,86.6,72.7
393.0,2016-01,58.0,122.33,60.0,18.33,112.33,Maharashtra,Thane,5.0,,,,5992940.0,86.6,72.7
393.0,2017-01,58.0,125.0,46.67,18.33,112.33,Maharashtra,Thane,323.0,,,,5992940.0,86.6,72.7
393.0,2018-01,58.0,107.33,44.33,16.67,107.33,Maharashtra,Thane,539.0,,,,5992940.0,86.6,72.7
393.0,2019-01,58.0,128.67,36.67,20.0,115.33,Maharashtra,Thane,355.0,,,,5992940.0,86.6,72.7
424.0,2013-01,24.0,49.5,9.2,2.0,50.75,Mizoram,Aizawl,27.05,,,,303100.0,81.9,83.2
424.0,2014-01,24.0,42.6,7.4,2.0,46.4,Mizoram,Aizawl,30.9,,,,303100.0,81.9,83.2
424.0,2015-01,24.0,44.2,8.4,2.0,48.4,Mizoram,Aizawl,11.9,,,,303100.0,81.9,83.2
424.0,2016-01,24.0,59.8,7.6,2.0,57.6,Mizoram,Aizawl,9.9,,,,303100.0,81.9,83.2
424.0,2017-01,24.0,51.6,8.0,2.0,53.2,Mizoram,Aizawl,117.0,,,,303100.0,81.9,83.2
424.0,2018-01,24.0,49.8,8.6,2.0,52.0,Mizoram,Aizawl,120.0,,,,303100.0,81.9,83.2
424.0,2019-01,24.0,48.0,8.2,2.0,50.8,Mizoram,Aizawl,196.0,,,,303100.0,81.9,83.2
425.0,2013-01,15.0,58.0,5.0,2.0,56.0,Mizoram,Champhai,17.0,,,,58678.0,45.1,75.7
425.0,2014-01,15.0,46.0,5.0,2.0,44.0,Mizoram,Champhai,34.2,,,,58678.0,45.1,75.7
425.0,2015-01,15.0,34.0,5.0,2.0,34.0,Mizoram,Champhai,25.0,,,,58678.0,45.1,75.7
425.0,2016-01,15.0,29.5,4.0,2.0,31.5,Mizoram,Champhai,21.4,,,,58678.0,45.1,75.7
425.0,2017-01,15.0,25.0,4.0,2.0,27.0,Mizoram,Champhai,101.0,,,,58678.0,45.1,75.7
425.0,2018-01,15.0,26.5,5.0,2.0,28.0,Mizoram,Champhai,145.0,,,,58678.0,45.1,75.7
425.0,2019-01,15.0,25.0,5.0,2.0,27.0,Mizoram,Champhai,160.0,,,,58678.0,45.1,75.7
428.0,2013-01,8.0,42.0,5.0,2.0,37.0,Mizoram,Kolasib,29.2,,,,63242.0,57.7,76.6
428.0,2014-01,8.0,36.0,5.0,2.0,32.0,Mizoram,Kolasib,40.6,,,,63242.0,57.7,76.6
428.0,2015-01,8.0,33.5,5.0,2.0,29.5,Mizoram,Kolasib,15.0,,,,63242.0,57.7,76.6
428.0,2016-01,8.0,30.0,4.5,2.0,26.5,Mizoram,Kolasib,37.5,,,,63242.0,57.7,76.6
428.0,2017-01,8.0,29.5,4.0,2.0,26.0,Mizoram,Kolasib,40.0,,,,63242.0,57.7,76.6
428.0,2018-01,8.0,23.5,5.0,2.0,20.5,Mizoram,Kolasib,210.0,,,,63242.0,57.7,76.6
428.0,2019-01,8.0,23.0,5.0,2.0,20.5,Mizoram,Kolasib,230.0,,,,63242.0,57.7,76.6
430.0,2013-01,6.0,46.5,5.0,2.5,41.0,Mizoram,Lunglei,19.7,,,,108840.0,46.7,67.9
430.0,2014-01,6.0,48.0,5.0,2.0,42.5,Mizoram,Lunglei,27.8,,,,108840.0,46.7,67.9
430.0,2015-01,6.0,42.5,5.0,2.0,38.0,Mizoram,Lunglei,27.8,,,,108840.0,46.7,67.9
430.0,2016-01,6.0,33.0,4.0,2.0,29.5,Mizoram,Lunglei,22.7,,,,108840.0,46.7,67.9
430.0,2017-01,6.0,24.5,4.0,2.0,21.5,Mizoram,Lunglei,9.0,,,,108840.0,46.7,67.9
430.0,2018-01,6.0,11.0,5.0,2.0,11.5,Mizoram,Lunglei,135.0,,,,108840.0,46.7,67.9
430.0,2019-01,6.0,8.5,5.0,2.0,10.0,Mizoram,Lunglei,321.0,,,,108840.0,46.7,67.9
436.0,2013-01,,100.5,5.5,2.0,500.0,Nagaland,Dimapur,18.2,,,,307676.0,37.2,65.2
436.0,2014-01,,128.5,5.0,2.0,500.0,Nagaland,Dimapur,22.4,,,,307676.0,37.2,65.2
436.0,2015-01,,122.0,8.5,2.0,500.0,Nagaland,Dimapur,20.2,,,,307676.0,37.2,65.2
436.0,2016-01,,121.5,11.0,2.0,500.0,Nagaland,Dimapur,15.1,,,,307676.0,37.2,65.2
436.0,2017-01,,138.0,9.5,2.0,500.0,Nagaland,Dimapur,103.0,,,,307676.0,37.2,65.2
436.0,2018-01,,134.5,8.5,2.0,500.0,Nagaland,Dimapur,260.0,,,,307676.0,37.2,65.2
436.0,2019-01,,77.14,7.43,2.0,500.0,Nagaland,Dimapur,190.0,,,,307676.0,37.2,65.2
438.0,2013-01,33.0,85.0,5.0,2.0,76.5,Nagaland,Kohima,16.7,,,,219913.0,35.0,66.2
438.0,2014-01,33.0,90.5,5.0,2.0,81.0,Nagaland,Kohima,0.0,,,,219913.0,35.0,66.2
438.0,2015-01,33.0,93.5,5.0,2.0,84.0,Nagaland,Kohima,0.0,,,,219913.0,35.0,66.2
438.0,2016-01,33.0,89.5,5.0,2.0,83.0,Nagaland,Kohima,0.0,,,,219913.0,35.0,66.2
438.0,2017-01,33.0,114.0,5.0,2.0,102.5,Nagaland,Kohima,7.0,,,,219913.0,35.0,66.2
438.0,2018-01,33.0,104.5,5.0,2.0,94.0,Nagaland,Kohima,16.0,,,,219913.0,35.0,66.2
438.0,2019-01,33.0,94.5,5.0,2.0,84.5,Nagaland,Kohima,4.0,,,,219913.0,35.0,66.2
455.0,2013-01,49.0,82.67,17.0,2.0,88.0,Odisha,Cuttack,0.0,,,,2333935.0,27.4,67.2
455.0,2014-01,50.0,92.67,30.0,2.33,91.44,Odisha,Cuttack,2.6,,,,2333935.0,27.4,67.2
455.0,2015-01,35.0,80.67,29.67,3.0,72.78,Odisha,Cuttack,2.4,,,,2333935.0,27.4,67.2
455.0,2016-01,42.0,81.0,29.67,3.33,77.89,Odisha,Cuttack,2.8,,,,2333935.0,27.4,67.2
455.0,2017-01,43.33,86.67,31.67,3.67,79.78,Odisha,Cuttack,170.0,,,,2333935.0,27.4,67.2
455.0,2018-01,50.0,113.67,31.33,4.33,102.89,Odisha,Cuttack,276.0,,,,2333935.0,27.4,67.2
455.0,2019-01,46.67,105.67,19.67,5.67,95.0,Odisha,Cuttack,93.0,,,,2333935.0,27.4,67.2
462.0,2014-01,48.0,112.0,19.0,11.0,100.0,Odisha,Jharsuguda,1.6,,,,514853.0,36.1,61.3
462.0,2016-01,48.0,87.0,20.0,13.0,86.0,Odisha,Jharsuguda,3.7,,,,514853.0,36.1,61.3
462.0,2017-01,47.0,89.5,16.5,9.5,84.5,Odisha,Jharsuguda,54.0,,,,514853.0,36.1,61.3
462.0,2018-01,57.0,107.5,15.5,8.5,102.0,Odisha,Jharsuguda,60.0,,,,514853.0,36.1,61.3
462.0,2019-01,45.0,106.0,15.5,7.5,95.0,Odisha,Jharsuguda,114.0,,,,514853.0,36.1,61.3
474.0,2013-01,36.0,63.5,14.0,2.0,64.0,Odisha,Puri,3.3,,,,1501073.0,13.6,68.2
474.0,2014-01,36.0,67.0,15.5,2.0,64.0,Odisha,Puri,1.2,,,,1501073.0,13.6,68.2
474.0,2015-01,28.5,93.5,17.5,2.0,83.5,Odisha,Puri,0.0,,,,1501073.0,13.6,68.2
474.0,2016-01,30.0,93.5,14.5,2.0,84.0,Odisha,Puri,2.6,,,,1501073.0,13.6,68.2
474.0,2017-01,25.5,76.5,15.0,2.0,68.5,Odisha,Puri,2.0,,,,1501073.0,13.6,68.2
474.0,2018-01,27.0,89.5,15.0,2.0,80.0,Odisha,Puri,220.0,,,,1501073.0,13.6,68.2
474.0,2019-01,27.0,112.0,15.0,2.0,100.5,Odisha,Puri,95.0,,,,1501073.0,13.6,68.2
475.0,2013-01,30.0,49.5,22.5,4.0,54.0,Odisha,Rayagada,4.8,,,,831109.0,13.9,29.8
475.0,2014-01,30.0,52.0,20.5,4.0,54.0,Odisha,Rayagada,8.9,,,,831109.0,13.9,29.8
475.0,2015-01,28.5,49.5,21.5,4.0,51.0,Odisha,Rayagada,9.2,,,,831109.0,13.9,29.8
475.0,2016-01,33.5,58.5,20.5,3.5,60.0,Odisha,Rayagada,7.1,,,,831109.0,13.9,29.8
475.0,2017-01,34.5,58.0,19.5,4.0,61.5,Odisha,Rayagada,249.0,,,,831109.0,13.9,29.8
475.0,2018-01,39.5,63.0,18.5,4.0,70.5,Odisha,Rayagada,247.0,,,,831109.0,13.9,29.8
475.0,2019-01,33.5,64.5,17.0,4.0,60.5,Odisha,Rayagada,345.0,,,,831109.0,13.9,29.8
476.0,2013-01,50.0,51.0,14.0,3.0,90.0,Odisha,Sambalpur,0.0,,,,925711.0,27.0,58.2
476.0,2014-01,50.0,55.0,16.0,3.0,90.0,Odisha,Sambalpur,9.5,,,,925711.0,27.0,58.2
476.0,2015-01,50.0,77.0,17.0,4.0,90.0,Odisha,Sambalpur,3.7,,,,925711.0,27.0,58.2
476.0,2016-01,51.0,79.0,17.0,4.0,91.0,Odisha,Sambalpur,1.5,,,,925711.0,27.0,58.2
476.0,2017-01,46.0,82.0,20.0,4.0,82.0,Odisha,Sambalpur,138.0,,,,925711.0,27.0,58.2
476.0,2018-01,53.0,85.0,21.0,5.0,95.0,Odisha,Sambalpur,374.0,,,,925711.0,27.0,58.2
476.0,2019-01,48.0,92.0,24.0,6.0,86.0,Odisha,Sambalpur,234.0,,,,925711.0,27.0,58.2
480.0,2014-01,,35.33,12.0,15.67,500.0,Puducherry,Karaikal,3.0,,,,170791.0,43.6,71.6
480.0,2015-01,,35.0,9.33,13.0,500.0,Puducherry,Karaikal,3.0,,,,170791.0,43.6,71.6
480.0,2016-01,,38.0,9.67,12.0,500.0,Puducherry,Karaikal,0.0,,,,170791.0,43.6,71.6
480.0,2017-01,,43.0,10.33,8.33,500.0,Puducherry,Karaikal,3.0,,,,170791.0,43.6,71.6
480.0,2018-01,,40.0,7.33,4.0,500.0,Puducherry,Karaikal,376.0,,,,170791.0,43.6,71.6
480.0,2019-01,,41.0,5.33,2.0,500.0,Puducherry,Karaikal,432.0,,,,170791.0,43.6,71.6
484.0,2013-01,51.0,180.5,39.5,12.5,162.0,Punjab,Amritsar,4.7,,,,2157020.0,51.5,61.0
484.0,2014-01,51.0,190.0,40.5,13.0,170.5,Punjab,Amritsar,5.8,,,,2157020.0,51.5,61.0
484.0,2015-01,51.0,147.67,29.67,11.0,141.0,Punjab,Amritsar,8.0,,,,2157020.0,51.5,61.0
484.0,2016-01,51.0,193.67,29.33,12.0,173.67,Punjab,Amritsar,6.0,,,,2157020.0,51.5,61.0
484.0,2017-01,51.0,168.0,27.0,10.67,150.67,Punjab,Amritsar,248.0,,,,2157020.0,51.5,61.0
484.0,2018-01,51.0,177.0,34.0,12.5,159.0,Punjab,Amritsar,589.0,,,,2157020.0,51.5,61.0
484.0,2019-01,51.0,170.0,34.0,13.0,152.5,Punjab,Amritsar,366.0,,,,2157020.0,51.5,61.0
487.0,2014-01,,74.0,12.0,4.0,500.0,Punjab,Faridkot,9.6,,,,550892.0,35.1,53.7
487.0,2015-01,,90.0,13.0,5.0,500.0,Punjab,Faridkot,8.0,,,,550892.0,35.1,53.7
487.0,2016-01,,104.0,12.0,5.0,500.0,Punjab,Faridkot,2.9,,,,550892.0,35.1,53.7
487.0,2017-01,,124.0,13.0,5.0,500.0,Punjab,Faridkot,425.0,,,,550892.0,35.1,53.7
492.0,2014-01,,55.0,14.0,7.0,500.0,Punjab,Hoshiarpur,3.1,,,,1480027.0,19.7,70.9
492.0,2015-01,,72.0,13.0,6.0,500.0,Punjab,Hoshiarpur,3.1,,,,1480027.0,19.7,70.9
492.0,2017-01,,111.0,18.0,9.0,500.0,Punjab,Hoshiarpur,56.0,,,,1480027.0,19.7,70.9
493.0,2013-01,55.0,163.75,26.75,13.25,147.0,Punjab,Jalandhar,0.0,,,,1961254.0,47.4,68.9
493.0,2014-01,55.0,144.0,26.25,13.5,129.0,Punjab,Jalandhar,0.0,,,,1961254.0,47.4,68.9
493.0,2015-01,55.0,151.25,26.5,13.5,135.5,Punjab,Jalandhar,8.3,,,,1961254.0,47.4,68.9
493.0,2017-01,55.0,222.75,23.75,13.25,200.0,Punjab,Jalandhar,131.0,,,,1961254.0,47.4,68.9
493.0,2018-01,55.0,153.0,20.0,11.0,139.0,Punjab,Jalandhar,283.0,,,,1961254.0,47.4,68.9
493.0,2019-01,55.0,136.5,24.0,11.25,122.25,Punjab,Jalandhar,287.0,,,,1961254.0,47.4,68.9
495.0,2013-01,54.0,203.5,26.0,11.25,182.75,Punjab,Ludhiana,4.5,,,,3032831.0,55.8,67.1
495.0,2014-01,54.0,146.0,26.0,10.5,131.5,Punjab,Ludhiana,20.8,,,,3032831.0,55.8,67.1
495.0,2015-01,54.0,138.75,27.0,11.0,126.25,Punjab,Ludhiana,8.5,,,,3032831.0,55.8,67.1
495.0,2016-01,54.0,138.75,25.5,10.75,124.5,Punjab,Ludhiana,10.2,,,,3032831.0,55.8,67.1
495.0,2017-01,54.0,161.5,27.75,9.5,145.0,Punjab,Ludhiana,571.0,,,,3032831.0,55.8,67.1
495.0,2018-01,54.0,161.75,32.25,9.25,145.5,Punjab,Ludhiana,559.0,,,,3032831.0,55.8,67.1
495.0,2019-01,54.0,153.0,26.0,12.0,137.25,Punjab,Ludhiana,1432.0,,,,3032831.0,55.8,67.1
500.0,2013-01,50.0,108.0,18.0,6.0,97.0,Punjab,Patiala,5.7,,,,1619346.0,35.8,60.4
500.0,2014-01,50.0,104.0,14.0,5.0,93.0,Punjab,Patiala,5.9,,,,1619346.0,35.8,60.4
500.0,2015-01,50.0,110.0,14.5,5.0,98.5,Punjab,Patiala,9.4,,,,1619346.0,35.8,60.4
500.0,2016-01,50.0,106.0,13.0,5.0,95.0,Punjab,Patiala,5.9,,,,1619346.0,35.8,60.4
500.0,2017-01,50.0,101.5,10.5,5.0,90.5,Punjab,Patiala,859.0,,,,1619346.0,35.8,60.4
500.0,2018-01,50.0,98.0,11.0,5.0,90.5,Punjab,Patiala,2991.0,,,,1619346.0,35.8,60.4
500.0,2019-01,50.0,101.5,12.0,5.0,90.5,Punjab,Patiala,1467.0,,,,1619346.0,35.8,60.4
503.0,2013-01,,97.0,15.0,5.0,500.0,Punjab,Sangrur,0.0,,,,1086771.0,26.6,50.2
503.0,2014-01,,88.0,12.0,4.0,500.0,Punjab,Sangrur,0.0,,,,1086771.0,26.6,50.2
503.0,2015-01,,100.0,13.0,5.0,500.0,Punjab,Sangrur,0.0,,,,1086771.0,26.6,50.2
503.0,2016-01,,90.0,13.0,5.0,500.0,Punjab,Sangrur,0.0,,,,1086771.0,26.6,50.2
503.0,2017-01,,95.0,13.0,5.0,500.0,Punjab,Sangrur,192.0,,,,1086771.0,26.6,50.2
509.0,2013-01,43.0,267.67,21.0,10.33,240.33,Rajasthan,Alwar,2.6,,,,2935168.0,14.0,49.6
509.0,2014-01,43.0,239.67,22.67,11.0,215.0,Rajasthan,Alwar,5.6,,,,2935168.0,14.0,49.6
509.0,2015-01,43.0,179.67,25.67,9.67,161.33,Rajasthan,Alwar,5.6,,,,2935168.0,14.0,49.6
509.0,2016-01,43.0,144.0,32.33,7.67,129.0,Rajasthan,Alwar,8.6,,,,2935168.0,14.0,49.6
509.0,2017-01,43.0,133.67,32.67,7.33,119.67,Rajasthan,Alwar,2133.0,,,,2935168.0,14.0,49.6
509.0,2018-01,43.0,182.67,34.0,9.33,164.0,Rajasthan,Alwar,2362.0,,,,2935168.0,14.0,49.6
509.0,2019-01,43.0,171.67,33.67,11.33,154.0,Rajasthan,Alwar,5668.0,,,,2935168.0,14.0,49.6
513.0,2016-01,65.0,159.0,30.67,8.33,145.0,Rajasthan,Bharatpur,4.6,,,,2100020.0,19.5,50.6
513.0,2017-01,65.0,163.33,26.33,8.0,146.67,Rajasthan,Bharatpur,2784.0,,,,2100020.0,19.5,50.6
513.0,2018-01,65.0,200.67,25.0,7.33,180.33,Rajasthan,Bharatpur,1432.0,,,,2100020.0,19.5,50.6
513.0,2019-01,65.0,199.33,25.33,7.33,179.0,Rajasthan,Bharatpur,913.0,,,,2100020.0,19.5,50.6
517.0,2018-01,,148.67,22.67,6.33,500.0,Rajasthan,Chittorgarh,1438.0,,,,1330360.0,17.8,45.0
517.0,2019-01,,142.33,26.33,7.0,500.0,Rajasthan,Chittorgarh,1014.0,,,,1330360.0,17.8,45.0
524.0,2013-01,58.0,160.67,40.17,7.5,146.17,Rajasthan,Jaipur,6.2,,,,4799267.0,44.6,57.1
524.0,2014-01,58.0,150.17,43.0,7.17,139.33,Rajasthan,Jaipur,3.4,,,,4799267.0,44.6,57.1
524.0,2015-01,58.0,171.33,36.0,7.17,154.67,Rajasthan,Jaipur,5.2,,,,4799267.0,44.6,57.1
524.0,2016-01,58.0,198.83,33.67,8.5,178.33,Rajasthan,Jaipur,5.7,,,,4799267.0,44.6,57.1
524.0,2017-01,58.0,176.89,31.11,8.11,158.78,Rajasthan,Jaipur,4876.0,,,,4799267.0,44.6,57.1
524.0,2018-01,58.0,165.44,32.22,7.78,150.44,Rajasthan,Jaipur,6560.0,,,,4799267.0,44.6,57.1
524.0,2019-01,58.0,140.89,27.22,6.89,128.44,Rajasthan,Jaipur,5336.0,,,,4799267.0,44.6,57.1
528.0,2013-01,75.0,176.0,24.71,5.33,173.5,Rajasthan,Jodhpur,0.2,,,,2886505.0,33.9,45.7
528.0,2014-01,75.0,189.5,31.0,6.83,171.0,Rajasthan,Jodhpur,2.5,,,,2886505.0,33.9,45.7
528.0,2015-01,75.0,151.5,23.33,6.0,142.67,Rajasthan,Jodhpur,3.4,,,,2886505.0,33.9,45.7
528.0,2016-01,75.0,168.17,23.17,5.83,151.33,Rajasthan,Jodhpur,5.0,,,,2886505.0,33.9,45.7
528.0,2017-01,75.0,179.89,21.11,6.0,165.33,Rajasthan,Jodhpur,2162.0,,,,2886505.0,33.9,45.7
528.0,2018-01,75.0,223.0,23.78,6.56,200.33,Rajasthan,Jodhpur,2720.0,,,,2886505.0,33.9,45.7
528.0,2019-01,75.0,239.78,25.67,6.67,215.33,Rajasthan,Jodhpur,3640.0,,,,2886505.0,33.9,45.7
530.0,2013-01,60.0,122.67,32.0,7.0,119.0,Rajasthan,Kota,5.1,,,,1523246.0,54.5,61.9
530.0,2014-01,60.0,127.0,35.67,6.33,116.33,Rajasthan,Kota,10.1,,,,1523246.0,54.5,61.9
530.0,2015-01,60.0,133.33,34.33,6.33,119.33,Rajasthan,Kota,13.6,,,,1523246.0,54.5,61.9
530.0,2016-01,60.0,109.5,30.0,6.83,112.83,Rajasthan,Kota,14.3,,,,1523246.0,54.5,61.9
530.0,2017-01,60.0,130.5,28.0,8.17,119.67,Rajasthan,Kota,2447.0,,,,1523246.0,54.5,61.9
530.0,2018-01,60.0,152.0,27.67,7.17,136.17,Rajasthan,Kota,2185.0,,,,1523246.0,54.5,61.9
530.0,2019-01,60.0,129.0,24.33,6.83,118.67,Rajasthan,Kota,2540.0,,,,1523246.0,54.5,61.9
538.0,2013-01,55.0,141.67,32.0,5.67,127.0,Rajasthan,Udaipur,4.5,,,,2481822.0,19.3,48.8
538.0,2014-01,55.0,111.67,31.33,5.67,109.0,Rajasthan,Udaipur,8.5,,,,2481822.0,19.3,48.8
538.0,2015-01,55.0,155.67,32.67,6.0,139.67,Rajasthan,Udaipur,5.1,,,,2481822.0,19.3,48.8
538.0,2016-01,55.0,137.33,32.67,6.0,126.0,Rajasthan,Udaipur,7.9,,,,2481822.0,19.3,48.8
538.0,2017-01,55.0,125.33,33.33,7.0,120.0,Rajasthan,Udaipur,1374.0,,,,2481822.0,19.3,48.8
538.0,2018-01,55.0,147.0,30.67,9.0,133.33,Rajasthan,Udaipur,2056.0,,,,2481822.0,19.3,48.8
538.0,2019-01,55.0,156.33,30.67,11.0,140.0,Rajasthan,Udaipur,3176.0,,,,2481822.0,19.3,48.8
547.0,2013-01,15.0,72.5,22.0,13.9,64.9,Tamil Nadu,Chennai,0.0,,,,5646288.0,99.1,76.7
547.0,2014-01,15.0,56.8,22.0,12.5,50.6,Tamil Nadu,Chennai,1.0,,,,5646288.0,99.1,76.7
547.0,2015-01,22.33,58.91,19.91,11.64,56.97,Tamil Nadu,Chennai,2.6,,,,5646288.0,99.1,76.7
547.0,2016-01,26.0,65.09,18.27,10.27,60.27,Tamil Nadu,Chennai,2.3,,,,5646288.0,99.1,76.7
547.0,2017-01,32.0,61.9,17.4,9.1,63.9,Tamil Nadu,Chennai,2805.0,,,,5646288.0,99.1,76.7
547.0,2018-01,34.38,78.0,16.45,9.09,75.22,Tamil Nadu,Chennai,2582.0,,,,5646288.0,99.1,76.7
547.0,2019-01,36.0,73.09,18.55,9.36,72.23,Tamil Nadu,Chennai,2011.0,,,,5646288.0,99.1,76.7
548.0,2013-01,27.0,56.0,24.33,4.0,53.0,Tamil Nadu,Coimbatore,0.0,,,,2924675.0,71.2,70.5
548.0,2014-01,27.0,49.0,25.33,4.67,48.67,Tamil Nadu,Coimbatore,0.0,,,,2924675.0,71.2,70.5
548.0,2015-01,30.33,47.0,25.0,4.0,54.0,Tamil Nadu,Coimbatore,3.7,,,,2924675.0,71.2,70.5
548.0,2016-01,35.17,59.33,24.33,5.67,64.83,Tamil Nadu,Coimbatore,2.1,,,,2924675.0,71.2,70.5
548.0,2017-01,33.67,49.0,25.67,5.0,60.0,Tamil Nadu,Coimbatore,54.0,,,,2924675.0,71.2,70.5
548.0,2018-01,32.0,53.67,22.67,5.33,57.44,Tamil Nadu,Coimbatore,54.0,,,,2924675.0,71.2,70.5
548.0,2019-01,37.33,56.67,17.67,6.33,68.33,Tamil Nadu,Coimbatore,107.0,,,,2924675.0,71.2,70.5
549.0,2013-01,21.0,49.33,19.0,8.0,44.0,Tamil Nadu,Cuddalore,4.1,,,,2285395.0,33.0,62.2
549.0,2014-01,21.0,62.0,19.67,9.0,55.33,Tamil Nadu,Cuddalore,1.7,,,,2285395.0,33.0,62.2
549.0,2015-01,27.0,57.0,20.33,10.0,55.0,Tamil Nadu,Cuddalore,0.0,,,,2285395.0,33.0,62.2
549.0,2016-01,36.0,47.67,17.0,12.0,64.0,Tamil Nadu,Cuddalore,0.0,,,,2285395.0,33.0,62.2
549.0,2017-01,36.0,50.67,17.33,11.33,64.0,Tamil Nadu,Cuddalore,90.0,,,,2285395.0,33.0,62.2
549.0,2018-01,31.33,52.33,17.33,12.0,56.56,Tamil Nadu,Cuddalore,686.0,,,,2285395.0,33.0,62.2
549.0,2019-01,32.0,55.33,18.67,13.0,57.67,Tamil Nadu,Cuddalore,5.0,,,,2285395.0,33.0,62.2
558.0,2013-01,32.0,40.67,22.33,14.33,57.0,Tamil Nadu,Madurai,3.7,,,,2573969.0,56.1,68.9
558.0,2014-01,32.0,45.67,25.67,13.33,57.0,Tamil Nadu,Madurai,2.9,,,,2573969.0,56.1,68.9
558.0,2015-01,32.0,64.33,24.67,13.0,61.33,Tamil Nadu,Madurai,0.4,,,,2573969.0,56.1,68.9
558.0,2016-01,32.0,76.0,24.33,14.67,69.0,Tamil Nadu,Madurai,0.3,,,,2573969.0,56.1,68.9
558.0,2017-01,30.0,67.0,22.67,14.0,62.89,Tamil Nadu,Madurai,275.0,,,,2573969.0,56.1,68.9
558.0,2018-01,34.67,83.33,20.0,12.33,74.33,Tamil Nadu,Madurai,173.0,,,,2573969.0,56.1,68.9
558.0,2019-01,36.0,78.67,18.33,12.67,70.33,Tamil Nadu,Madurai,60.0,,,,2573969.0,56.1,68.9
566.0,2013-01,16.0,62.0,25.0,9.0,55.0,Tamil Nadu,Salem,5.8,,,,3008642.0,46.2,57.5
566.0,2014-01,16.0,63.0,29.0,8.0,56.0,Tamil Nadu,Salem,3.8,,,,3008642.0,46.2,57.5
566.0,2015-01,16.0,54.0,28.0,9.0,48.0,Tamil Nadu,Salem,3.7,,,,3008642.0,46.2,57.5
566.0,2016-01,23.5,51.0,25.0,7.0,46.5,Tamil Nadu,Salem,0.0,,,,3008642.0,46.2,57.5
566.0,2017-01,20.0,52.0,25.0,7.0,46.0,Tamil Nadu,Salem,110.0,,,,3008642.0,46.2,57.5
566.0,2018-01,21.0,57.0,26.0,8.0,51.0,Tamil Nadu,Salem,84.0,,,,3008642.0,46.2,57.5
566.0,2019-01,21.0,50.0,21.0,7.0,45.0,Tamil Nadu,Salem,106.0,,,,3008642.0,46.2,57.5
579.0,2013-01,61.0,77.33,18.33,13.33,109.0,Tamil Nadu,Tuticorin,1.9,,,,1563984.0,42.5,72.0
579.0,2014-01,61.0,83.33,18.33,13.0,109.0,Tamil Nadu,Tuticorin,4.0,,,,1563984.0,42.5,72.0
579.0,2015-01,61.0,91.33,18.0,13.33,109.0,Tamil Nadu,Tuticorin,1.9,,,,1563984.0,42.5,72.0
579.0,2016-01,61.0,175.0,22.0,14.33,157.0,Tamil Nadu,Tuticorin,1.3,,,,1563984.0,42.5,72.0
579.0,2017-01,61.0,132.33,13.33,14.0,146.0,Tamil Nadu,Tuticorin,105.0,,,,1563984.0,42.5,72.0
579.0,2018-01,25.0,102.0,11.0,13.33,91.33,Tamil Nadu,Tuticorin,70.0,,,,1563984.0,42.5,72.0
579.0,2019-01,23.0,85.67,11.33,10.67,76.33,Tamil Nadu,Tuticorin,73.0,,,,1563984.0,42.5,72.0
584.0,2013-01,32.0,61.0,7.0,2.5,57.0,Telangana,Adilabad,5.2,,,,608018.0,21.3,46.8
584.0,2014-01,32.0,67.0,12.0,5.0,60.0,Telangana,Adilabad,0.0,,,,608018.0,21.3,46.8
584.0,2016-01,32.0,63.0,19.0,5.0,57.0,Telangana,Adilabad,0.0,,,,608018.0,21.3,46.8
584.0,2017-01,31.0,65.0,20.0,5.0,58.0,Telangana,Adilabad,235.0,,,,608018.0,21.3,46.8
584.0,2018-01,33.0,69.0,23.0,6.0,62.0,Telangana,Adilabad,115.0,,,,608018.0,21.3,46.8
584.0,2019-01,45.0,74.0,25.0,5.0,81.0,Telangana,Adilabad,45.0,,,,608018.0,21.3,46.8
587.0,2013-01,50.0,87.9,11.85,2.7,95.1,Telangana,Hyderabad,0.0,,,,217326.0,100.0,70.9
587.0,2014-01,50.0,95.4,23.6,5.1,96.5,Telangana,Hyderabad,0.0,,,,217326.0,100.0,70.9
587.0,2015-01,50.0,93.4,23.3,4.3,95.7,Telangana,Hyderabad,0.0,,,,217326.0,100.0,70.9
587.0,2016-01,49.25,100.3,26.7,4.7,98.94,Telangana,Hyderabad,0.0,,,,217326.0,100.0,70.9
587.0,2017-01,53.62,107.5,28.6,5.8,106.02,Telangana,Hyderabad,130.0,,,,217326.0,100.0,70.9
587.0,2018-01,54.75,105.0,29.6,5.2,104.64,Telangana,Hyderabad,160.0,,,,217326.0,100.0,70.9
587.0,2019-01,40.12,98.8,36.7,5.3,96.6,Telangana,Hyderabad,148.0,,,,217326.0,100.0,70.9
592.0,2013-01,49.0,65.0,6.0,3.5,88.0,Telangana,Karimnagar,0.0,,,,903127.0,24.2,53.5
592.0,2014-01,49.0,61.0,12.0,5.0,88.0,Telangana,Karimnagar,0.0,,,,903127.0,24.2,53.5
592.0,2015-01,49.0,64.0,15.0,7.0,88.0,Telangana,Karimnagar,0.0,,,,903127.0,24.2,53.5
592.0,2016-01,49.0,60.0,24.0,7.0,88.0,Telangana,Karimnagar,0.0,,,,903127.0,24.2,53.5
592.0,2017-01,49.0,72.0,25.0,7.0,88.0,Telangana,Karimnagar,10.0,,,,903127.0,24.2,53.5
592.0,2018-01,49.0,98.0,39.0,9.0,88.0,Telangana,Karimnagar,38.0,,,,903127.0,24.2,53.5
592.0,2019-01,49.0,106.0,55.0,9.0,95.0,Telangana,Karimnagar,14.0,,,,903127.0,24.2,53.5
593.0,2013-01,27.0,62.5,8.5,2.25,56.0,Telangana,Khammam,8.4,,,,1270845.0,14.9,50.6
593.0,2014-01,27.0,66.5,17.5,4.0,59.5,Telangana,Khammam,9.4,,,,1270845.0,14.9,50.6
593.0,2015-01,27.0,60.0,12.0,5.0,53.5,Telangana,Khammam,9.8,,,,1270845.0,14.9,50.6
593.0,2016-01,27.0,62.33,24.67,7.67,56.33,Telangana,Khammam,7.2,,,,1270845.0,14.9,50.6
593.0,2017-01,27.0,55.0,24.5,7.0,49.5,Telangana,Khammam,1147.0,,,,1270845.0,14.9,50.6
593.0,2018-01,36.0,83.0,39.5,9.0,74.0,Telangana,Khammam,3028.0,,,,1270845.0,14.9,50.6
593.0,2019-01,45.0,90.5,52.5,9.0,83.0,Telangana,Khammam,1842.0,,,,1270845.0,14.9,50.6
602.0,2013-01,35.0,72.0,8.0,2.0,71.5,Telangana,Nalgonda,7.0,,,,1466669.0,17.8,48.6
602.0,2014-01,35.0,93.5,17.5,5.0,84.0,Telangana,Nalgonda,6.3,,,,1466669.0,17.8,48.6
602.0,2015-01,35.0,76.0,25.0,6.5,68.0,Telangana,Nalgonda,10.1,,,,1466669.0,17.8,48.6
602.0,2016-01,35.0,61.5,26.5,6.5,63.0,Telangana,Nalgonda,5.9,,,,1466669.0,17.8,48.6
602.0,2017-01,36.0,60.0,24.0,5.5,64.0,Telangana,Nalgonda,611.0,,,,1466669.0,17.8,48.6
602.0,2018-01,48.5,59.5,24.0,6.0,87.0,Telangana,Nalgonda,154.0,,,,1466669.0,17.8,48.6
602.0,2019-01,57.0,59.0,25.5,5.5,102.0,Telangana,Nalgonda,170.0,,,,1466669.0,17.8,48.6
605.0,2013-01,31.0,56.0,6.0,2.5,55.0,Telangana,Nizamabad,1.0,,,,1454849.0,24.8,47.5
605.0,2014-01,31.0,62.0,12.0,5.0,55.0,Telangana,Nizamabad,3.9,,,,1454849.0,24.8,47.5
605.0,2016-01,31.0,63.0,19.0,5.0,56.0,Telangana,Nizamabad,3.5,,,,1454849.0,24.8,47.5
605.0,2017-01,29.0,62.0,21.0,5.0,55.0,Telangana,Nizamabad,127.0,,,,1454849.0,24.8,47.5
605.0,2018-01,27.0,60.0,23.0,6.0,54.0,Telangana,Nizamabad,8.0,,,,1454849.0,24.8,47.5
605.0,2019-01,41.0,63.0,25.0,5.0,73.0,Telangana,Nizamabad,15.0,,,,1454849.0,24.8,47.5
609.0,2014-01,44.0,74.0,23.0,6.0,79.0,Telangana,Sangareddy,4.296539340729549,,,,1230376.0,19.5,45.3
609.0,2015-01,44.0,70.0,21.5,5.5,79.0,Telangana,Sangareddy,4.296539340729549,,,,1230376.0,19.5,45.3
609.0,2016-01,44.0,66.0,23.5,5.0,79.0,Telangana,Sangareddy,0.0,,,,1230376.0,19.5,45.3
609.0,2017-01,36.67,78.67,30.0,6.33,75.33,Telangana,Sangareddy,209.0,,,,1230376.0,19.5,45.3
609.0,2018-01,39.33,81.33,38.0,6.67,78.33,Telangana,Sangareddy,331.0,,,,1230376.0,19.5,45.3
609.0,2019-01,43.67,87.5,29.67,6.33,83.17,Telangana,Sangareddy,504.0,,,,1230376.0,19.5,45.3
617.0,2013-01,17.66,27.75,20.0,8.0,31.0,The Dadra And Nagar Haveli And Daman And Diu,Daman,2.0,,,,113989.0,31.4,71.4
617.0,2015-01,17.66,52.35,25.0,14.0,47.0,The Dadra And Nagar Haveli And Daman And Diu,Daman,0.0,,,,113989.0,31.4,71.4
617.0,2016-01,21.44,50.02,29.0,19.0,47.4,The Dadra And Nagar Haveli And Daman And Diu,Daman,0.0,,,,113989.0,31.4,71.4
617.0,2017-01,20.18,45.04,23.67,10.14,44.17,The Dadra And Nagar Haveli And Daman And Diu,Daman,25.0,,,,113989.0,31.4,71.4
617.0,2018-01,25.23,72.53,30.5,27.0,64.5,The Dadra And Nagar Haveli And Daman And Diu,Daman,39.0,,,,113989.0,31.4,71.4
617.0,2019-01,36.0,95.5,24.5,22.0,85.5,The Dadra And Nagar Haveli And Daman And Diu,Daman,29.0,,,,113989.0,31.4,71.4
628.0,2013-01,149.0,192.0,22.5,5.33,268.0,Uttar Pradesh,Agra,0.0,,,,3621702.0,43.3,51.2
628.0,2014-01,149.0,177.5,18.83,4.83,268.0,Uttar Pradesh,Agra,0.0,,,,3621702.0,43.3,51.2
628.0,2015-01,149.0,185.67,21.67,4.5,268.0,Uttar Pradesh,Agra,54.5,,,,3621702.0,43.3,51.2
628.0,2016-01,149.0,198.0,22.5,5.17,268.0,Uttar Pradesh,Agra,0.0,,,,3621702.0,43.3,51.2
628.0,2017-01,123.5,184.5,19.17,3.83,222.75,Uttar Pradesh,Agra,3072.0,,,,3621702.0,43.3,51.2
628.0,2018-01,105.75,209.0,21.67,4.5,198.38,Uttar Pradesh,Agra,3998.0,,,,3621702.0,43.3,51.2
628.0,2019-01,109.67,185.83,24.5,4.17,206.47,Uttar Pradesh,Agra,2733.0,,,,3621702.0,43.3,51.2
636.0,2019-01,92.0,171.5,21.0,11.0,165.0,Uttar Pradesh,Baghpat,2305.0,,,,1163991.0,19.7,52.9
655.0,2013-01,51.0,246.0,31.33,12.33,221.0,Uttar Pradesh,Firozabad,5.7,,,,2008827.0,29.2,51.8
655.0,2014-01,51.0,146.0,25.67,12.33,149.0,Uttar Pradesh,Firozabad,25.0,,,,2008827.0,29.2,51.8
655.0,2015-01,51.0,194.67,29.33,9.0,174.67,Uttar Pradesh,Firozabad,18.5,,,,2008827.0,29.2,51.8
655.0,2016-01,51.0,223.0,33.0,9.0,200.0,Uttar Pradesh,Firozabad,0.0,,,,2008827.0,29.2,51.8
655.0,2017-01,51.0,219.67,32.0,9.0,197.33,Uttar Pradesh,Firozabad,897.0,,,,2008827.0,29.2,51.8
655.0,2018-01,51.0,226.33,30.67,8.0,203.0,Uttar Pradesh,Firozabad,400.0,,,,2008827.0,29.2,51.8
655.0,2019-01,51.0,213.67,31.0,8.0,191.67,Uttar Pradesh,Firozabad,612.0,,,,2008827.0,29.2,51.8
657.0,2013-01,102.0,285.0,34.0,25.5,256.0,Uttar Pradesh,Ghaziabad,2491.0,,,,2009613.0,68.1,61.4
657.0,2014-01,102.0,241.5,39.5,26.5,216.5,Uttar Pradesh,Ghaziabad,2491.0,,,,2009613.0,68.1,61.4
657.0,2015-01,102.0,259.5,37.0,23.0,233.5,Uttar Pradesh,Ghaziabad,27.0,,,,2009613.0,68.1,61.4
657.0,2016-01,102.0,235.5,28.5,15.0,211.5,Uttar Pradesh,Ghaziabad,17.4,,,,2009613.0,68.1,61.4
657.0,2017-01,102.0,280.5,34.0,22.0,252.0,Uttar Pradesh,Ghaziabad,2491.0,,,,2009613.0,68.1,61.4
657.0,2018-01,103.0,245.0,43.0,21.0,220.0,Uttar Pradesh,Ghaziabad,3795.0,,,,2009613.0,68.1,61.4
657.0,2019-01,100.67,207.75,38.33,13.33,194.25,Uttar Pradesh,Ghaziabad,4790.0,,,,2009613.0,68.1,61.4
662.0,2019-01,111.0,228.0,24.0,14.5,211.25,Uttar Pradesh,Hapur,145.0,,,,1129140.0,28.2,51.3
667.0,2013-01,47.0,100.5,19.5,7.0,92.0,Uttar Pradesh,Jhansi,2.1,,,,1710757.0,41.6,55.0
667.0,2014-01,47.0,105.5,21.5,7.5,95.5,Uttar Pradesh,Jhansi,11.95,,,,1710757.0,41.6,55.0
667.0,2015-01,47.0,119.0,22.0,7.5,107.0,Uttar Pradesh,Jhansi,3.4,,,,1710757.0,41.6,55.0
667.0,2016-01,47.0,115.5,21.0,7.5,103.5,Uttar Pradesh,Jhansi,0.8,,,,1710757.0,41.6,55.0
667.0,2017-01,47.0,113.0,19.0,6.5,101.0,Uttar Pradesh,Jhansi,1291.0,,,,1710757.0,41.6,55.0
667.0,2018-01,47.0,96.0,18.0,6.0,88.0,Uttar Pradesh,Jhansi,5020.0,,,,1710757.0,41.6,55.0
667.0,2019-01,47.0,95.5,18.0,6.5,89.0,Uttar Pradesh,Jhansi,1868.0,,,,1710757.0,41.6,55.0
676.0,2013-01,102.0,191.8,29.4,7.4,183.0,Uttar Pradesh,Lucknow,1.6,,,,3613763.0,64.2,58.4
676.0,2014-01,102.0,173.83,28.17,7.67,183.0,Uttar Pradesh,Lucknow,0.4,,,,3613763.0,64.2,58.4
676.0,2015-01,102.0,168.6,27.8,8.0,183.0,Uttar Pradesh,Lucknow,0.0,,,,3613763.0,64.2,58.4
676.0,2016-01,102.0,213.57,27.14,7.71,192.14,Uttar Pradesh,Lucknow,0.0,,,,3613763.0,64.2,58.4
676.0,2017-01,102.0,246.0,26.0,7.75,222.12,Uttar Pradesh,Lucknow,6745.0,,,,3613763.0,64.2,58.4
676.0,2018-01,108.0,217.12,29.75,7.5,202.12,Uttar Pradesh,Lucknow,3161.0,,,,3613763.0,64.2,58.4
676.0,2019-01,108.0,207.62,31.25,7.25,194.38,Uttar Pradesh,Lucknow,1989.0,,,,3613763.0,64.2,58.4
680.0,2016-01,,171.0,29.0,11.0,500.0,Uttar Pradesh,Mathura,66.7,,,,2074516.0,28.3,49.4
680.0,2017-01,,154.0,25.0,11.0,500.0,Uttar Pradesh,Mathura,318.0,,,,2074516.0,28.3,49.4
680.0,2018-01,,153.0,25.5,12.0,500.0,Uttar Pradesh,Mathura,6950.0,,,,2074516.0,28.3,49.4
680.0,2019-01,,161.5,27.5,12.0,500.0,Uttar Pradesh,Mathura,2080.0,,,,2074516.0,28.3,49.4
682.0,2013-01,86.0,134.5,39.0,5.0,154.0,Uttar Pradesh,Meerut,0.0,,,,2971583.0,48.9,53.6
682.0,2014-01,86.0,154.5,47.5,7.5,154.0,Uttar Pradesh,Meerut,18.4,,,,2971583.0,48.9,53.6
682.0,2016-01,86.0,157.5,55.0,6.5,158.5,Uttar Pradesh,Meerut,12.5,,,,2971583.0,48.9,53.6
682.0,2017-01,86.0,152.5,51.5,6.5,154.0,Uttar Pradesh,Meerut,1079.0,,,,2971583.0,48.9,53.6
682.0,2018-01,86.0,176.5,58.0,7.0,160.0,Uttar Pradesh,Meerut,784.0,,,,2971583.0,48.9,53.6
682.0,2019-01,86.0,212.5,63.0,8.5,191.0,Uttar Pradesh,Meerut,1955.0,,,,2971583.0,48.9,53.6
684.0,2013-01,95.0,159.5,24.0,16.5,171.0,Uttar Pradesh,Moradabad,0.0,,,,2467942.0,32.8,38.1
684.0,2014-01,95.0,201.0,31.5,21.0,193.5,Uttar Pradesh,Moradabad,0.0,,,,2467942.0,32.8,38.1
684.0,2015-01,95.0,168.5,26.5,13.0,173.0,Uttar Pradesh,Moradabad,4.2,,,,2467942.0,32.8,38.1
684.0,2016-01,95.0,196.0,31.0,17.5,184.5,Uttar Pradesh,Moradabad,0.8,,,,2467942.0,32.8,38.1
684.0,2017-01,95.0,217.0,35.0,21.0,198.0,Uttar Pradesh,Moradabad,1214.0,,,,2467942.0,32.8,38.1
684.0,2018-01,95.0,227.0,34.5,20.0,204.0,Uttar Pradesh,Moradabad,1071.0,,,,2467942.0,32.8,38.1
684.0,2019-01,95.0,239.5,41.5,26.0,215.0,Uttar Pradesh,Moradabad,852.0,,,,2467942.0,32.8,38.1
685.0,2019-01,86.5,190.5,34.0,8.5,171.0,Uttar Pradesh,Muzaffarnagar,345.0,,,,2401420.0,23.7,50.3
691.0,2016-01,,217.5,24.5,15.5,500.0,Uttar Pradesh,Saharanpur,2.4,,,,2821149.0,26.5,49.8
691.0,2017-01,,173.5,29.0,15.5,500.0,Uttar Pradesh,Saharanpur,2741.0,,,,2821149.0,26.5,49.8
691.0,2018-01,,183.0,26.5,17.5,500.0,Uttar Pradesh,Saharanpur,4725.0,,,,2821149.0,26.5,49.8
691.0,2019-01,,166.0,23.5,16.0,500.0,Uttar Pradesh,Saharanpur,5575.0,,,,2821149.0,26.5,49.8
702.0,2013-01,,114.0,28.0,9.0,500.0,Uttar Pradesh,Unnao,102.35,,,,2700324.0,15.2,45.0
702.0,2014-01,,73.5,29.0,10.5,500.0,Uttar Pradesh,Unnao,66.7,,,,2700324.0,15.2,45.0
702.0,2015-01,,119.5,29.0,20.0,500.0,Uttar Pradesh,Unnao,4.8,,,,2700324.0,15.2,45.0
702.0,2016-01,,201.2,30.6,10.6,500.0,Uttar Pradesh,Unnao,0.0,,,,2700324.0,15.2,45.0
702.0,2017-01,,125.0,29.0,9.5,500.0,Uttar Pradesh,Unnao,138.0,,,,2700324.0,15.2,45.0
702.0,2018-01,,131.5,27.5,9.0,500.0,Uttar Pradesh,Unnao,253.0,,,,2700324.0,15.2,45.0
702.0,2019-01,,135.5,26.5,9.0,500.0,Uttar Pradesh,Unnao,615.0,,,,2700324.0,15.2,45.0
703.0,2013-01,60.0,145.0,27.5,15.67,130.0,Uttar Pradesh,Varanasi,944.0,,,,3136965.0,40.2,54.0
703.0,2014-01,60.0,139.5,32.0,19.0,125.5,Uttar Pradesh,Varanasi,944.0,,,,3136965.0,40.2,54.0
703.0,2015-01,60.0,145.0,33.0,19.0,130.0,Uttar Pradesh,Varanasi,0.0,,,,3136965.0,40.2,54.0
703.0,2017-01,60.0,243.8,37.6,10.4,218.8,Uttar Pradesh,Varanasi,1307.0,,,,3136965.0,40.2,54.0
703.0,2018-01,60.0,189.6,34.2,9.2,170.2,Uttar Pradesh,Varanasi,944.0,,,,3136965.0,40.2,54.0
703.0,2019-01,60.0,183.6,34.4,9.6,164.8,Uttar Pradesh,Varanasi,953.0,,,,3136965.0,40.2,54.0
708.0,2013-01,89.0,157.67,27.67,25.0,160.0,Uttarakhand,Dehradun,0.4,,,,1267755.0,53.1,68.3
708.0,2014-01,89.0,165.33,29.33,26.0,163.67,Uttarakhand,Dehradun,0.5,,,,1267755.0,53.1,68.3
708.0,2015-01,89.0,188.33,30.0,26.67,179.0,Uttarakhand,Dehradun,0.0,,,,1267755.0,53.1,68.3
708.0,2016-01,89.0,241.0,29.33,26.0,216.33,Uttarakhand,Dehradun,0.0,,,,1267755.0,53.1,68.3
708.0,2017-01,89.0,248.33,29.0,26.0,223.0,Uttarakhand,Dehradun,1912.0,,,,1267755.0,53.1,68.3
708.0,2018-01,89.0,216.67,27.67,24.67,194.67,Uttarakhand,Dehradun,1612.0,,,,1267755.0,53.1,68.3
708.0,2019-01,89.0,167.67,28.67,24.67,168.0,Uttarakhand,Dehradun,1239.0,,,,1267755.0,53.1,68.3
709.0,2013-01,81.0,119.0,29.0,28.0,145.0,Uttarakhand,Haridwar,4.3,,,,1447187.0,30.8,52.2
709.0,2014-01,81.0,127.0,27.0,24.0,145.0,Uttarakhand,Haridwar,9.0,,,,1447187.0,30.8,52.2
709.0,2015-01,81.0,123.0,27.0,24.0,145.0,Uttarakhand,Haridwar,5.3,,,,1447187.0,30.8,52.2
709.0,2016-01,81.0,129.0,28.0,25.0,145.0,Uttarakhand,Haridwar,2.8,,,,1447187.0,30.8,52.2
709.0,2017-01,81.0,106.0,26.0,23.0,145.0,Uttarakhand,Haridwar,37.0,,,,1447187.0,30.8,52.2
709.0,2018-01,81.0,125.0,23.0,19.0,145.0,Uttarakhand,Haridwar,10.0,,,,1447187.0,30.8,52.2
709.0,2019-01,81.0,131.0,24.0,20.0,145.0,Uttarakhand,Haridwar,24.0,,,,1447187.0,30.8,52.2
720.0,2018-01,,65.0,15.0,2.0,500.0,West Bengal,Alipurduar,273.0,,,,1337575.0,15.5,52.8
720.0,2019-01,,80.0,33.0,7.0,500.0,West Bengal,Alipurduar,299.0,,,,1337575.0,15.5,52.8
721.0,2017-01,41.0,92.0,20.0,2.0,82.0,West Bengal,Bankura,427.0,,,,3192695.0,7.4,54.3
721.0,2018-01,41.0,77.0,17.0,2.0,73.0,West Bengal,Bankura,676.0,,,,3192695.0,7.4,54.3
721.0,2019-01,41.0,99.0,20.0,2.0,89.0,West Bengal,Bankura,594.0,,,,3192695.0,7.4,54.3
723.0,2017-01,,56.5,17.0,2.0,500.0,West Bengal,Coochbehar,700.0,,,,2479155.0,9.1,55.9
723.0,2018-01,,63.5,15.5,2.0,500.0,West Bengal,Coochbehar,791.0,,,,2479155.0,9.1,55.9
723.0,2019-01,,79.5,32.5,6.5,500.0,West Bengal,Coochbehar,1041.0,,,,2479155.0,9.1,55.9
724.0,2017-01,21.0,56.0,15.0,2.0,50.0,West Bengal,Darjeeling,844.0,,,,1426117.0,36.5,62.8
724.0,2018-01,20.0,36.0,14.0,2.0,36.0,West Bengal,Darjeeling,251.0,,,,1426117.0,36.5,62.8
724.0,2019-01,24.0,57.0,30.0,5.0,51.0,West Bengal,Darjeeling,463.0,,,,1426117.0,36.5,62.8
728.0,2013-01,73.0,187.0,45.0,10.6,168.0,West Bengal,Howrah,5.4,,,,4259829.0,50.2,67.8
728.0,2014-01,73.0,111.0,35.0,9.0,131.0,West Bengal,Howrah,3.0,,,,4259829.0,50.2,67.8
728.0,2015-01,73.0,123.0,43.0,15.0,131.0,West Bengal,Howrah,3.6,,,,4259829.0,50.2,67.8
728.0,2016-01,69.0,119.0,59.33,10.33,123.8,West Bengal,Howrah,2.2,,,,4259829.0,50.2,67.8
728.0,2017-01,74.0,110.25,63.25,10.75,133.0,West Bengal,Howrah,1476.0,,,,4259829.0,50.2,67.8
728.0,2018-01,97.0,178.75,72.5,10.75,178.25,West Bengal,Howrah,587.0,,,,4259829.0,50.2,67.8
728.0,2019-01,68.0,174.5,40.25,12.0,158.62,West Bengal,Howrah,345.0,,,,4259829.0,50.2,67.8
729.0,2017-01,65.0,53.0,17.0,2.0,117.0,West Bengal,Jalpaiguri,280.0,,,,2063598.0,19.4,53.5
729.0,2018-01,65.0,64.0,16.0,2.0,117.0,West Bengal,Jalpaiguri,326.0,,,,2063598.0,19.4,53.5
729.0,2019-01,65.0,76.0,33.0,6.0,117.0,West Bengal,Jalpaiguri,365.0,,,,2063598.0,19.4,53.5
730.0,2018-01,43.0,80.0,34.0,11.0,77.0,West Bengal,Jhargram,393.0,,,,954885.0,0.0,52.8
730.0,2019-01,43.0,79.0,37.0,9.0,77.0,West Bengal,Jhargram,316.0,,,,954885.0,0.0,52.8
731.0,2018-01,28.0,36.0,14.0,2.0,50.0,West Bengal,Kalimpong,25.0,,,,182222.0,0.0,61.6
731.0,2019-01,28.0,58.0,31.0,6.0,52.0,West Bengal,Kalimpong,44.0,,,,182222.0,0.0,61.6
732.0,2013-01,61.0,182.0,67.67,10.6,165.78,West Bengal,Kolkata,2.9,,,,4572876.0,100.0,74.0
732.0,2014-01,61.0,124.25,69.44,8.25,117.88,West Bengal,Kolkata,3.1,,,,4572876.0,100.0,74.0
732.0,2015-01,55.33,104.88,55.88,7.12,104.42,West Bengal,Kolkata,3.2,,,,4572876.0,100.0,74.0
732.0,2016-01,55.0,113.44,49.44,4.44,110.44,West Bengal,Kolkata,5.4,,,,4572876.0,100.0,74.0
732.0,2017-01,55.0,119.58,41.16,5.53,110.89,West Bengal,Kolkata,1135.0,,,,4572876.0,100.0,74.0
732.0,2018-01,86.2,144.0,42.9,6.0,160.19,West Bengal,Kolkata,2115.0,,,,4572876.0,100.0,74.0
732.0,2019-01,55.75,103.62,42.33,8.0,103.61,West Bengal,Kolkata,1674.0,,,,4572876.0,100.0,74.0
740.0,2017-01,37.0,86.0,20.0,2.0,77.0,West Bengal,Purulia,737.0,,,,2536516.0,10.1,46.6
740.0,2018-01,37.0,74.0,17.0,2.0,66.0,West Bengal,Purulia,2393.0,,,,2536516.0,10.1,46.6
740.0,2019-01,37.0,95.0,20.0,2.0,85.0,West Bengal,Purulia,2116.0,,,,2536516.0,10.1,46.6
