state,district_name,population,literate_pop,working_pop,urban_percentage,literacy_rate,district_id
Andaman And Nicobar Islands,Nicobars,42068.0,26535.0,19623.0,0.0,63.1,1
Andaman And Nicobar Islands,North And Middle Andaman,105613.0,71197.0,40136.0,0.0,67.4,2
Andaman And Nicobar Islands,South Andamans,208471.0,155403.0,76495.0,55.7,74.5,3
Andhra Pradesh,Anantapur,3651377.0,1781790.0,1782639.0,25.5,48.8,4
Andhra Pradesh,Chittoor,3700768.0,2149198.0,1733356.0,21.4,58.1,5
Andhra Pradesh,East Godavari,4934894.0,2796742.0,1980045.0,21.6,56.7,6
Andhra Pradesh,Guntur,4398923.0,2417730.0,2165607.0,28.0,55.0,7
Andhra Pradesh,Krishna,4146220.0,2513053.0,1824132.0,32.4,60.6,8
Andhra Pradesh,Kurnool,3431240.0,1533462.0,1709188.0,21.7,44.7,9
Andhra Pradesh,Prakasam,3053190.0,1528231.0,1535261.0,15.1,50.1,10
Andhra Pradesh,Spsr Nellore,2655451.0,1516372.0,1205217.0,22.6,57.1,11
Andhra Pradesh,Srikakulam,2527469.0,1212937.0,1197291.0,11.0,48.0,12
Andhra Pradesh,Visakhapatanam,3397811.0,1714411.0,1469264.0,34.4,50.5,13
Andhra Pradesh,Vizianagaram,2236022.0,989046.0,1169228.0,17.9,44.2,14
Andhra Pradesh,West Godavari,3857768.0,2478956.0,1709133.0,19.5,64.3,15
Andhra Pradesh,Y.S.R.,2290320.0,1218778.0,1065588.0,14.2,53.2,16
Arunachal Pradesh,Anjaw,18536.0,5736.0,9566.0,0.0,30.9,17
Arunachal Pradesh,Changlang,134799.0,56311.0,62200.0,16.3,41.8,18
Arunachal Pradesh,Dibang Valley,13741.0,7817.0,6076.0,47.1,56.9,19
Arunachal Pradesh,East Kameng,46363.0,14337.0,21372.0,32.4,30.9,20
Arunachal Pradesh,East Siang,58892.0,31081.0,23275.0,28.9,52.8,21
Arunachal Pradesh,Kamle,15082.0,5348.0,6684.0,0.0,35.5,22
Arunachal Pradesh,Kra Daadi,33466.0,14053.0,14677.0,44.9,42.0,23
Arunachal Pradesh,Kurung Kumey,36423.0,12317.0,16805.0,32.3,33.8,24
Arunachal Pradesh,Leparada,31151.0,16228.0,11543.0,50.6,52.1,25
Arunachal Pradesh,Lohit,27806.0,12695.0,11958.0,0.0,45.7,26
Arunachal Pradesh,Longding,51022.0,11654.0,26161.0,0.0,22.8,27
Arunachal Pradesh,Lower Dibang Valley,46260.0,21451.0,20748.0,12.8,46.4,28
Arunachal Pradesh,Lower Siang,20722.0,10222.0,8078.0,0.0,49.3,29
Arunachal Pradesh,Lower Subansiri,54326.0,30452.0,20917.0,41.4,56.1,30
Arunachal Pradesh,Namsai,85705.0,39150.0,35901.0,17.8,45.7,31
Arunachal Pradesh,Pakke Kessang,10816.0,4001.0,4577.0,0.0,37.0,32
Arunachal Pradesh,Papum Pare,122003.0,69982.0,44132.0,50.9,57.4,33
Arunachal Pradesh,Shi Yomi,10269.0,3188.0,4270.0,0.0,31.0,34
Arunachal Pradesh,Siang,28317.0,11863.0,12258.0,0.0,41.9,35
Arunachal Pradesh,Tawang,38924.0,15337.0,21727.0,21.5,39.4,36
Arunachal Pradesh,Tirap,34010.0,11319.0,17429.0,0.0,33.3,37
Arunachal Pradesh,Unknown Districts Of India,212.0,124.0,82.0,0.0,58.5,38
Arunachal Pradesh,Upper Siang,37442.0,16307.0,18669.0,10.9,43.6,39
Arunachal Pradesh,Upper Subansiri,35406.0,11590.0,15605.0,0.0,32.7,40
Arunachal Pradesh,West Kameng,74599.0,37687.0,34362.0,9.0,50.5,41
Arunachal Pradesh,West Siang,31676.0,14535.0,13830.0,0.0,45.9,42
Assam,Baksa,874577.0,442390.0,335957.0,2.9,50.6,43
Assam,Barpeta,1396408.0,633288.0,420587.0,9.1,45.4,44
Assam,Biswanath,640655.0,302329.0,248200.0,4.1,47.2,45
Assam,Bongaigaon,543242.0,253762.0,165003.0,5.6,46.7,46
Assam,Cachar,1497534.0,867300.0,482997.0,17.0,57.9,47
Assam,Charaideo,394376.0,217426.0,167636.0,5.9,55.1,48
Assam,Chirang,440504.0,192648.0,163444.0,7.2,43.7,49
Assam,Darrang,726672.0,323466.0,232111.0,5.7,44.5,50
Assam,Dhemaji,566913.0,302343.0,247830.0,6.8,53.3,51
Assam,Dhubri,1173016.0,439291.0,330849.0,6.5,37.4,52
Assam,Dibrugarh,1177131.0,691835.0,469770.0,18.7,58.8,53
Assam,Dima Hasao,168820.0,94162.0,63095.0,29.8,55.8,54
Assam,Goalpara,822035.0,384670.0,273925.0,8.1,46.8,55
Assam,Golaghat,962964.0,567302.0,393884.0,10.2,58.9,56
Assam,Hailakandi,603199.0,308529.0,198695.0,17.3,51.1,57
Assam,Hojai,744791.0,393131.0,219103.0,17.7,52.8,58
Assam,Jorhat,843539.0,562127.0,325126.0,20.3,66.6,59
Assam,Kamrup,1310052.0,747735.0,413654.0,3.8,57.1,60
Assam,Kamrup Metro,1039931.0,763982.0,364940.0,80.6,73.5,61
Assam,Karbi Anglong,409474.0,195875.0,165521.0,4.4,47.8,62
Assam,Karimganj,955363.0,507256.0,286031.0,2.2,53.1,63
Assam,Kokrajhar,929581.0,422234.0,337164.0,14.9,45.4,64
Assam,Lakhimpur,876190.0,497197.0,491661.0,7.4,56.7,65
Assam,Majuli,153400.0,96981.0,88252.0,0.0,63.2,66
Assam,Marigaon,776256.0,367292.0,262824.0,4.9,47.3,67
Assam,Nagaon,1569838.0,772486.0,508538.0,9.3,49.2,68
Assam,Nalbari,684750.0,426209.0,204736.0,3.4,62.2,69
Assam,Sivasagar,655495.0,453318.0,262335.0,11.3,69.2,70
Assam,Sonitpur,1020143.0,519394.0,379346.0,14.7,50.9,71
Assam,South Salmara Mancachar,306523.0,97255.0,85020.0,9.4,31.7,72
Assam,Tinsukia,1150062.0,588302.0,466351.0,19.5,51.2,73
Assam,Udalguri,783271.0,363554.0,297845.0,4.2,46.4,74
Assam,Unknown Districts Of India,17479.0,8112.0,6854.0,0.0,46.4,75
Assam,West Karbi Anglong,297153.0,136132.0,119333.0,22.4,45.8,76
Bihar,Araria,2158608.0,589679.0,853445.0,6.1,27.3,77
Bihar,Arwal,550804.0,243118.0,208020.0,0.0,44.1,78
Bihar,Aurangabad,2013055.0,920766.0,671011.0,8.4,45.7,79
Bihar,Banka,1587659.0,538585.0,629619.0,2.2,33.9,80
Bihar,Bhagalpur,2434933.0,972083.0,859094.0,19.4,39.9,81
Bihar,Bhojpur,2243144.0,1073010.0,653811.0,13.9,47.8,82
Bihar,Buxar,1402396.0,642167.0,408186.0,9.2,45.8,83
Bihar,Darbhanga,9204.0,2312.0,3226.0,0.0,25.1,84
Bihar,Gaya,3473428.0,1405453.0,1277639.0,13.7,40.5,85
Bihar,Jamui,1398796.0,476261.0,596617.0,7.4,34.0,86
Bihar,Jehanabad,926489.0,412258.0,361170.0,12.0,44.5,87
Bihar,Kaimur (Bhabua),1275579.0,555679.0,437975.0,3.3,43.6,88
Bihar,Katihar,2391413.0,654797.0,897899.0,9.1,27.4,89
Bihar,Kishanganj,1296348.0,313488.0,417151.0,10.0,24.2,90
Bihar,Lakhisarai,802225.0,303536.0,292634.0,14.7,37.8,91
Bihar,Madhepura,1526646.0,431480.0,683976.0,4.5,28.3,92
Bihar,Madhubani,3575281.0,1195776.0,1227723.0,3.5,33.4,93
Bihar,Munger,1137797.0,554332.0,331451.0,27.9,48.7,94
Bihar,Nalanda,2370528.0,1015473.0,903144.0,14.9,42.8,95
Bihar,Nawada,1800855.0,674943.0,671574.0,7.7,37.5,96
Bihar,Pashchim Champaran,3043466.0,932347.0,1154038.0,10.2,30.6,97
Bihar,Patna,4660059.0,2423400.0,1407598.0,42.1,52.0,98
Bihar,Purbi Champaran,3900328.0,1148567.0,1275780.0,6.2,29.4,99
Bihar,Purnia,2525489.0,694174.0,953903.0,8.8,27.5,100
Bihar,Rohtas,2464243.0,1211462.0,749095.0,13.3,49.2,101
Bihar,Sheikhpura,520614.0,200191.0,192767.0,15.6,38.5,102
Bihar,Sheohar,515961.0,144444.0,161218.0,4.1,28.0,103
Bihar,Sitamarhi,2682720.0,817711.0,855156.0,5.7,30.5,104
Bihar,Supaul,1732578.0,509025.0,728222.0,5.1,29.4,105
Chandigarh,Chandigarh,822067.0,593503.0,307160.0,98.4,72.2,106
Chhattisgarh,Balod,740596.0,486352.0,359121.0,10.6,65.7,107
Chhattisgarh,Baloda Bazar,870967.0,458031.0,376568.0,10.8,52.6,108
Chhattisgarh,Balrampur,598371.0,258755.0,302584.0,1.6,43.2,109
Chhattisgarh,Bastar,671137.0,243178.0,344734.0,13.0,36.2,110
Chhattisgarh,Bemetara,554535.0,298284.0,256446.0,5.4,53.8,111
Chhattisgarh,Bijapur,234637.0,57204.0,118678.0,0.0,24.4,112
Chhattisgarh,Bilaspur,1200467.0,674017.0,478622.0,34.6,56.1,113
Chhattisgarh,Dantewada,243976.0,73096.0,122997.0,21.3,30.0,114
Chhattisgarh,Dhamtari,698300.0,436837.0,350193.0,13.4,62.6,115
Chhattisgarh,Durg,1495303.0,996342.0,539022.0,63.9,66.6,116
Chhattisgarh,Gariyaband,509125.0,257683.0,257713.0,0.0,50.6,117
Chhattisgarh,Gaurella Pendra Marwahi,287165.0,138641.0,142375.0,9.6,48.3,118
Chhattisgarh,Janjgir-Champa,1316818.0,720147.0,575649.0,11.0,54.7,119
Chhattisgarh,Jashpur,739268.0,393076.0,396222.0,4.6,53.2,120
Chhattisgarh,Kabirdham,584552.0,261036.0,291648.0,7.7,44.7,121
Chhattisgarh,Kanker,650934.0,396797.0,351859.0,4.8,61.0,122
Chhattisgarh,Kondagaon,481510.0,172290.0,262950.0,5.6,35.8,123
Chhattisgarh,Korba,1011823.0,518372.0,431002.0,36.3,51.2,124
Chhattisgarh,Korea,569366.0,296464.0,272516.0,30.7,52.1,125
Chhattisgarh,Mahasamund,860257.0,484836.0,411747.0,11.4,56.4,126
Chhattisgarh,Mungeli,502169.0,230994.0,233207.0,8.7,46.0,127
Chhattisgarh,Narayanpur,117337.0,35146.0,64366.0,0.0,30.0,128
Chhattisgarh,Raigarh,1264815.0,746166.0,601202.0,13.4,59.0,129
Chhattisgarh,Raipur,1521181.0,934392.0,588520.0,50.8,61.4,130
Chhattisgarh,Rajnandgaon,1280369.0,821378.0,647954.0,18.1,64.2,131
Chhattisgarh,Sukma,250098.0,49551.0,144540.0,0.0,19.8,132
Chhattisgarh,Surajpur,657114.0,305452.0,319018.0,5.5,46.5,133
Chhattisgarh,Surguja,679518.0,283486.0,349144.0,9.7,41.7,134
Chhattisgarh,Unknown Districts Of India,6625.0,4601.0,2686.0,0.0,69.4,135
Delhi,Central,389826.0,259129.0,127013.0,100.0,66.5,136
Delhi,East,347618.0,234391.0,116087.0,95.4,67.4,137
Delhi,New Delhi,74994.0,54059.0,28085.0,100.0,72.1,138
Delhi,North,727140.0,496853.0,231122.0,100.0,68.3,139
Delhi,North East,480299.0,295745.0,126345.0,100.0,61.6,140
Delhi,North West,1686693.0,1176761.0,542251.0,100.0,69.8,141
Delhi,Shahdara,100825.0,63557.0,27766.0,100.0,63.0,142
Delhi,South,218119.0,135338.0,68252.0,100.0,62.0,143
Delhi,South East,193665.0,128542.0,58521.0,100.0,66.4,144
Delhi,Unknown Districts Of India,861740.0,621562.0,295319.0,88.0,72.1,145
Delhi,West,1292717.0,924786.0,427418.0,97.5,71.5,146
Goa,North Goa,609132.0,455957.0,246185.0,48.1,74.9,147
Goa,South Goa,738536.0,529605.0,276670.0,51.1,71.7,148
Gujarat,Ahmadabad,4848065.0,3315470.0,1681586.0,80.4,68.4,149
Gujarat,Amreli,1392514.0,789571.0,600312.0,22.5,56.7,150
Gujarat,Anand,1843623.0,1184941.0,778887.0,27.6,64.3,151
Gujarat,Arvalli,894493.0,502892.0,406246.0,7.9,56.2,152
Gujarat,Banas Kantha,2500782.0,1035994.0,1090915.0,11.0,41.4,153
Gujarat,Bharuch,1370656.0,875519.0,570693.0,25.7,63.9,154
Gujarat,Bhavnagar,2074185.0,1156639.0,788945.0,39.0,55.8,155
Gujarat,Botad,545196.0,285954.0,218178.0,23.3,52.4,156
Gujarat,Dang,186729.0,89586.0,92993.0,0.0,48.0,157
Gujarat,Devbhumi Dwarka,572054.0,279930.0,237284.0,26.1,48.9,158
Gujarat,Dohad,1636433.0,588074.0,814590.0,9.6,35.9,159
Gujarat,Gandhinagar,1179207.0,769802.0,495901.0,33.1,65.3,160
Gujarat,Gir Somnath,1053374.0,539481.0,403303.0,23.0,51.2,161
Gujarat,Jamnagar,1217189.0,739225.0,461688.0,49.0,60.7,162
Gujarat,Junagadh,1348983.0,837168.0,581106.0,32.7,62.1,163
Gujarat,Kachchh,1578974.0,793182.0,603394.0,30.1,50.2,164
Gujarat,Kheda,1833856.0,1134440.0,818356.0,20.3,61.9,165
Gujarat,Mahesana,1849665.0,1195976.0,834537.0,22.3,64.7,166
Gujarat,Mahisagar,861562.0,454379.0,427498.0,9.6,52.7,167
Gujarat,Morbi,824247.0,479710.0,337336.0,29.4,58.2,168
Gujarat,Narmada,509924.0,255764.0,257937.0,9.3,50.2,169
Gujarat,Navsari,1213215.0,807143.0,539407.0,26.4,66.5,170
Gujarat,Panch Mahals,1381002.0,695936.0,652071.0,14.8,50.4,171
Gujarat,Patan,1182709.0,599082.0,533078.0,20.2,50.7,172
Gujarat,Porbandar,518899.0,306831.0,208428.0,47.0,59.1,173
Gujarat,Rajkot,2513269.0,1640793.0,981901.0,56.0,65.3,174
Gujarat,Sabar Kantha,1185242.0,667117.0,532954.0,13.0,56.3,175
Gujarat,Surat,4112197.0,2738377.0,1719950.0,69.1,66.6,176
Gujarat,Surendranagar,1342283.0,696295.0,571525.0,28.2,51.9,177
Gujarat,Tapi,719634.0,354064.0,396204.0,9.7,49.2,178
Gujarat,Unknown Districts Of India,14022.0,3710.0,4181.0,0.0,26.5,179
Gujarat,Valsad,1329804.0,772145.0,618288.0,22.7,58.1,180
Haryana,Ambala,997690.0,651796.0,319710.0,35.8,65.3,181
Haryana,Bhiwani,974348.0,545297.0,396076.0,23.1,56.0,182
Haryana,Charki Dadri,450674.0,264599.0,213244.0,10.0,58.7,183
Haryana,Faridabad,1365465.0,876971.0,448694.0,77.8,64.2,184
Haryana,Fatehabad,806158.0,392178.0,362975.0,17.6,48.6,185
Haryana,Gurugram,698539.0,456832.0,262706.0,38.9,65.4,186
Haryana,Hisar,1537117.0,842302.0,665572.0,25.9,54.8,187
Haryana,Jhajjar,874893.0,538077.0,387090.0,21.7,61.5,188
Haryana,Jind,1175054.0,616589.0,514470.0,20.6,52.5,189
Haryana,Kaithal,960904.0,478628.0,379487.0,19.1,49.8,190
Haryana,Karnal,1273965.0,732482.0,455374.0,26.5,57.5,191
Haryana,Kurukshetra,825454.0,494873.0,308392.0,26.1,60.0,192
Haryana,Mahendragarh,812521.0,478296.0,351864.0,13.5,58.9,193
Haryana,Nuh,785594.0,254897.0,303731.0,7.5,32.4,194
Haryana,Palwal,829121.0,392830.0,337068.0,19.2,47.4,195
Haryana,Panchkula,438699.0,278781.0,165795.0,47.5,63.5,196
Haryana,Panipat,967667.0,559605.0,382882.0,40.5,57.8,197
Haryana,Rewari,760897.0,485204.0,332396.0,17.3,63.8,198
Haryana,Rohtak,933679.0,588260.0,368945.0,35.3,63.0,199
Haryana,Sirsa,1116649.0,574624.0,475571.0,26.3,51.5,200
Haryana,Sonipat,1279175.0,788105.0,523031.0,25.1,61.6,201
Haryana,Unknown Districts Of India,14216.0,10967.0,4994.0,0.0,77.1,202
Haryana,Yamunanagar,1041630.0,638711.0,336533.0,37.7,61.3,203
Himachal Pradesh,Bilaspur,340885.0,231733.0,166708.0,6.4,68.0,204
Himachal Pradesh,Chamba,460887.0,246169.0,230452.0,7.5,53.4,205
Himachal Pradesh,Hamirpur,412700.0,298498.0,205405.0,7.3,72.3,206
Himachal Pradesh,Kangra,1333796.0,936123.0,587328.0,5.0,70.2,207
Himachal Pradesh,Kinnaur,78334.0,51913.0,47811.0,0.0,66.3,208
Himachal Pradesh,Kullu,381571.0,239649.0,216513.0,7.9,62.8,209
Himachal Pradesh,Lahul And Spiti,33224.0,21609.0,21088.0,0.0,65.0,210
Himachal Pradesh,Mandi,901344.0,587884.0,454292.0,6.8,65.2,211
Himachal Pradesh,Shimla,722502.0,504330.0,370223.0,23.1,69.8,212
Himachal Pradesh,Sirmaur,458593.0,274643.0,225872.0,10.4,59.9,213
Himachal Pradesh,Solan,500375.0,332271.0,263333.0,18.2,66.4,214
Himachal Pradesh,Una,448273.0,312278.0,201658.0,8.8,69.7,215
Jammu And Kashmir,Anantnag,681900.0,262460.0,239175.0,9.4,38.5,216
Jammu And Kashmir,Bandipora,304886.0,99372.0,107914.0,15.2,32.6,217
Jammu And Kashmir,Baramulla,843951.0,339415.0,256643.0,17.8,40.2,218
Jammu And Kashmir,Budgam,576750.0,201351.0,208707.0,8.5,34.9,219
Jammu And Kashmir,Doda,320256.0,141907.0,149174.0,6.8,44.3,220
Jammu And Kashmir,Ganderbal,214884.0,73089.0,67320.0,6.4,34.0,221
Jammu And Kashmir,Jammu,1349079.0,917524.0,453211.0,47.1,68.0,222
Jammu And Kashmir,Kathua,511455.0,282210.0,195354.0,15.4,55.2,223
Jammu And Kashmir,Kishtwar,190843.0,68942.0,93178.0,7.8,36.1,224
Jammu And Kashmir,Kulgam,359294.0,130584.0,114435.0,3.7,36.3,225
Jammu And Kashmir,Kupwara,650393.0,232557.0,212501.0,3.9,35.8,226
Jammu And Kashmir,Poonch,372613.0,156398.0,201100.0,6.4,42.0,227
Jammu And Kashmir,Pulwama,441275.0,201349.0,150495.0,12.7,45.6,228
Jammu And Kashmir,Rajouri,483284.0,234228.0,218212.0,7.0,48.5,229
Jammu And Kashmir,Ramban,214944.0,75916.0,94054.0,5.1,35.3,230
Jammu And Kashmir,Reasi,247694.0,99900.0,124877.0,8.2,40.3,231
Jammu And Kashmir,Samba,267410.0,170490.0,81751.0,24.4,63.8,232
Jammu And Kashmir,Shopian,211332.0,80169.0,62104.0,5.8,37.9,233
Jammu And Kashmir,Srinagar,50895.0,27459.0,18791.0,37.2,54.0,234
Jammu And Kashmir,Udhampur,462146.0,231432.0,223511.0,20.9,50.1,235
Jammu And Kashmir,Unknown Districts Of India,1016506.0,593610.0,324581.0,98.3,58.4,236
Jharkhand,Bokaro,1777662.0,923150.0,509310.0,45.3,51.9,237
Jharkhand,Chatra,798396.0,272061.0,301501.0,5.3,34.1,238
Jharkhand,Deoghar,1121626.0,446680.0,419691.0,13.0,39.8,239
Jharkhand,Dhanbad,1677514.0,909656.0,486775.0,35.1,54.2,240
Jharkhand,Dumka,1106521.0,421322.0,517935.0,5.3,38.1,241
Jharkhand,East Singhbum,1982988.0,1169213.0,692664.0,55.0,59.0,242
Jharkhand,Garhwa,1025202.0,312752.0,398855.0,4.2,30.5,243
Jharkhand,Giridih,1905343.0,667741.0,645082.0,6.4,35.0,244
Jharkhand,Godda,1047939.0,363825.0,421941.0,3.5,34.7,245
Jharkhand,Gumla,832447.0,343581.0,392751.0,4.8,41.3,246
Jharkhand,Hazaribagh,1388620.0,615034.0,501771.0,13.8,44.3,247
Jharkhand,Jamtara,653081.0,269512.0,260443.0,8.5,41.3,248
Jharkhand,Khunti,434819.0,182559.0,217667.0,6.7,42.0,249
Jharkhand,Koderma,540901.0,220077.0,191698.0,16.0,40.7,250
Jharkhand,Latehar,560894.0,179937.0,236453.0,4.7,32.1,251
Jharkhand,Lohardaga,364521.0,156710.0,153373.0,12.7,43.0,252
Jharkhand,Pakur,701664.0,170931.0,309575.0,5.1,24.4,253
Jharkhand,Palamu,1508660.0,558622.0,548287.0,6.5,37.0,254
Jharkhand,Ramgarh,820506.0,428103.0,264412.0,41.1,52.2,255
Jharkhand,Ranchi,2350245.0,1317982.0,859237.0,40.4,56.1,256
Jharkhand,Sahebganj,927770.0,275829.0,388045.0,10.6,29.7,257
Jharkhand,Saraikela Kharsawan,838283.0,381504.0,346148.0,17.8,45.5,258
Jharkhand,Simdega,514320.0,224653.0,266170.0,6.6,43.7,259
Jharkhand,Unknown Districts Of India,18976.0,12010.0,4347.0,0.0,63.3,260
Jharkhand,West Singhbhum,1229994.0,465946.0,567755.0,15.2,37.9,261
Karnataka,Bagalkote,1651892.0,794785.0,719659.0,29.0,48.1,262
Karnataka,Ballari,2295933.0,1108276.0,1050687.0,32.6,48.3,263
Karnataka,Belagavi,4214505.0,2305279.0,1877774.0,24.0,54.7,264
Karnataka,Bengaluru Rural,1064812.0,662254.0,453040.0,38.6,62.2,265
Karnataka,Bengaluru Urban,5259082.0,3887740.0,2051666.0,88.6,73.9,266
Karnataka,Bidar,1502373.0,768358.0,557603.0,23.0,51.1,267
Karnataka,Chamarajanagara,965462.0,432700.0,448369.0,15.3,44.8,268
Karnataka,Chikkaballapura,1149007.0,591496.0,600651.0,19.2,51.5,269
Karnataka,Chikkamagaluru,1140905.0,723610.0,516677.0,19.5,63.4,270
Karnataka,Chitradurga,1517896.0,849690.0,721835.0,18.1,56.0,271
Karnataka,Dakshina Kannada,1880541.0,1379287.0,938407.0,37.9,73.3,272
Karnataka,Davangere,1522159.0,917827.0,653915.0,32.9,60.3,273
Karnataka,Dharwad,1604253.0,992550.0,684492.0,55.0,61.9,274
Karnataka,Gadag,971835.0,551362.0,457817.0,35.2,56.7,275
Karnataka,Hassan,1717131.0,1041266.0,862892.0,17.7,60.6,276
Karnataka,Haveri,1439116.0,837509.0,666714.0,20.8,58.2,277
Karnataka,Kalaburagi,2170040.0,983191.0,903389.0,31.6,45.3,278
Karnataka,Kodagu,548561.0,373541.0,266378.0,13.7,68.1,279
Karnataka,Kolar,1387062.0,790771.0,634377.0,29.2,57.0,280
Karnataka,Koppal,1196089.0,534547.0,554506.0,16.6,44.7,281
Karnataka,Mandya,1755212.0,945823.0,837515.0,15.6,53.9,282
Karnataka,Mysuru,2639500.0,1470085.0,1109732.0,37.2,55.7,283
Karnataka,Raichur,1669762.0,676799.0,732762.0,25.2,40.5,284
Karnataka,Ramanagara,1030546.0,553777.0,496323.0,20.9,53.7,285
Karnataka,Shivamogga,1642545.0,1068934.0,714671.0,34.8,65.1,286
Karnataka,Tumakuru,2584711.0,1525485.0,1316939.0,19.6,59.0,287
Karnataka,Udupi,1112243.0,810584.0,488173.0,18.6,72.9,288
Karnataka,Unknown Districts Of India,15315.0,8158.0,5943.0,0.0,53.3,289
Karnataka,Uttara Kannada,1353551.0,903953.0,581229.0,28.7,66.8,290
Karnataka,Vijayapura,1571283.0,709612.0,652730.0,10.9,45.2,291
Karnataka,Yadgir,954963.0,310029.0,443811.0,17.1,32.5,292
Kerala,Alappuzha,2072313.0,1727878.0,713778.0,30.0,83.4,293
Kerala,Ernakulam,2816149.0,2336603.0,1020533.0,42.7,83.0,294
Kerala,Idukki,1117403.0,872808.0,482594.0,4.1,78.1,295
Kerala,Kannur,2408956.0,1971403.0,767197.0,50.3,81.8,296
Kerala,Kasaragod,1204078.0,883860.0,417845.0,19.4,73.4,297
Kerala,Kollam,2585208.0,2090444.0,828566.0,18.0,80.9,298
Kerala,Kottayam,1953646.0,1668266.0,642157.0,15.3,85.4,299
Kerala,Kozhikode,2879131.0,2335442.0,802900.0,38.2,81.1,300
Kerala,Malappuram,3625471.0,2754509.0,874476.0,9.8,76.0,301
Kerala,Palakkad,2617482.0,1938818.0,945052.0,13.6,74.1,302
Kerala,Pathanamthitta,1234016.0,1049876.0,366049.0,10.0,85.1,303
Kerala,Thiruvananthapuram,3234356.0,2558494.0,1047935.0,33.8,79.1,304
Kerala,Thrissur,2958665.0,2424553.0,950451.0,28.4,81.9,305
Kerala,Wayanad,780619.0,576735.0,308613.0,3.8,73.9,306
Ladakh,Kargil,118922.0,60554.0,55496.0,9.0,50.9,307
Ladakh,Leh Ladakh,117232.0,68278.0,58125.0,24.4,58.2,308
Lakshadweep,Lakshadweep District,60650.0,44683.0,15354.0,44.5,73.7,309
Madhya Pradesh,Agar Malwa,480363.0,245583.0,241679.0,20.7,51.1,310
Madhya Pradesh,Alirajpur,610275.0,145743.0,336949.0,7.3,23.9,311
Madhya Pradesh,Anuppur,660019.0,331734.0,284749.0,28.5,50.3,312
Madhya Pradesh,Ashoknagar,688940.0,344760.0,264181.0,16.8,50.0,313
Madhya Pradesh,Balaghat,1497610.0,870539.0,753372.0,13.0,58.1,314
Madhya Pradesh,Barwani,1058805.0,348466.0,511279.0,14.9,32.9,315
Madhya Pradesh,Betul,1391178.0,767062.0,614860.0,18.3,55.1,316
Madhya Pradesh,Bhind,1428559.0,827663.0,525370.0,23.7,57.9,317
Madhya Pradesh,Bhopal,1837603.0,1156759.0,589122.0,80.7,62.9,318
Madhya Pradesh,Burhanpur,646363.0,320457.0,270711.0,39.5,49.6,319
Madhya Pradesh,Chhatarpur,1474723.0,631370.0,592470.0,22.0,42.8,320
Madhya Pradesh,Chhindwara,1835653.0,1011657.0,776423.0,23.6,55.1,321
Madhya Pradesh,Damoh,1072720.0,541509.0,482434.0,18.0,50.5,322
Madhya Pradesh,Datia,679758.0,399963.0,344226.0,20.2,58.8,323
Madhya Pradesh,Dewas,1307849.0,656300.0,580246.0,27.4,50.2,324
Madhya Pradesh,Dhar,1714056.0,719604.0,802582.0,15.3,42.0,325
Madhya Pradesh,Dindori,592910.0,268821.0,335356.0,6.6,45.3,326
Madhya Pradesh,East Nimar,1011468.0,521323.0,456728.0,19.8,51.5,327
Madhya Pradesh,Guna,977827.0,453233.0,418807.0,24.4,46.4,328
Madhya Pradesh,Gwalior,1632109.0,955356.0,530629.0,60.2,58.5,329
Madhya Pradesh,Harda,474416.0,257682.0,213226.0,21.3,54.3,330
Madhya Pradesh,Hoshangabad,1084265.0,635839.0,387120.0,30.8,58.6,331
Madhya Pradesh,Indore,2455179.0,1570184.0,890112.0,70.5,64.0,332
Madhya Pradesh,Jabalpur,2128575.0,1381022.0,792366.0,57.1,64.9,333
Madhya Pradesh,Jhabua,784286.0,250847.0,395297.0,9.8,32.0,334
Madhya Pradesh,Katni,1061678.0,554306.0,442518.0,21.2,52.2,335
Madhya Pradesh,Khargone,1529446.0,780773.0,704373.0,15.4,51.0,336
Madhya Pradesh,Mandla,881745.0,438963.0,459802.0,10.4,49.8,337
Madhya Pradesh,Mandsaur,1178265.0,690499.0,568472.0,18.7,58.6,338
Madhya Pradesh,Morena,1592714.0,837828.0,590599.0,21.6,52.6,339
Madhya Pradesh,Narsinghpur,966230.0,629919.0,406262.0,17.0,65.2,340
Madhya Pradesh,Neemuch,726070.0,403371.0,348262.0,28.0,55.6,341
Madhya Pradesh,Niwari,321123.0,156046.0,154734.0,13.7,48.6,342
Madhya Pradesh,Panna,856558.0,420622.0,373605.0,12.6,49.1,343
Madhya Pradesh,Raisen,1121466.0,656578.0,410313.0,18.4,58.5,344
Madhya Pradesh,Rajgarh,1254085.0,548640.0,625494.0,17.3,43.7,345
Madhya Pradesh,Ratlam,1241666.0,688354.0,556685.0,31.8,55.4,346
Madhya Pradesh,Rewa,1970124.0,989524.0,862076.0,16.3,50.2,347
Madhya Pradesh,Sagar,2009807.0,1111936.0,835314.0,28.8,55.3,348
Madhya Pradesh,Satna,1873677.0,986818.0,746607.0,21.0,52.7,349
Madhya Pradesh,Sehore,1078153.0,550637.0,451065.0,18.0,51.1,350
Madhya Pradesh,Seoni,1165988.0,635935.0,568775.0,10.4,54.5,351
Madhya Pradesh,Shahdol,912683.0,435386.0,397054.0,22.2,47.7,352
Madhya Pradesh,Shajapur,810322.0,502774.0,388112.0,17.3,62.0,353
Madhya Pradesh,Sheopur,554148.0,206627.0,226558.0,16.0,37.3,354
Madhya Pradesh,Shivpuri,1388540.0,655402.0,623340.0,17.3,47.2,355
Madhya Pradesh,Sidhi,905072.0,400486.0,370066.0,7.6,44.2,356
Madhya Pradesh,Singrauli,920169.0,356524.0,385102.0,20.9,38.7,357
Madhya Pradesh,Tikamgarh,874274.0,382638.0,408387.0,18.4,43.8,358
Madhya Pradesh,Ujjain,1706960.0,1012715.0,753215.0,38.8,59.3,359
Madhya Pradesh,Umaria,515963.0,247303.0,217537.0,16.1,47.9,360
Madhya Pradesh,Unknown Districts Of India,3583.0,2255.0,874.0,0.0,62.9,361
Madhya Pradesh,Vidisha,1214415.0,607959.0,451610.0,21.4,50.1,362
Maharashtra,Ahmednagar,4014656.0,2580774.0,1848283.0,19.4,64.3,363
Maharashtra,Akola,1632199.0,1135852.0,649171.0,38.4,69.6,364
Maharashtra,Amravati,2604594.0,1855610.0,1094329.0,34.5,71.2,365
Maharashtra,Aurangabad,2907368.0,1776460.0,1182125.0,37.4,61.1,366
Maharashtra,Beed,2159751.0,1240739.0,956826.0,17.9,57.4,367
Maharashtra,Bhandara,1136146.0,770662.0,536885.0,15.5,67.8,368
Maharashtra,Buldhana,2232480.0,1433889.0,1016015.0,21.2,64.2,369
Maharashtra,Chandrapur,2071101.0,1311008.0,930791.0,32.1,63.3,370
Maharashtra,Dhule,1707947.0,1040837.0,737941.0,26.1,60.9,371
Maharashtra,Gadchiroli,970294.0,490121.0,497104.0,6.9,50.5,372
Maharashtra,Gondia,1200707.0,808414.0,579596.0,11.9,67.3,373
Maharashtra,Hingoli,980559.0,540199.0,456648.0,15.0,55.1,374
Maharashtra,Jalgaon,3668990.0,2372659.0,1559446.0,28.7,64.7,375
Maharashtra,Jalna,1604124.0,866293.0,712390.0,19.2,54.0,376
Maharashtra,Kolhapur,3523162.0,2364307.0,1652970.0,29.8,67.1,377
Maharashtra,Latur,2080285.0,1254534.0,840518.0,23.6,60.3,378
Maharashtra,Mumbai,8640419.0,6617264.0,3152509.0,100.0,76.6,379
Maharashtra,Nanded,2860540.0,1614070.0,1197551.0,24.1,56.4,380
Maharashtra,Nandurbar,1308115.0,600445.0,609016.0,15.2,45.9,381
Maharashtra,Nashik,4990688.0,3124601.0,2184293.0,38.8,62.6,382
Maharashtra,Osmanabad,1486586.0,872022.0,653522.0,15.7,58.7,383
Maharashtra,Palghar,1642015.0,902292.0,754305.0,23.1,55.0,384
Maharashtra,Parbhani,1527715.0,842536.0,644752.0,31.8,55.2,385
Maharashtra,Pune,7224579.0,5035002.0,2950842.0,58.0,69.7,386
Maharashtra,Raigad,2207929.0,1458324.0,913995.0,24.2,66.0,387
Maharashtra,Ratnagiri,1693570.0,1093204.0,762232.0,11.2,64.6,388
Maharashtra,Sangli,2579602.0,1715497.0,1216920.0,24.4,66.5,389
Maharashtra,Satara,2793216.0,1897392.0,1298049.0,13.7,67.9,390
Maharashtra,Sindhudurg,868825.0,612919.0,404985.0,9.5,70.5,391
Maharashtra,Solapur,3849543.0,2336825.0,1743041.0,31.8,60.7,392
Maharashtra,Thane,5992940.0,4358688.0,2231003.0,86.6,72.7,393
Maharashtra,Washim,1020822.0,631095.0,455697.0,17.5,61.8,394
Maharashtra,Yavatmal,2444944.0,1528926.0,1114104.0,18.5,62.5,395
Manipur,Bishnupur,209107.0,120281.0,90113.0,35.7,57.5,396
Manipur,Chandel,69257.0,34624.0,31987.0,0.0,50.0,397
Manipur,Churachandpur,174852.0,104022.0,75158.0,0.0,59.5,398
Manipur,Imphal East,349616.0,230542.0,140826.0,29.1,65.9,399
Manipur,Imphal West,435278.0,304641.0,174450.0,56.7,70.0,400
Manipur,Jiribam,37828.0,21022.0,12492.0,17.0,55.6,401
Manipur,Kakching,131754.0,73174.0,72530.0,32.3,55.5,402
Manipur,Kamjong,38533.0,23820.0,21300.0,0.0,61.8,403
Manipur,Kangpokpi,156834.0,80699.0,72045.0,0.0,51.5,404
Manipur,Noney,39321.0,19857.0,18923.0,0.0,50.5,405
Manipur,Pherzawl,39893.0,25275.0,20583.0,0.0,63.4,406
Manipur,Tamenglong,63553.0,33336.0,28393.0,0.0,52.5,407
Manipur,Tengnoupal,49070.0,22836.0,22558.0,30.5,46.5,408
Manipur,Thoubal,229755.0,127590.0,103525.0,38.6,55.5,409
Manipur,Ukhrul,95385.0,60081.0,41854.0,0.0,63.0,410
Manipur,Unknown Districts Of India,38387.0,22595.0,15225.0,0.0,58.9,411
Meghalaya,East Garo Hills,113855.0,50127.0,50305.0,16.0,44.0,412
Meghalaya,East Jaintia Hills,26808.0,10564.0,13016.0,0.0,39.4,413
Meghalaya,East Khasi Hills,635275.0,392878.0,247447.0,43.7,61.8,414
Meghalaya,North Garo Hills,135681.0,69799.0,61458.0,13.0,51.4,415
Meghalaya,Ri Bhoi,190864.0,96649.0,87376.0,6.9,50.6,416
Meghalaya,South Garo Hills,118428.0,53652.0,54755.0,7.3,45.3,417
Meghalaya,South West Garo Hills,133806.0,51400.0,57211.0,0.0,38.4,418
Meghalaya,South West Khasi Hills,83183.0,41579.0,37717.0,0.0,50.0,419
Meghalaya,Unknown Districts Of India,1800.0,947.0,826.0,0.0,52.6,420
Meghalaya,West Garo Hills,369832.0,154891.0,144930.0,15.9,41.9,421
Meghalaya,West Jaintia Hills,236309.0,99600.0,97002.0,10.6,42.1,422
Meghalaya,West Khasi Hills,216906.0,105608.0,94464.0,16.0,48.7,423
Mizoram,Aizawl,303100.0,252169.0,149248.0,81.9,83.2,424
Mizoram,Champhai,58678.0,44428.0,36142.0,45.1,75.7,425
Mizoram,Hnahthial,26831.0,20976.0,16212.0,26.6,78.2,426
Mizoram,Khawzawl,31770.0,23943.0,20238.0,42.0,75.4,427
Mizoram,Kolasib,63242.0,48455.0,33831.0,57.7,76.6,428
Mizoram,Lawngtlai,87592.0,47733.0,41872.0,0.0,54.5,429
Mizoram,Lunglei,108840.0,73901.0,54709.0,46.7,67.9,430
Mizoram,Mamit,62534.0,40750.0,35013.0,17.0,65.2,431
Mizoram,Saiha,47084.0,31853.0,19202.0,42.1,67.7,432
Mizoram,Saitual,34660.0,26587.0,21305.0,0.0,76.7,433
Mizoram,Serchhip,57040.0,45248.0,34862.0,49.3,79.3,434
Mizoram,Unknown Districts Of India,6951.0,5303.0,4373.0,0.0,76.3,435
Nagaland,Dimapur,307676.0,200628.0,102772.0,37.2,65.2,436
Nagaland,Kiphire,103963.0,43397.0,42869.0,0.0,41.7,437
Nagaland,Kohima,219913.0,145592.0,93762.0,35.0,66.2,438
Nagaland,Longleng,121581.0,49070.0,63911.0,0.0,40.4,439
Nagaland,Mokokchung,230461.0,173579.0,108635.0,13.5,75.3,440
Nagaland,Mon,260652.0,92726.0,130848.0,6.4,35.6,441
Nagaland,Noklak,35757.0,13688.0,17016.0,0.0,38.3,442
Nagaland,Peren,90525.0,50684.0,41439.0,0.0,56.0,443
Nagaland,Phek,148195.0,85562.0,71398.0,8.7,57.7,444
Nagaland,Tuensang,148406.0,71691.0,58901.0,20.1,48.3,445
Nagaland,Unknown Districts Of India,1000.0,305.0,530.0,0.0,30.5,446
Nagaland,Wokha,161223.0,112198.0,56254.0,23.3,69.6,447
Nagaland,Zunheboto,153712.0,89139.0,56788.0,15.0,58.0,448
Odisha,Anugul,1139807.0,671369.0,453516.0,13.9,58.9,449
Odisha,Balangir,1331877.0,634195.0,557650.0,11.6,47.6,450
Odisha,Baleshwar,1998480.0,1202589.0,637510.0,10.0,60.2,451
Odisha,Bargarh,1346336.0,749820.0,593530.0,7.7,55.7,452
Odisha,Bhadrak,1325978.0,837385.0,382956.0,10.6,63.2,453
Odisha,Boudh,373372.0,180321.0,170761.0,4.8,48.3,454
Odisha,Cuttack,2333935.0,1569514.0,791462.0,27.4,67.2,455
Odisha,Deogarh,273365.0,139684.0,125798.0,7.4,51.1,456
Odisha,Dhenkanal,1068363.0,640448.0,356728.0,8.7,59.9,457
Odisha,Gajapati,518691.0,175800.0,275469.0,10.2,33.9,458
Odisha,Ganjam,3158385.0,1630506.0,1305155.0,17.6,51.6,459
Odisha,Jagatsinghapur,1057891.0,738041.0,330133.0,9.9,69.8,460
Odisha,Jajapur,1623657.0,1004117.0,446322.0,4.5,61.8,461
Odisha,Jharsuguda,514853.0,315561.0,192287.0,36.1,61.3,462
Odisha,Kalahandi,1335493.0,513383.0,620949.0,7.5,38.4,463
Odisha,Kandhamal,648201.0,279705.0,306209.0,6.8,43.2,464
Odisha,Kendrapara,1299776.0,864391.0,387738.0,5.7,66.5,465
Odisha,Kendujhar,1561990.0,780918.0,621226.0,13.6,50.0,466
Odisha,Khordha,1853988.0,1295874.0,567224.0,42.9,69.9,467
Odisha,Koraput,1180637.0,350044.0,570435.0,16.8,29.6,468
Odisha,Malkangiri,505258.0,127142.0,248037.0,6.9,25.2,469
Odisha,Mayurbhanj,2211702.0,958356.0,1023400.0,6.8,43.3,470
Odisha,Nabarangpur,1018658.0,283958.0,503904.0,5.8,27.9,471
Odisha,Nayagarh,864516.0,529840.0,288053.0,4.3,61.3,472
Odisha,Nuapada,530118.0,187345.0,244111.0,5.7,35.3,473
Odisha,Puri,1501073.0,1023461.0,450021.0,13.6,68.2,474
Odisha,Rayagada,831109.0,247829.0,399184.0,13.9,29.8,475
Odisha,Sambalpur,925711.0,539089.0,416890.0,27.0,58.2,476
Odisha,Sonepur,541835.0,291931.0,236980.0,7.4,53.9,477
Odisha,Sundargarh,1789440.0,986694.0,726901.0,32.9,55.1,478
Odisha,Unknown Districts Of India,3949.0,2952.0,1167.0,0.0,74.8,479
Puducherry,Karaikal,170791.0,122266.0,57497.0,43.6,71.6,480
Puducherry,Mahe,36828.0,31140.0,9292.0,100.0,84.6,481
Puducherry,Pondicherry,712139.0,505333.0,257930.0,67.8,71.0,482
Puducherry,Yanam,31394.0,19861.0,9903.0,100.0,63.3,483
Punjab,Amritsar,2157020.0,1314899.0,763452.0,51.5,61.0,484
Punjab,Barnala,526931.0,275441.0,234184.0,30.5,52.3,485
Punjab,Bathinda,1183295.0,632570.0,500667.0,29.7,53.5,486
Punjab,Faridkot,550892.0,295618.0,209754.0,35.1,53.7,487
Punjab,Fatehgarh Sahib,538041.0,347364.0,206139.0,28.1,64.6,488
Punjab,Fazilka,907293.0,466691.0,342074.0,24.8,51.4,489
Punjab,Ferozepur,838570.0,436503.0,306530.0,27.0,52.1,490
Punjab,Gurdaspur,1476672.0,908926.0,483025.0,21.7,61.6,491
Punjab,Hoshiarpur,1480027.0,1049899.0,513171.0,19.7,70.9,492
Punjab,Jalandhar,1961254.0,1351043.0,676417.0,47.4,68.9,493
Punjab,Kapurthala,754521.0,487554.0,262741.0,32.7,64.6,494
Punjab,Ludhiana,3032831.0,2036278.0,1149638.0,55.8,67.1,495
Punjab,Malerkotla,382988.0,218828.0,143666.0,35.3,57.1,496
Punjab,Mansa,688758.0,310632.0,281491.0,20.7,45.1,497
Punjab,Moga,894854.0,494525.0,358763.0,20.0,55.3,498
Punjab,Pathankot,622005.0,433086.0,215943.0,34.6,69.6,499
Punjab,Patiala,1619346.0,978866.0,596956.0,35.8,60.4,500
Punjab,Rupnagar,627484.0,415609.0,247024.0,22.5,66.2,501
Punjab,S.A.S Nagar,687666.0,468367.0,264245.0,40.8,68.1,502
Punjab,Sangrur,1086771.0,545342.0,435073.0,26.6,50.2,503
Punjab,Shahid Bhagat Singh Nagar,587468.0,394429.0,263698.0,13.8,67.1,504
Punjab,Sri Muktsar Sahib,777493.0,391658.0,309572.0,25.5,50.4,505
Punjab,Tarn Taran,939301.0,479179.0,348820.0,12.0,51.0,506
Punjab,Unknown Districts Of India,3853.0,2500.0,1951.0,0.0,64.9,507
Rajasthan,Ajmer,2172404.0,1163663.0,853487.0,40.0,53.6,508
Rajasthan,Alwar,2935168.0,1455925.0,1434579.0,14.0,49.6,509
Rajasthan,Banswara,1420601.0,511640.0,666207.0,7.6,36.0,510
Rajasthan,Baran,1013141.0,490247.0,433713.0,17.0,48.4,511
Rajasthan,Barmer,1964835.0,902027.0,919729.0,7.4,45.9,512
Rajasthan,Bharatpur,2100020.0,1063057.0,852405.0,19.5,50.6,513
Rajasthan,Bhilwara,1993177.0,824802.0,934542.0,19.4,41.4,514
Rajasthan,Bikaner,1902474.0,874734.0,783899.0,33.6,46.0,515
Rajasthan,Bundi,962620.0,437773.0,456937.0,18.7,45.5,516
Rajasthan,Chittorgarh,1330360.0,599022.0,675964.0,17.8,45.0,517
Rajasthan,Churu,1721048.0,937181.0,739135.0,30.0,54.5,518
Rajasthan,Dausa,1323002.0,653158.0,546008.0,10.3,49.4,519
Rajasthan,Dholpur,983258.0,458782.0,429314.0,18.0,46.7,520
Rajasthan,Dungarpur,1107643.0,425440.0,531376.0,7.3,38.4,521
Rajasthan,Ganganagar,1789025.0,965155.0,719690.0,25.3,53.9,522
Rajasthan,Hanumangarh,1518005.0,795660.0,628311.0,20.0,52.4,523
Rajasthan,Jaipur,4799267.0,2740564.0,1720703.0,44.6,57.1,524
Rajasthan,Jaisalmer,508247.0,201960.0,211687.0,15.0,39.7,525
Rajasthan,Jhalawar,1179921.0,556384.0,554612.0,14.3,47.2,526
Rajasthan,Jhunjhunu,1913689.0,1152872.0,760910.0,20.6,60.2,527
Rajasthan,Jodhpur,2886505.0,1319879.0,1105009.0,33.9,45.7,528
Rajasthan,Karauli,1205888.0,606994.0,481424.0,14.3,50.3,529
Rajasthan,Kota,1523246.0,943508.0,525654.0,54.5,61.9,530
Rajasthan,Nagaur,2775058.0,1287921.0,1129514.0,17.2,46.4,531
Rajasthan,Pali,1820251.0,806297.0,724883.0,21.5,44.3,532
Rajasthan,Pratapgarh,706807.0,272178.0,370769.0,8.8,38.5,533
Rajasthan,Rajsamand,983067.0,447870.0,399678.0,13.1,45.6,534
Rajasthan,Sawai Madhopur,1116987.0,515865.0,469141.0,19.0,46.2,535
Rajasthan,Sikar,2285961.0,1315985.0,887298.0,20.7,57.6,536
Rajasthan,Tonk,1211671.0,513474.0,532682.0,20.9,42.4,537
Rajasthan,Udaipur,2481822.0,1209915.0,1028550.0,19.3,48.8,538
Rajasthan,Unknown Districts Of India,31230.0,18735.0,10028.0,89.0,60.0,539
Sikkim,East District,192572.0,122332.0,95520.0,20.0,63.5,540
Sikkim,North District,48231.0,28027.0,26621.0,2.6,58.1,541
Sikkim,South District,131311.0,74531.0,69570.0,3.0,56.8,542
Sikkim,Unknown Districts Of India,207.0,71.0,137.0,0.0,34.3,543
Sikkim,West District,123237.0,60613.0,53273.0,1.5,49.2,544
Tamil Nadu,Ariyalur,695524.0,388605.0,345891.0,11.4,55.9,545
Tamil Nadu,Chengalpattu,1546768.0,1049109.0,606748.0,53.6,67.8,546
Tamil Nadu,Chennai,5646288.0,4333285.0,1931743.0,99.1,76.7,547
Tamil Nadu,Coimbatore,2924675.0,2061419.0,1296124.0,71.2,70.5,548
Tamil Nadu,Cuddalore,2285395.0,1420488.0,973066.0,33.0,62.2,549
Tamil Nadu,Dharmapuri,1294073.0,676844.0,659869.0,15.0,52.3,550
Tamil Nadu,Dindigul,1914304.0,1176053.0,969554.0,35.2,61.4,551
Tamil Nadu,Erode,2007980.0,1184296.0,1093324.0,49.3,59.0,552
Tamil Nadu,Kallakurichi,1128717.0,570268.0,588371.0,12.7,50.5,553
Tamil Nadu,Kanchipuram,859372.0,550583.0,369752.0,39.3,64.1,554
Tamil Nadu,Kanniyakumari,1676034.0,1308322.0,548056.0,65.3,78.1,555
Tamil Nadu,Karur,930064.0,563966.0,493084.0,33.5,60.6,556
Tamil Nadu,Krishnagiri,1549484.0,831712.0,748112.0,16.9,53.7,557
Tamil Nadu,Madurai,2573969.0,1773921.0,1086701.0,56.1,68.9,558
Tamil Nadu,Mayiladuthurai,845623.0,562771.0,323387.0,19.8,66.6,559
Tamil Nadu,Nagapattinam,643216.0,433809.0,263347.0,25.3,67.4,560
Tamil Nadu,Namakkal,1493462.0,903802.0,842640.0,36.5,60.5,561
Tamil Nadu,Perambalur,493646.0,286197.0,265707.0,16.0,58.0,562
Tamil Nadu,Pudukkottai,1456667.0,905638.0,676802.0,17.1,62.2,563
Tamil Nadu,Ramanathapuram,1196153.0,762471.0,525700.0,26.0,63.7,564
Tamil Nadu,Ranipet,1052652.0,680675.0,435247.0,36.0,64.7,565
Tamil Nadu,Salem,3008642.0,1730819.0,1450567.0,46.2,57.5,566
Tamil Nadu,Sivaganga,1154290.0,735197.0,514588.0,28.7,63.7,567
Tamil Nadu,Tenkasi,1290760.0,800136.0,666364.0,39.8,62.0,568
Tamil Nadu,Thanjavur,2216706.0,1477540.0,896148.0,34.1,66.7,569
Tamil Nadu,The Nilgiris,740850.0,526127.0,336960.0,58.5,71.0,570
Tamil Nadu,Theni,1092494.0,690145.0,522157.0,54.0,63.2,571
Tamil Nadu,Thiruvallur,1791531.0,1134959.0,712923.0,33.8,63.4,572
Tamil Nadu,Thiruvarur,1168206.0,787408.0,490328.0,20.3,67.4,573
Tamil Nadu,Tiruchirappalli,2417660.0,1672940.0,1064245.0,47.1,69.2,574
Tamil Nadu,Tirunelveli,1429080.0,1026494.0,612408.0,55.6,71.8,575
Tamil Nadu,Tirupathur,1028246.0,609182.0,431476.0,31.6,59.2,576
Tamil Nadu,Tiruppur,1897250.0,1209796.0,1004366.0,50.8,63.8,577
Tamil Nadu,Tiruvannamalai,2185417.0,1296645.0,1064584.0,18.3,59.3,578
Tamil Nadu,Tuticorin,1563984.0,1125455.0,675342.0,42.5,72.0,579
Tamil Nadu,Unknown Districts Of India,55546.0,37543.0,21952.0,6.5,67.6,580
Tamil Nadu,Vellore,1363851.0,892684.0,547260.0,44.3,65.5,581
Tamil Nadu,Villupuram,1799822.0,1059018.0,844979.0,15.1,58.8,582
Tamil Nadu,Virudhunagar,1720534.0,1117296.0,867179.0,44.7,64.9,583
Telangana,Adilabad,608018.0,284313.0,284933.0,21.3,46.8,584
Telangana,Bhadradri Kothagudem,992027.0,502521.0,435866.0,31.5,50.7,585
Telangana,Hanumakonda,148947.0,68516.0,76438.0,0.0,46.0,586
Telangana,Hyderabad,217326.0,154013.0,69733.0,100.0,70.9,587
Telangana,Jagitial,904973.0,386358.0,498252.0,15.4,42.7,588
Telangana,Jayashankar Bhupalapally,113754.0,39769.0,62195.0,0.0,35.0,589
Telangana,Jogulamba Gadwal,518412.0,165448.0,287366.0,10.3,31.9,590
Telangana,Kamareddy,877811.0,348683.0,446473.0,7.3,39.7,591
Telangana,Karimnagar,903127.0,482962.0,412448.0,24.2,53.5,592
Telangana,Khammam,1270845.0,642498.0,634308.0,14.9,50.6,593
Telangana,Kumuram Bheem Asifabad,452197.0,174481.0,202100.0,17.5,38.6,594
Telangana,Mahabubabad,77262.0,31193.0,40711.0,0.0,40.4,595
Telangana,Mahabubnagar,781202.0,335462.0,376838.0,21.7,42.9,596
Telangana,Mancherial,805466.0,391847.0,304826.0,41.6,48.6,597
Telangana,Medak,706727.0,272944.0,363115.0,5.9,38.6,598
Telangana,Medchal Malkajgiri,295484.0,163381.0,122923.0,6.2,55.3,599
Telangana,Mulugu,52590.0,22311.0,29325.0,0.0,42.4,600
Telangana,Nagarkurnool,752968.0,284114.0,398499.0,3.5,37.7,601
Telangana,Nalgonda,1466669.0,712151.0,705867.0,17.8,48.6,602
Telangana,Narayanpet,495568.0,159986.0,261540.0,7.6,32.3,603
Telangana,Nirmal,622322.0,261548.0,331389.0,18.7,42.0,604
Telangana,Nizamabad,1454849.0,690523.0,706373.0,24.8,47.5,605
Telangana,Peddapalli,745252.0,374735.0,302865.0,34.3,50.3,606
Telangana,Rajanna Sircilla,511057.0,232565.0,275257.0,12.8,45.5,607
Telangana,Ranga Reddy,1474572.0,745156.0,660337.0,34.2,50.5,608
Telangana,Sangareddy,1230376.0,557576.0,552197.0,19.5,45.3,609
Telangana,Siddipet,837190.0,380459.0,441490.0,7.4,45.4,610
Telangana,Suryapet,1030931.0,496562.0,521419.0,9.2,48.2,611
Telangana,Unknown Districts Of India,3625443.0,2488219.0,1055863.0,99.6,68.6,612
Telangana,Vikarabad,828664.0,330339.0,413283.0,12.1,39.9,613
Telangana,Wanaparthy,499702.0,185741.0,260324.0,10.0,37.2,614
Telangana,Yadadri Bhuvanagiri,742157.0,382155.0,363726.0,10.5,51.5,615
The Dadra And Nagar Haveli And Daman And Diu,Dadra And Nagar Haveli,191920.0,84039.0,100808.0,11.4,43.8,616
The Dadra And Nagar Haveli And Daman And Diu,Daman,113989.0,81433.0,58929.0,31.4,71.4,617
The Dadra And Nagar Haveli And Daman And Diu,Diu,44215.0,26167.0,13862.0,48.8,59.2,618
Tripura,Dhalai,302725.0,154218.0,125161.0,4.5,50.9,619
Tripura,Gomati,388999.0,227020.0,162238.0,8.4,58.4,620
Tripura,Khowai,293602.0,195334.0,113333.0,12.7,66.5,621
Tripura,North Tripura,348239.0,217379.0,105778.0,8.8,62.4,622
Tripura,Sepahijala,426541.0,257719.0,145304.0,4.6,60.4,623
Tripura,South Tripura,378063.0,232146.0,141347.0,5.7,61.4,624
Tripura,Unakoti,234664.0,147959.0,85230.0,13.6,63.1,625
Tripura,Unknown Districts Of India,7734.0,3397.0,3620.0,0.0,43.9,626
Tripura,West Tripura,655913.0,465992.0,227703.0,34.4,71.0,627
Uttar Pradesh,Agra,3621702.0,1853685.0,984610.0,43.3,51.2,628
Uttar Pradesh,Aligarh,2992286.0,1420604.0,916298.0,28.9,47.5,629
Uttar Pradesh,Ambedkar Nagar,1988074.0,936808.0,665279.0,9.1,47.1,630
Uttar Pradesh,Amethi,1557120.0,624359.0,541473.0,3.3,40.1,631
Uttar Pradesh,Amroha,1499068.0,592056.0,478103.0,24.6,39.5,632
Uttar Pradesh,Auraiya,1179993.0,680440.0,388260.0,14.3,57.7,633
Uttar Pradesh,Ayodhya,2088381.0,960078.0,823504.0,13.5,46.0,634
Uttar Pradesh,Azamgarh,3939916.0,1790357.0,1199842.0,7.5,45.4,635
Uttar Pradesh,Baghpat,1163991.0,615873.0,380310.0,19.7,52.9,636
Uttar Pradesh,Bahraich,2699085.0,776409.0,959534.0,8.8,28.8,637
Uttar Pradesh,Ballia,2760667.0,1298326.0,794093.0,9.8,47.0,638
Uttar Pradesh,Balrampur,1681805.0,464541.0,713853.0,8.1,27.6,639
Uttar Pradesh,Banda,1501602.0,654082.0,602493.0,16.3,43.6,640
Uttar Pradesh,Barabanki,2673581.0,1023004.0,983751.0,9.3,38.3,641
Uttar Pradesh,Bareilly,3618589.0,1387124.0,1095081.0,32.9,38.3,642
Uttar Pradesh,Basti,2082756.0,879914.0,734443.0,5.6,42.2,643
Uttar Pradesh,Bhadohi,1353705.0,625404.0,388634.0,12.8,46.2,644
Uttar Pradesh,Bijnor,3131363.0,1461104.0,884394.0,24.3,46.7,645
Uttar Pradesh,Budaun,2628674.0,820090.0,775784.0,19.6,31.2,646
Uttar Pradesh,Bulandshahr,3009860.0,1455822.0,1202483.0,22.6,48.4,647
Uttar Pradesh,Chandauli,1636052.0,783843.0,524606.0,10.6,47.9,648
Uttar Pradesh,Chitrakoot,801695.0,409734.0,340707.0,9.5,51.1,649
Uttar Pradesh,Deoria,2714179.0,1288877.0,774674.0,9.9,47.5,650
Uttar Pradesh,Etah,1531645.0,729927.0,429692.0,15.1,47.7,651
Uttar Pradesh,Etawah,1338871.0,766407.0,368609.0,23.0,57.2,652
Uttar Pradesh,Farrukhabad,1570408.0,780747.0,462853.0,21.7,49.7,653
Uttar Pradesh,Fatehpur,2302403.0,1059306.0,867924.0,10.3,46.0,654
Uttar Pradesh,Firozabad,2008827.0,1039945.0,546257.0,29.2,51.8,655
Uttar Pradesh,Gautam Buddha Nagar,1034663.0,589987.0,315607.0,42.7,57.0,656
Uttar Pradesh,Ghaziabad,2009613.0,1233522.0,566318.0,68.1,61.4,657
Uttar Pradesh,Ghazipur,3037582.0,1444871.0,953512.0,7.7,47.6,658
Uttar Pradesh,Gonda,2765279.0,949290.0,938924.0,7.0,34.3,659
Uttar Pradesh,Gorakhpur,3768647.0,1798328.0,1136124.0,19.6,47.7,660
Uttar Pradesh,Hamirpur,993792.0,469761.0,387399.0,17.5,47.3,661
Uttar Pradesh,Hapur,1129140.0,578871.0,331432.0,28.2,51.3,662
Uttar Pradesh,Hardoi,3398118.0,1420100.0,1097609.0,12.0,41.8,663
Uttar Pradesh,Hathras,1336031.0,675483.0,391970.0,19.8,50.6,664
Uttar Pradesh,Jalaun,1454452.0,782033.0,522881.0,23.4,53.8,665
Uttar Pradesh,Jaunpur,3911679.0,1871674.0,1215515.0,7.4,47.8,666
Uttar Pradesh,Jhansi,1710757.0,941104.0,634710.0,41.6,55.0,667
Uttar Pradesh,Kannauj,1388923.0,698434.0,457591.0,16.7,50.3,668
Uttar Pradesh,Kanpur Dehat,1563336.0,852350.0,513211.0,6.9,54.5,669
Uttar Pradesh,Kanpur Nagar,4167999.0,2659833.0,1247833.0,67.1,63.8,670
Uttar Pradesh,Kasganj,1228705.0,477261.0,364138.0,20.6,38.8,671
Uttar Pradesh,Kaushambi,1291993.0,481173.0,506401.0,7.1,37.2,672
Uttar Pradesh,Kheri,3206443.0,1244251.0,1007975.0,10.8,38.8,673
Uttar Pradesh,Kushi Nagar,2891667.0,1082222.0,989351.0,4.6,37.4,674
Uttar Pradesh,Lalitpur,977734.0,384491.0,422365.0,14.5,39.3,675
Uttar Pradesh,Lucknow,3613763.0,2111625.0,1075358.0,64.2,58.4,676
Uttar Pradesh,Maharajganj,2167020.0,798992.0,847034.0,5.1,36.9,677
Uttar Pradesh,Mahoba,758379.0,326507.0,321073.0,20.4,43.1,678
Uttar Pradesh,Mainpuri,1596718.0,842119.0,439198.0,14.6,52.7,679
Uttar Pradesh,Mathura,2074516.0,1025566.0,770918.0,28.3,49.4,680
Uttar Pradesh,Mau,1853001.0,919413.0,598980.0,19.4,49.6,681
Uttar Pradesh,Meerut,2971583.0,1593027.0,888032.0,48.9,53.6,682
Uttar Pradesh,Mirzapur,2074709.0,917960.0,697799.0,13.8,44.2,683
Uttar Pradesh,Moradabad,2467942.0,940715.0,715343.0,32.8,38.1,684
Uttar Pradesh,Muzaffarnagar,2401420.0,1206965.0,813410.0,23.7,50.3,685
Uttar Pradesh,Pilibhit,1727822.0,688719.0,486176.0,17.0,39.9,686
Uttar Pradesh,Pratapgarh,2731174.0,1278271.0,915786.0,5.3,46.8,687
Uttar Pradesh,Prayagraj,4937266.0,2507525.0,1671681.0,24.4,50.8,688
Uttar Pradesh,Rae Bareli,2468147.0,1116280.0,870911.0,10.1,45.2,689
Uttar Pradesh,Rampur,1921945.0,590948.0,544007.0,25.0,30.7,690
Uttar Pradesh,Saharanpur,2821149.0,1406040.0,796131.0,26.5,49.8,691
Uttar Pradesh,Sambhal,1781757.0,521292.0,612465.0,22.2,29.3,692
Uttar Pradesh,Sant Kabeer Nagar,1420226.0,573384.0,489070.0,7.1,40.4,693
Uttar Pradesh,Shahjahanpur,2464605.0,973157.0,704455.0,21.3,39.5,694
Uttar Pradesh,Shamli,1141942.0,531564.0,359743.0,29.3,46.5,695
Uttar Pradesh,Shravasti,855949.0,207021.0,370168.0,3.9,24.2,696
Uttar Pradesh,Siddharth Nagar,2008659.0,664626.0,767728.0,3.9,33.1,697
Uttar Pradesh,Sitapur,3619661.0,1404443.0,1125509.0,12.0,38.8,698
Uttar Pradesh,Sonbhadra,1504713.0,588376.0,554751.0,18.3,39.1,699
Uttar Pradesh,Sultanpur,2061900.0,967330.0,643642.0,6.1,46.9,700
Uttar Pradesh,Unknown Districts Of India,35406.0,19501.0,9998.0,0.0,55.1,701
Uttar Pradesh,Unnao,2700324.0,1215090.0,926335.0,15.2,45.0,702
Uttar Pradesh,Varanasi,3136965.0,1693970.0,981296.0,40.2,54.0,703
Uttarakhand,Almora,632866.0,393968.0,293303.0,8.6,62.3,704
Uttarakhand,Bageshwar,247085.0,147077.0,117701.0,3.2,59.5,705
Uttarakhand,Chamoli,370359.0,237354.0,164729.0,13.7,64.1,706
Uttarakhand,Champawat,224564.0,129964.0,90215.0,15.0,57.9,707
Uttarakhand,Dehradun,1267755.0,865701.0,396728.0,53.1,68.3,708
Uttarakhand,Haridwar,1447187.0,754948.0,425263.0,30.8,52.2,709
Uttarakhand,Nainital,757063.0,504575.0,277148.0,35.5,66.6,710
Uttarakhand,Pauri Garhwal,691862.0,457498.0,268531.0,12.9,66.1,711
Uttarakhand,Pithoragarh,462289.0,296362.0,198709.0,12.9,64.1,712
Uttarakhand,Rudra Prayag,249877.0,156610.0,107765.0,10.3,62.7,713
Uttarakhand,Tehri Garhwal,600382.0,334742.0,263022.0,10.1,55.8,714
Uttarakhand,Udam Singh Nagar,1213397.0,643569.0,386501.0,31.3,53.0,715
Uttarakhand,Unknown Districts Of India,271.0,172.0,102.0,0.0,63.5,716
Uttarakhand,Uttar Kashi,295013.0,161161.0,135904.0,7.8,54.6,717
West Bengal,24 Paraganas North,8919299.0,6140126.0,2983666.0,54.2,68.8,718
West Bengal,24 Paraganas South,6903252.0,4064893.0,2241559.0,15.7,58.9,719
West Bengal,Alipurduar,1337575.0,706442.0,509247.0,15.5,52.8,720
West Bengal,Bankura,3192695.0,1734222.0,1427272.0,7.4,54.3,721
West Bengal,Birbhum,3005534.0,1548623.0,1125267.0,8.6,51.5,722
West Bengal,Coochbehar,2479155.0,1386965.0,966705.0,9.1,55.9,723
West Bengal,Darjeeling,1426117.0,895787.0,495146.0,36.5,62.8,724
West Bengal,Dinajpur Dakshin,1492289.0,792904.0,609129.0,12.7,53.1,725
West Bengal,Dinajpur Uttar,2428227.0,919344.0,931532.0,12.1,37.9,726
West Bengal,Hooghly,4985626.0,3295204.0,1841592.0,33.2,66.1,727
West Bengal,Howrah,4259829.0,2886991.0,1434536.0,50.2,67.8,728
West Bengal,Jalpaiguri,2063598.0,1103641.0,793889.0,19.4,53.5,729
West Bengal,Jhargram,954885.0,504116.0,458040.0,0.0,52.8,730
West Bengal,Kalimpong,182222.0,112244.0,74049.0,0.0,61.6,731
West Bengal,Kolkata,4572876.0,3382103.0,1717734.0,100.0,74.0,732
West Bengal,Maldah,3274175.0,1327312.0,1332230.0,7.4,40.5,733
West Bengal,Medinipur East,4355624.0,2995443.0,1598622.0,8.2,68.8,734
West Bengal,Medinipur West,4238102.0,2622823.0,1673347.0,14.6,61.9,735
West Bengal,Murshidabad,5866569.0,2620538.0,2005174.0,12.5,44.7,736
West Bengal,Nadia,4564769.0,2617683.0,1601986.0,20.6,57.3,737
West Bengal,Paschim Bardhaman,1995965.0,1321381.0,607193.0,71.3,66.2,738
West Bengal,Purba Bardhaman,4873236.0,2869954.0,1836661.0,22.5,58.9,739
West Bengal,Purulia,2536516.0,1182284.0,1127488.0,10.1,46.6,740
West Bengal,Unknown Districts Of India,1189.0,939.0,334.0,0.0,79.0,741
