source_district,target_district,best_lag_months,F_stat,p_value,significant,direction
1,2,3,14.6113,0.0,True,1â†’2
2,1,2,26.1677,0.0,True,2â†’1
1,3,2,18.612,0.0,True,1â†’3
3,1,2,22.2122,0.0,True,3â†’1
1,4,2,12.4386,3e-05,True,1â†’4
4,1,2,30.154,0.0,True,4â†’1
1,5,2,19.5185,0.0,True,1â†’5
5,1,2,29.6539,0.0,True,5â†’1
1,6,2,15.6101,0.0,True,1â†’6
6,1,2,23.9885,0.0,True,6â†’1
1,7,2,11.7526,4e-05,True,1â†’7
7,1,2,27.3745,0.0,True,7â†’1
1,8,2,33.0,0.0,True,1â†’8
8,1,2,28.8567,0.0,True,8â†’1
1,9,2,31.1545,0.0,True,1â†’9
9,1,2,31.7083,0.0,True,9â†’1
1,10,1,51.4142,0.0,True,1â†’10
10,1,2,27.8024,0.0,True,10â†’1
1,23,2,23.7833,0.0,True,1â†’23
23,1,2,28.337,0.0,True,23â†’1
1,26,2,15.5994,0.0,True,1â†’26
26,1,2,25.5893,0.0,True,26â†’1
1,27,2,19.8837,0.0,True,1â†’27
27,1,2,23.4477,0.0,True,27â†’1
1,28,2,28.5222,0.0,True,1â†’28
28,1,2,35.9413,0.0,True,28â†’1
1,29,2,19.2754,0.0,True,1â†’29
29,1,2,20.6921,0.0,True,29â†’1
1,61,2,22.9502,0.0,True,1â†’61
61,1,2,28.8331,0.0,True,61â†’1
1,68,2,31.4205,0.0,True,1â†’68
68,1,2,25.5027,0.0,True,68â†’1
1,69,1,64.9046,0.0,True,1â†’69
69,1,2,33.5748,0.0,True,69â†’1
1,94,2,8.1514,0.00069,True,1â†’94
94,1,2,35.3937,0.0,True,94â†’1
1,131,2,22.533,0.0,True,1â†’131
131,1,2,26.9215,0.0,True,131â†’1
1,134,2,25.5559,0.0,True,1â†’134
134,1,2,24.4624,0.0,True,134â†’1
1,135,2,32.1926,0.0,True,1â†’135
135,1,2,34.5742,0.0,True,135â†’1
1,136,2,17.2202,0.0,True,1â†’136
136,1,2,25.8891,0.0,True,136â†’1
1,141,2,20.0865,0.0,True,1â†’141
141,1,2,25.2876,0.0,True,141â†’1
1,142,2,23.6901,0.0,True,1â†’142
142,1,2,31.8357,0.0,True,142â†’1
1,143,2,18.2471,0.0,True,1â†’143
143,1,2,26.2663,0.0,True,143â†’1
1,144,2,19.4899,0.0,True,1â†’144
144,1,2,23.2592,0.0,True,144â†’1
1,145,2,33.2148,0.0,True,1â†’145
145,1,2,24.3706,0.0,True,145â†’1
1,146,2,24.1293,0.0,True,1â†’146
146,1,2,30.1881,0.0,True,146â†’1
1,147,2,23.6499,0.0,True,1â†’147
147,1,2,33.78,0.0,True,147â†’1
1,148,4,17.7009,0.0,True,1â†’148
148,1,2,29.9483,0.0,True,148â†’1
1,149,2,20.4697,0.0,True,1â†’149
149,1,2,28.908,0.0,True,149â†’1
1,150,2,27.0428,0.0,True,1â†’150
150,1,2,29.485,0.0,True,150â†’1
2,3,2,18.2596,0.0,True,2â†’3
3,2,3,16.5571,0.0,True,3â†’2
2,4,2,11.0997,7e-05,True,2â†’4
4,2,2,19.3793,0.0,True,4â†’2
2,5,2,17.2611,0.0,True,2â†’5
5,2,2,19.1621,0.0,True,5â†’2
2,6,2,15.8964,0.0,True,2â†’6
6,2,2,16.6539,0.0,True,6â†’2
2,7,2,9.6468,0.00021,True,2â†’7
7,2,2,20.5709,0.0,True,7â†’2
2,8,2,38.9488,0.0,True,2â†’8
8,2,2,18.2936,0.0,True,8â†’2
2,9,2,30.4011,0.0,True,2â†’9
9,2,2,16.0101,0.0,True,9â†’2
2,10,1,51.5459,0.0,True,2â†’10
10,2,2,20.4103,0.0,True,10â†’2
2,23,2,20.4361,0.0,True,2â†’23
23,2,2,21.4833,0.0,True,23â†’2
2,26,2,17.884,0.0,True,2â†’26
26,2,2,19.2833,0.0,True,26â†’2
2,27,2,24.6963,0.0,True,2â†’27
27,2,2,21.4107,0.0,True,27â†’2
2,28,2,25.1593,0.0,True,2â†’28
28,2,2,19.1418,0.0,True,28â†’2
2,29,2,21.1966,0.0,True,2â†’29
29,2,3,19.9113,0.0,True,29â†’2
2,61,2,28.1343,0.0,True,2â†’61
61,2,2,15.9091,0.0,True,61â†’2
2,68,2,29.842,0.0,True,2â†’68
68,2,3,15.864,0.0,True,68â†’2
2,69,1,68.2243,0.0,True,2â†’69
69,2,2,22.2156,0.0,True,69â†’2
2,94,2,10.0434,0.00016,True,2â†’94
94,2,2,20.7693,0.0,True,94â†’2
2,131,2,23.1852,0.0,True,2â†’131
131,2,3,16.6237,0.0,True,131â†’2
2,134,2,24.7431,0.0,True,2â†’134
134,2,2,20.7632,0.0,True,134â†’2
2,135,2,31.4877,0.0,True,2â†’135
135,2,2,20.0525,0.0,True,135â†’2
2,136,2,17.0561,0.0,True,2â†’136
136,2,3,21.211,0.0,True,136â†’2
2,141,2,20.9551,0.0,True,2â†’141
141,2,3,15.5827,0.0,True,141â†’2
2,142,2,22.0019,0.0,True,2â†’142
142,2,3,14.6856,0.0,True,142â†’2
2,143,2,19.2686,0.0,True,2â†’143
143,2,3,18.0234,0.0,True,143â†’2
2,144,2,18.7527,0.0,True,2â†’144
144,2,3,16.9028,0.0,True,144â†’2
2,145,2,38.4183,0.0,True,2â†’145
145,2,3,16.1229,0.0,True,145â†’2
2,146,2,29.99,0.0,True,2â†’146
146,2,3,22.9639,0.0,True,146â†’2
2,147,2,26.8965,0.0,True,2â†’147
147,2,2,15.1719,0.0,True,147â†’2
2,148,2,30.4824,0.0,True,2â†’148
148,2,2,18.1153,0.0,True,148â†’2
2,149,2,22.5659,0.0,True,2â†’149
149,2,2,19.6,0.0,True,149â†’2
2,150,2,30.3029,0.0,True,2â†’150
150,2,3,16.3784,0.0,True,150â†’2
3,4,2,11.7951,4e-05,True,3â†’4
4,3,2,20.5969,0.0,True,4â†’3
3,5,3,12.3246,0.0,True,3â†’5
5,3,2,22.2715,0.0,True,5â†’3
3,6,2,19.7434,0.0,True,3â†’6
6,3,2,17.5668,0.0,True,6â†’3
3,7,2,9.877,0.00018,True,3â†’7
7,3,2,22.3662,0.0,True,7â†’3
3,8,2,42.1988,0.0,True,3â†’8
8,3,2,19.5817,0.0,True,8â†’3
3,9,2,32.4205,0.0,True,3â†’9
9,3,2,20.3888,0.0,True,9â†’3
3,10,1,53.1147,0.0,True,3â†’10
10,3,2,23.1884,0.0,True,10â†’3
3,23,2,25.6217,0.0,True,3â†’23
23,3,2,21.5852,0.0,True,23â†’3
3,26,2,15.1535,0.0,True,3â†’26
26,3,2,22.2855,0.0,True,26â†’3
3,27,2,22.2029,0.0,True,3â†’27
27,3,2,25.2715,0.0,True,27â†’3
3,28,2,26.3828,0.0,True,3â†’28
28,3,2,23.9674,0.0,True,28â†’3
3,29,2,16.4121,0.0,True,3â†’29
29,3,2,20.6924,0.0,True,29â†’3
3,61,2,29.7738,0.0,True,3â†’61
61,3,2,21.7355,0.0,True,61â†’3
3,68,3,23.168,0.0,True,3â†’68
68,3,2,25.0124,0.0,True,68â†’3
3,69,1,62.8529,0.0,True,3â†’69
69,3,2,25.1362,0.0,True,69â†’3
3,94,2,7.9902,0.00079,True,3â†’94
94,3,2,23.7338,0.0,True,94â†’3
3,131,2,25.3126,0.0,True,3â†’131
131,3,2,20.4572,0.0,True,131â†’3
3,134,2,30.3344,0.0,True,3â†’134
134,3,2,19.4767,0.0,True,134â†’3
3,135,2,26.1052,0.0,True,3â†’135
135,3,2,23.8364,0.0,True,135â†’3
3,136,2,15.4723,0.0,True,3â†’136
136,3,2,19.2348,0.0,True,136â†’3
3,141,2,24.4208,0.0,True,3â†’141
141,3,2,21.9153,0.0,True,141â†’3
3,142,2,19.9602,0.0,True,3â†’142
142,3,2,25.066,0.0,True,142â†’3
3,143,2,22.373,0.0,True,3â†’143
143,3,2,24.8572,0.0,True,143â†’3
3,144,2,18.0197,0.0,True,3â†’144
144,3,2,18.0539,0.0,True,144â†’3
3,145,2,42.4244,0.0,True,3â†’145
145,3,3,18.4874,0.0,True,145â†’3
3,146,2,31.1604,0.0,True,3â†’146
146,3,2,21.452,0.0,True,146â†’3
3,147,2,22.0403,0.0,True,3â†’147
147,3,2,24.3235,0.0,True,147â†’3
3,148,2,26.9744,0.0,True,3â†’148
148,3,2,22.4236,0.0,True,148â†’3
3,149,2,27.3653,0.0,True,3â†’149
149,3,2,19.2656,0.0,True,149â†’3
3,150,2,34.5293,0.0,True,3â†’150
150,3,2,24.3573,0.0,True,150â†’3
4,5,2,20.5898,0.0,True,4â†’5
5,4,2,12.6367,2e-05,True,5â†’4
4,6,2,15.2506,0.0,True,4â†’6
6,4,2,12.439,3e-05,True,6â†’4
4,7,2,9.1939,0.0003,True,4â†’7
7,4,2,11.4692,5e-05,True,7â†’4
4,8,2,33.2972,0.0,True,4â†’8
8,4,2,11.0585,7e-05,True,8â†’4
4,9,2,35.6882,0.0,True,4â†’9
9,4,2,8.4318,0.00055,True,9â†’4
4,10,3,20.8712,0.0,True,4â†’10
10,4,2,13.4104,1e-05,True,10â†’4
4,23,2,23.4181,0.0,True,4â†’23
23,4,2,13.3447,1e-05,True,23â†’4
4,26,2,15.8245,0.0,True,4â†’26
26,4,2,11.4004,6e-05,True,26â†’4
4,27,2,27.5029,0.0,True,4â†’27
27,4,2,13.8144,1e-05,True,27â†’4
4,28,2,25.0059,0.0,True,4â†’28
28,4,2,11.0625,7e-05,True,28â†’4
4,29,2,20.0809,0.0,True,4â†’29
29,4,2,10.9919,8e-05,True,29â†’4
4,61,2,24.7972,0.0,True,4â†’61
61,4,2,11.729,4e-05,True,61â†’4
4,68,2,41.7929,0.0,True,4â†’68
68,4,2,12.3378,3e-05,True,68â†’4
4,69,1,74.6188,0.0,True,4â†’69
69,4,2,15.0826,0.0,True,69â†’4
4,131,2,19.6716,0.0,True,4â†’131
131,4,2,13.9189,1e-05,True,131â†’4
4,134,2,24.3821,0.0,True,4â†’134
134,4,2,13.6305,1e-05,True,134â†’4
4,135,3,23.1287,0.0,True,4â†’135
135,4,2,13.1281,2e-05,True,135â†’4
4,136,2,18.1836,0.0,True,4â†’136
136,4,2,13.5753,1e-05,True,136â†’4
4,139,2,38.6928,0.0,True,4â†’139
139,4,2,12.458,3e-05,True,139â†’4
4,141,2,24.5455,0.0,True,4â†’141
141,4,2,12.9427,2e-05,True,141â†’4
4,142,2,20.0749,0.0,True,4â†’142
142,4,2,12.8987,2e-05,True,142â†’4
4,143,2,25.2286,0.0,True,4â†’143
143,4,2,14.5903,1e-05,True,143â†’4
4,144,2,24.8267,0.0,True,4â†’144
144,4,2,13.0686,2e-05,True,144â†’4
4,145,2,32.3046,0.0,True,4â†’145
145,4,2,13.9843,1e-05,True,145â†’4
4,146,2,26.1415,0.0,True,4â†’146
146,4,2,13.7142,1e-05,True,146â†’4
4,147,2,22.775,0.0,True,4â†’147
147,4,2,11.5326,5e-05,True,147â†’4
4,148,2,28.5026,0.0,True,4â†’148
148,4,2,12.7695,2e-05,True,148â†’4
4,149,2,19.7358,0.0,True,4â†’149
149,4,2,12.6998,2e-05,True,149â†’4
4,150,2,24.7581,0.0,True,4â†’150
150,4,2,12.5136,3e-05,True,150â†’4
5,6,2,20.0055,0.0,True,5â†’6
6,5,2,19.5463,0.0,True,6â†’5
5,7,2,11.5215,5e-05,True,5â†’7
7,5,2,20.245,0.0,True,7â†’5
5,8,2,31.3787,0.0,True,5â†’8
8,5,2,17.3783,0.0,True,8â†’5
5,9,2,31.5213,0.0,True,5â†’9
9,5,2,15.9987,0.0,True,9â†’5
5,10,3,22.8665,0.0,True,5â†’10
10,5,2,22.1841,0.0,True,10â†’5
5,23,2,27.585,0.0,True,5â†’23
23,5,2,20.4448,0.0,True,23â†’5
5,26,2,15.8883,0.0,True,5â†’26
26,5,2,21.1801,0.0,True,26â†’5
5,27,2,22.2148,0.0,True,5â†’27
27,5,2,18.5086,0.0,True,27â†’5
5,28,2,27.3662,0.0,True,5â†’28
28,5,2,15.5756,0.0,True,28â†’5
5,29,2,23.0935,0.0,True,5â†’29
29,5,2,16.1198,0.0,True,29â†’5
5,61,2,27.0828,0.0,True,5â†’61
61,5,2,20.401,0.0,True,61â†’5
5,68,2,37.097,0.0,True,5â†’68
68,5,2,21.6377,0.0,True,68â†’5
5,69,1,74.0767,0.0,True,5â†’69
69,5,2,24.1585,0.0,True,69â†’5
5,94,2,8.2702,0.00063,True,5â†’94
94,5,2,22.6641,0.0,True,94â†’5
5,131,2,20.7249,0.0,True,5â†’131
131,5,2,18.189,0.0,True,131â†’5
5,134,2,26.3118,0.0,True,5â†’134
134,5,2,22.7086,0.0,True,134â†’5
5,135,2,24.5006,0.0,True,5â†’135
135,5,2,20.8538,0.0,True,135â†’5
5,136,2,17.0318,0.0,True,5â†’136
136,5,2,18.1058,0.0,True,136â†’5
5,141,2,22.0895,0.0,True,5â†’141
141,5,2,21.7259,0.0,True,141â†’5
5,142,2,24.451,0.0,True,5â†’142
142,5,2,22.2883,0.0,True,142â†’5
5,143,2,22.9443,0.0,True,5â†’143
143,5,2,19.8029,0.0,True,143â†’5
5,144,2,24.6714,0.0,True,5â†’144
144,5,2,18.5544,0.0,True,144â†’5
5,145,2,34.3463,0.0,True,5â†’145
145,5,2,20.4919,0.0,True,145â†’5
5,146,2,25.7223,0.0,True,5â†’146
146,5,2,18.7501,0.0,True,146â†’5
5,147,2,21.7691,0.0,True,5â†’147
147,5,2,22.5709,0.0,True,147â†’5
5,148,4,15.6145,0.0,True,5â†’148
148,5,2,23.649,0.0,True,148â†’5
5,149,2,19.5689,0.0,True,5â†’149
149,5,2,17.1428,0.0,True,149â†’5
5,150,2,25.2536,0.0,True,5â†’150
150,5,2,22.6049,0.0,True,150â†’5
6,7,2,11.1208,7e-05,True,6â†’7
7,6,2,19.1959,0.0,True,7â†’6
6,8,2,33.1844,0.0,True,6â†’8
8,6,2,16.471,0.0,True,8â†’6
6,9,2,37.5836,0.0,True,6â†’9
9,6,2,15.7292,0.0,True,9â†’6
6,10,1,49.6914,0.0,True,6â†’10
10,6,2,15.8808,0.0,True,10â†’6
6,23,2,21.9171,0.0,True,6â†’23
23,6,2,18.4491,0.0,True,23â†’6
6,26,2,12.7053,2e-05,True,6â†’26
26,6,2,17.9951,0.0,True,26â†’6
6,27,2,23.7322,0.0,True,6â†’27
27,6,2,19.9175,0.0,True,27â†’6
6,28,2,32.6609,0.0,True,6â†’28
28,6,2,17.9579,0.0,True,28â†’6
6,29,2,20.8691,0.0,True,6â†’29
29,6,2,16.3904,0.0,True,29â†’6
6,61,2,27.3587,0.0,True,6â†’61
61,6,2,16.5408,0.0,True,61â†’6
6,68,2,44.0205,0.0,True,6â†’68
68,6,2,17.5363,0.0,True,68â†’6
6,69,1,69.337,0.0,True,6â†’69
69,6,2,20.0843,0.0,True,69â†’6
6,94,2,9.58,0.00023,True,6â†’94
94,6,2,17.7769,0.0,True,94â†’6
6,131,2,23.0346,0.0,True,6â†’131
131,6,2,18.9379,0.0,True,131â†’6
6,134,2,29.5056,0.0,True,6â†’134
134,6,2,19.8248,0.0,True,134â†’6
6,135,2,28.1187,0.0,True,6â†’135
135,6,2,18.7239,0.0,True,135â†’6
6,136,2,17.9934,0.0,True,6â†’136
136,6,2,18.3233,0.0,True,136â†’6
6,141,2,21.3542,0.0,True,6â†’141
141,6,2,18.2385,0.0,True,141â†’6
6,142,2,23.8218,0.0,True,6â†’142
142,6,2,20.9115,0.0,True,142â†’6
6,143,2,24.4873,0.0,True,6â†’143
143,6,2,19.866,0.0,True,143â†’6
6,144,2,18.4393,0.0,True,6â†’144
144,6,2,17.3421,0.0,True,144â†’6
6,145,2,39.1987,0.0,True,6â†’145
145,6,2,16.5431,0.0,True,145â†’6
6,146,2,30.0724,0.0,True,6â†’146
146,6,2,21.4686,0.0,True,146â†’6
6,147,2,29.2832,0.0,True,6â†’147
147,6,2,14.1223,1e-05,True,147â†’6
6,148,2,27.7049,0.0,True,6â†’148
148,6,2,18.0825,0.0,True,148â†’6
6,149,2,21.9687,0.0,True,6â†’149
149,6,2,16.2725,0.0,True,149â†’6
6,150,2,32.6593,0.0,True,6â†’150
150,6,2,17.0595,0.0,True,150â†’6
7,8,2,48.143,0.0,True,7â†’8
8,7,2,9.0036,0.00035,True,8â†’7
7,9,2,41.0809,0.0,True,7â†’9
9,7,2,7.7534,0.00096,True,9â†’7
7,10,1,51.2061,0.0,True,7â†’10
10,7,2,12.7765,2e-05,True,10â†’7
7,23,2,26.315,0.0,True,7â†’23
23,7,2,12.5291,2e-05,True,23â†’7
7,26,2,16.6202,0.0,True,7â†’26
26,7,2,12.8425,2e-05,True,26â†’7
7,27,2,21.7689,0.0,True,7â†’27
27,7,2,10.3781,0.00012,True,27â†’7
7,28,2,28.083,0.0,True,7â†’28
28,7,4,5.8299,0.00051,True,28â†’7
7,29,2,18.7965,0.0,True,7â†’29
29,7,2,10.4535,0.00012,True,29â†’7
7,61,2,29.0295,0.0,True,7â†’61
61,7,2,11.1303,7e-05,True,61â†’7
7,68,2,35.3839,0.0,True,7â†’68
68,7,2,9.8768,0.00018,True,68â†’7
7,69,1,70.1458,0.0,True,7â†’69
69,7,4,6.2948,0.00027,True,69â†’7
7,94,2,10.0563,0.00016,True,7â†’94
94,7,2,11.3122,6e-05,True,94â†’7
7,131,2,21.2282,0.0,True,7â†’131
131,7,4,6.4678,0.00022,True,131â†’7
7,134,2,29.8456,0.0,True,7â†’134
134,7,2,8.6315,0.00047,True,134â†’7
7,135,2,24.7806,0.0,True,7â†’135
135,7,2,9.6825,0.00021,True,135â†’7
7,136,2,17.5287,0.0,True,7â†’136
136,7,2,13.043,2e-05,True,136â†’7
7,141,2,23.9359,0.0,True,7â†’141
141,7,2,10.4301,0.00012,True,141â†’7
7,142,2,26.0156,0.0,True,7â†’142
142,7,2,10.7303,9e-05,True,142â†’7
7,143,2,20.0977,0.0,True,7â†’143
143,7,2,11.5359,5e-05,True,143â†’7
7,144,2,19.9697,0.0,True,7â†’144
144,7,2,12.4959,3e-05,True,144â†’7
7,145,2,38.6216,0.0,True,7â†’145
145,7,2,10.9376,8e-05,True,145â†’7
7,146,2,29.3109,0.0,True,7â†’146
146,7,2,10.66,0.0001,True,146â†’7
7,147,2,24.5033,0.0,True,7â†’147
147,7,2,12.1279,3e-05,True,147â†’7
7,148,2,29.4915,0.0,True,7â†’148
148,7,2,12.467,3e-05,True,148â†’7
7,149,2,22.4563,0.0,True,7â†’149
149,7,2,8.5453,0.00051,True,149â†’7
7,150,2,27.1165,0.0,True,7â†’150
150,7,2,11.5843,5e-05,True,150â†’7
8,9,2,34.4329,0.0,True,8â†’9
9,8,2,37.3117,0.0,True,9â†’8
8,10,3,24.29,0.0,True,8â†’10
10,8,2,29.6281,0.0,True,10â†’8
8,23,2,24.0409,0.0,True,8â†’23
23,8,2,32.4926,0.0,True,23â†’8
8,26,2,15.8876,0.0,True,8â†’26
26,8,2,37.7056,0.0,True,26â†’8
8,27,2,23.2112,0.0,True,8â†’27
27,8,2,32.0572,0.0,True,27â†’8
8,28,2,27.599,0.0,True,8â†’28
28,8,2,33.5362,0.0,True,28â†’8
8,29,2,20.7036,0.0,True,8â†’29
29,8,2,38.4993,0.0,True,29â†’8
8,61,2,31.4843,0.0,True,8â†’61
61,8,2,31.199,0.0,True,61â†’8
8,68,2,31.9285,0.0,True,8â†’68
68,8,2,39.7813,0.0,True,68â†’8
8,69,1,74.5971,0.0,True,8â†’69
69,8,2,32.6937,0.0,True,69â†’8
8,131,2,21.6684,0.0,True,8â†’131
131,8,2,43.516,0.0,True,131â†’8
8,134,2,30.3266,0.0,True,8â†’134
134,8,2,33.6466,0.0,True,134â†’8
8,135,2,27.8548,0.0,True,8â†’135
135,8,2,36.8268,0.0,True,135â†’8
8,136,2,15.1696,0.0,True,8â†’136
136,8,2,46.7507,0.0,True,136â†’8
8,139,2,32.7541,0.0,True,8â†’139
139,8,2,32.989,0.0,True,139â†’8
8,141,2,23.1653,0.0,True,8â†’141
141,8,2,28.1236,0.0,True,141â†’8
8,142,2,26.7858,0.0,True,8â†’142
142,8,2,45.636,0.0,True,142â†’8
8,143,2,25.2016,0.0,True,8â†’143
143,8,2,31.9419,0.0,True,143â†’8
8,144,2,20.7773,0.0,True,8â†’144
144,8,2,37.7969,0.0,True,144â†’8
8,145,2,37.8497,0.0,True,8â†’145
145,8,2,31.1092,0.0,True,145â†’8
8,146,2,35.0231,0.0,True,8â†’146
146,8,2,47.0838,0.0,True,146â†’8
8,147,2,22.6418,0.0,True,8â†’147
147,8,2,28.9941,0.0,True,147â†’8
8,148,2,27.4946,0.0,True,8â†’148
148,8,2,41.7273,0.0,True,148â†’8
8,149,2,24.4041,0.0,True,8â†’149
149,8,2,38.7022,0.0,True,149â†’8
8,150,2,28.1024,0.0,True,8â†’150
150,8,2,46.635,0.0,True,150â†’8
9,10,1,49.7692,0.0,True,9â†’10
10,9,2,30.4525,0.0,True,10â†’9
9,23,2,30.0667,0.0,True,9â†’23
23,9,2,40.1715,0.0,True,23â†’9
9,26,3,9.2538,4e-05,True,9â†’26
26,9,2,37.393,0.0,True,26â†’9
9,27,2,22.0088,0.0,True,9â†’27
27,9,2,24.2539,0.0,True,27â†’9
9,28,2,26.4748,0.0,True,9â†’28
28,9,2,34.6504,0.0,True,28â†’9
9,29,2,24.3164,0.0,True,9â†’29
29,9,2,37.1468,0.0,True,29â†’9
9,61,2,34.5779,0.0,True,9â†’61
61,9,2,30.9615,0.0,True,61â†’9
9,68,2,37.7446,0.0,True,9â†’68
68,9,2,37.436,0.0,True,68â†’9
9,69,1,78.3613,0.0,True,9â†’69
69,9,2,36.8792,0.0,True,69â†’9
9,94,2,8.741,0.00043,True,9â†’94
94,9,2,41.7771,0.0,True,94â†’9
9,131,2,25.6671,0.0,True,9â†’131
131,9,2,31.1767,0.0,True,131â†’9
9,134,2,32.9418,0.0,True,9â†’134
134,9,2,35.5276,0.0,True,134â†’9
9,135,2,25.0436,0.0,True,9â†’135
135,9,2,34.6953,0.0,True,135â†’9
9,136,2,16.9086,0.0,True,9â†’136
136,9,2,38.8609,0.0,True,136â†’9
9,141,2,23.8595,0.0,True,9â†’141
141,9,2,42.8997,0.0,True,141â†’9
9,142,2,24.96,0.0,True,9â†’142
142,9,2,41.5399,0.0,True,142â†’9
9,143,2,21.0925,0.0,True,9â†’143
143,9,2,45.1952,0.0,True,143â†’9
9,144,2,22.459,0.0,True,9â†’144
144,9,2,42.1916,0.0,True,144â†’9
9,145,2,31.4949,0.0,True,9â†’145
145,9,2,36.1718,0.0,True,145â†’9
9,146,2,31.0581,0.0,True,9â†’146
146,9,2,32.9774,0.0,True,146â†’9
9,147,2,25.9977,0.0,True,9â†’147
147,9,2,34.888,0.0,True,147â†’9
9,148,2,25.2609,0.0,True,9â†’148
148,9,2,41.6168,0.0,True,148â†’9
9,149,2,17.608,0.0,True,9â†’149
149,9,2,34.2776,0.0,True,149â†’9
9,150,2,25.0893,0.0,True,9â†’150
150,9,2,30.2047,0.0,True,150â†’9
10,23,2,25.7125,0.0,True,10â†’23
23,10,1,50.3732,0.0,True,23â†’10
10,26,2,16.2781,0.0,True,10â†’26
26,10,3,20.509,0.0,True,26â†’10
10,27,2,19.7981,0.0,True,10â†’27
27,10,1,48.6003,0.0,True,27â†’10
10,28,2,30.0916,0.0,True,10â†’28
28,10,3,22.7261,0.0,True,28â†’10
10,29,2,23.5255,0.0,True,10â†’29
29,10,1,49.925,0.0,True,29â†’10
10,61,2,26.5955,0.0,True,10â†’61
61,10,3,21.7724,0.0,True,61â†’10
10,68,2,35.4962,0.0,True,10â†’68
68,10,1,48.6245,0.0,True,68â†’10
10,69,1,77.9194,0.0,True,10â†’69
69,10,3,22.6427,0.0,True,69â†’10
10,94,2,8.158,0.00069,True,10â†’94
94,10,1,48.7395,0.0,True,94â†’10
10,131,2,22.2212,0.0,True,10â†’131
131,10,1,49.511,0.0,True,131â†’10
10,134,2,24.9318,0.0,True,10â†’134
134,10,1,46.088,0.0,True,134â†’10
10,135,2,32.0106,0.0,True,10â†’135
135,10,1,51.755,0.0,True,135â†’10
10,136,2,19.3233,0.0,True,10â†’136
136,10,1,48.0205,0.0,True,136â†’10
10,141,2,20.4802,0.0,True,10â†’141
141,10,1,48.8655,0.0,True,141â†’10
10,142,2,24.2329,0.0,True,10â†’142
142,10,1,51.4805,0.0,True,142â†’10
10,143,2,21.3892,0.0,True,10â†’143
143,10,1,48.7087,0.0,True,143â†’10
10,144,2,18.8429,0.0,True,10â†’144
144,10,1,52.2131,0.0,True,144â†’10
10,145,2,33.0109,0.0,True,10â†’145
145,10,1,48.2696,0.0,True,145â†’10
10,146,2,24.0409,0.0,True,10â†’146
146,10,1,58.6391,0.0,True,146â†’10
10,147,2,23.5597,0.0,True,10â†’147
147,10,1,49.7767,0.0,True,147â†’10
10,148,4,15.911,0.0,True,10â†’148
148,10,1,49.0019,0.0,True,148â†’10
10,149,2,19.8085,0.0,True,10â†’149
149,10,1,50.9419,0.0,True,149â†’10
10,150,2,28.4392,0.0,True,10â†’150
150,10,1,52.9286,0.0,True,150â†’10
11,12,2,18.6124,0.0,True,11â†’12
12,11,2,21.781,0.0,True,12â†’11
11,14,2,37.3748,0.0,True,11â†’14
14,11,2,24.3214,0.0,True,14â†’11
11,15,2,34.6562,0.0,True,11â†’15
15,11,2,24.6033,0.0,True,15â†’11
11,16,2,32.2965,0.0,True,11â†’16
16,11,2,21.6578,0.0,True,16â†’11
11,17,2,25.2411,0.0,True,11â†’17
17,11,2,20.2187,0.0,True,17â†’11
11,18,2,15.0434,0.0,True,11â†’18
18,11,2,17.8936,0.0,True,18â†’11
11,82,2,28.072,0.0,True,11â†’82
82,11,2,23.4876,0.0,True,82â†’11
12,14,2,31.7443,0.0,True,12â†’14
14,12,2,16.866,0.0,True,14â†’12
12,15,2,32.4326,0.0,True,12â†’15
15,12,2,16.1228,0.0,True,15â†’12
12,16,2,25.5424,0.0,True,12â†’16
16,12,2,16.8026,0.0,True,16â†’12
12,17,2,14.2928,1e-05,True,12â†’17
17,12,2,16.9527,0.0,True,17â†’12
12,18,2,13.0615,2e-05,True,12â†’18
18,12,2,14.1586,1e-05,True,18â†’12
12,75,1,43.7532,0.0,True,12â†’75
75,12,2,15.4427,0.0,True,75â†’12
13,19,3,9.176,4e-05,True,13â†’19
19,13,2,15.2418,0.0,True,19â†’13
13,20,2,21.9338,0.0,True,13â†’20
20,13,2,21.3117,0.0,True,20â†’13
13,91,3,13.0145,0.0,True,13â†’91
91,13,2,16.4913,0.0,True,91â†’13
13,93,2,20.6926,0.0,True,13â†’93
93,13,2,16.9536,0.0,True,93â†’13
13,96,2,26.7028,0.0,True,13â†’96
96,13,2,17.0023,0.0,True,96â†’13
13,113,2,15.2471,0.0,True,13â†’113
113,13,2,16.8186,0.0,True,113â†’13
13,118,2,24.0314,0.0,True,13â†’118
118,13,2,18.3115,0.0,True,118â†’13
14,15,2,30.3488,0.0,True,14â†’15
15,14,2,31.4693,0.0,True,15â†’14
14,16,2,27.1627,0.0,True,14â†’16
16,14,2,28.8193,0.0,True,16â†’14
14,17,2,16.5275,0.0,True,14â†’17
17,14,2,42.5562,0.0,True,17â†’14
14,82,2,25.1604,0.0,True,14â†’82
82,14,2,35.5509,0.0,True,82â†’14
14,85,2,10.4945,0.00011,True,14â†’85
85,14,2,39.302,0.0,True,85â†’14
15,16,2,29.6592,0.0,True,15â†’16
16,15,2,27.5708,0.0,True,16â†’15
15,17,2,17.1497,0.0,True,15â†’17
17,15,2,30.8087,0.0,True,17â†’15
15,82,2,23.4725,0.0,True,15â†’82
82,15,2,29.4902,0.0,True,82â†’15
15,83,2,21.6623,0.0,True,15â†’83
83,15,2,30.789,0.0,True,83â†’15
15,85,2,10.4262,0.00012,True,15â†’85
85,15,2,28.3096,0.0,True,85â†’15
15,89,2,37.3388,0.0,True,15â†’89
89,15,2,26.3392,0.0,True,89â†’15
16,17,2,18.5033,0.0,True,16â†’17
17,16,2,36.631,0.0,True,17â†’16
16,19,2,12.3193,3e-05,True,16â†’19
19,16,2,42.5589,0.0,True,19â†’16
16,20,2,25.3144,0.0,True,16â†’20
20,16,2,31.4143,0.0,True,20â†’16
17,18,2,17.903,0.0,True,17â†’18
18,17,2,19.204,0.0,True,18â†’17
17,20,2,27.3548,0.0,True,17â†’20
20,17,2,28.5388,0.0,True,20â†’17
17,74,2,22.6798,0.0,True,17â†’74
74,17,2,16.4665,0.0,True,74â†’17
17,75,2,28.7075,0.0,True,17â†’75
75,17,2,17.3121,0.0,True,75â†’17
17,76,2,26.7407,0.0,True,17â†’76
76,17,2,15.1127,0.0,True,76â†’17
17,120,3,21.6989,0.0,True,17â†’120
120,17,2,17.3314,0.0,True,120â†’17
18,74,2,19.1306,0.0,True,18â†’74
74,18,2,13.7249,1e-05,True,74â†’18
18,75,2,25.4973,0.0,True,18â†’75
75,18,2,13.397,1e-05,True,75â†’18
18,76,2,25.4414,0.0,True,18â†’76
76,18,2,15.034,0.0,True,76â†’18
19,20,2,30.7887,0.0,True,19â†’20
20,19,3,11.546,0.0,True,20â†’19
19,91,3,10.4319,1e-05,True,19â†’91
91,19,2,11.2129,7e-05,True,91â†’19
19,92,2,29.808,0.0,True,19â†’92
92,19,2,11.103,7e-05,True,92â†’19
19,95,2,10.5965,0.0001,True,19â†’95
95,19,2,11.4105,6e-05,True,95â†’19
19,97,2,15.3155,0.0,True,19â†’97
97,19,2,11.8564,4e-05,True,97â†’19
19,113,2,12.0896,3e-05,True,19â†’113
113,19,3,9.1753,4e-05,True,113â†’19
19,118,2,19.3541,0.0,True,19â†’118
118,19,1,15.3629,0.00021,True,118â†’19
20,76,2,24.5945,0.0,True,20â†’76
76,20,2,21.7109,0.0,True,76â†’20
20,111,2,17.5914,0.0,True,20â†’111
111,20,2,25.2292,0.0,True,111â†’20
20,112,2,28.0784,0.0,True,20â†’112
112,20,2,27.0008,0.0,True,112â†’20
20,113,2,12.2302,3e-05,True,20â†’113
113,20,2,24.944,0.0,True,113â†’20
20,114,2,20.5057,0.0,True,20â†’114
114,20,2,25.2362,0.0,True,114â†’20
20,116,2,15.9059,0.0,True,20â†’116
116,20,2,24.2078,0.0,True,116â†’20
20,117,2,15.3402,0.0,True,20â†’117
117,20,2,20.8045,0.0,True,117â†’20
20,118,2,26.7284,0.0,True,20â†’118
118,20,2,22.5868,0.0,True,118â†’20
20,119,2,31.4667,0.0,True,20â†’119
119,20,2,25.7667,0.0,True,119â†’20
20,120,2,31.4576,0.0,True,20â†’120
120,20,2,21.4213,0.0,True,120â†’20
21,22,2,59.9245,0.0,True,21â†’22
22,21,2,15.2808,0.0,True,22â†’21
21,23,2,26.6626,0.0,True,21â†’23
23,21,2,13.8946,1e-05,True,23â†’21
21,24,2,18.6944,0.0,True,21â†’24
24,21,3,10.4053,1e-05,True,24â†’21
21,25,2,28.9538,0.0,True,21â†’25
25,21,2,15.4139,0.0,True,25â†’21
21,29,2,21.0303,0.0,True,21â†’29
29,21,2,14.4681,1e-05,True,29â†’21
21,30,2,15.4037,0.0,True,21â†’30
30,21,2,15.3239,0.0,True,30â†’21
21,94,2,8.655,0.00047,True,21â†’94
94,21,2,17.7555,0.0,True,94â†’21
21,98,2,20.1561,0.0,True,21â†’98
98,21,2,14.1301,1e-05,True,98â†’21
21,99,2,7.7018,0.001,True,21â†’99
99,21,3,10.4763,1e-05,True,99â†’21
22,23,2,25.4763,0.0,True,22â†’23
23,22,2,54.6717,0.0,True,23â†’22
22,25,2,37.8215,0.0,True,22â†’25
25,22,2,57.5719,0.0,True,25â†’22
22,29,2,20.4234,0.0,True,22â†’29
29,22,2,59.6212,0.0,True,29â†’22
22,94,2,8.5353,0.00051,True,22â†’94
94,22,2,59.8355,0.0,True,94â†’22
22,98,2,21.6191,0.0,True,22â†’98
98,22,2,65.4739,0.0,True,98â†’22
22,99,3,6.8412,0.00047,True,22â†’99
99,22,2,54.2583,0.0,True,99â†’22
23,26,2,14.4069,1e-05,True,23â†’26
26,23,2,25.789,0.0,True,26â†’23
23,27,2,19.8514,0.0,True,23â†’27
27,23,2,28.8039,0.0,True,27â†’23
23,28,2,28.7897,0.0,True,23â†’28
28,23,2,26.3841,0.0,True,28â†’23
23,29,2,18.1888,0.0,True,23â†’29
29,23,2,23.2547,0.0,True,29â†’23
23,61,2,24.9971,0.0,True,23â†’61
61,23,2,26.1745,0.0,True,61â†’23
23,68,2,31.8814,0.0,True,23â†’68
68,23,2,25.2006,0.0,True,68â†’23
23,69,1,66.4004,0.0,True,23â†’69
69,23,2,21.4634,0.0,True,69â†’23
23,94,2,8.6999,0.00045,True,23â†’94
94,23,2,24.8883,0.0,True,94â†’23
23,141,2,19.3075,0.0,True,23â†’141
141,23,2,25.9371,0.0,True,141â†’23
23,142,2,23.8796,0.0,True,23â†’142
142,23,2,25.9654,0.0,True,142â†’23
23,143,2,23.5321,0.0,True,23â†’143
143,23,2,22.3527,0.0,True,143â†’23
23,147,2,22.7496,0.0,True,23â†’147
147,23,2,25.8675,0.0,True,147â†’23
23,148,2,23.73,0.0,True,23â†’148
148,23,2,21.6902,0.0,True,148â†’23
23,150,2,29.3392,0.0,True,23â†’150
150,23,2,26.9886,0.0,True,150â†’23
24,25,2,34.4799,0.0,True,24â†’25
25,24,3,17.101,0.0,True,25â†’24
24,30,2,18.7034,0.0,True,24â†’30
30,24,3,14.9226,0.0,True,30â†’24
24,31,2,19.6709,0.0,True,24â†’31
31,24,2,19.2509,0.0,True,31â†’24
24,32,2,27.7108,0.0,True,24â†’32
32,24,2,19.5708,0.0,True,32â†’24
24,33,1,28.002,0.0,True,24â†’33
33,24,4,14.9069,0.0,True,33â†’24
24,39,2,19.0319,0.0,True,24â†’39
39,24,3,15.6682,0.0,True,39â†’24
24,40,2,23.3357,0.0,True,24â†’40
40,24,3,18.535,0.0,True,40â†’24
24,98,2,21.1828,0.0,True,24â†’98
98,24,2,18.6268,0.0,True,98â†’24
24,99,2,9.5767,0.00023,True,24â†’99
99,24,4,12.7066,0.0,True,99â†’24
25,30,2,14.2731,1e-05,True,25â†’30
30,25,2,28.8864,0.0,True,30â†’25
25,39,2,16.6838,0.0,True,25â†’39
39,25,2,30.563,0.0,True,39â†’25
25,98,2,23.7778,0.0,True,25â†’98
98,25,2,33.4838,0.0,True,98â†’25
25,99,2,12.4093,3e-05,True,25â†’99
99,25,2,27.3944,0.0,True,99â†’25
26,27,2,21.4702,0.0,True,26â†’27
27,26,3,10.9453,1e-05,True,27â†’26
26,28,2,29.6869,0.0,True,26â†’28
28,26,3,10.5643,1e-05,True,28â†’26
26,29,2,25.1051,0.0,True,26â†’29
29,26,2,17.5394,0.0,True,29â†’26
26,61,2,23.3978,0.0,True,26â†’61
61,26,2,15.0164,0.0,True,61â†’26
26,68,2,36.7422,0.0,True,26â†’68
68,26,2,16.2325,0.0,True,68â†’26
26,69,1,75.7974,0.0,True,26â†’69
69,26,2,13.2743,1e-05,True,69â†’26
26,94,2,9.0447,0.00034,True,26â†’94
94,26,3,9.7538,2e-05,True,94â†’26
26,131,2,19.6383,0.0,True,26â†’131
131,26,2,14.138,1e-05,True,131â†’26
26,134,2,22.6686,0.0,True,26â†’134
134,26,2,14.78,1e-05,True,134â†’26
26,135,2,27.7185,0.0,True,26â†’135
135,26,3,9.3158,4e-05,True,135â†’26
26,136,2,18.8249,0.0,True,26â†’136
136,26,2,16.7567,0.0,True,136â†’26
26,141,2,20.9662,0.0,True,26â†’141
141,26,3,9.8895,2e-05,True,141â†’26
26,142,2,28.2016,0.0,True,26â†’142
142,26,2,14.7264,1e-05,True,142â†’26
26,143,2,24.5393,0.0,True,26â†’143
143,26,2,13.1422,2e-05,True,143â†’26
26,144,2,19.5295,0.0,True,26â†’144
144,26,2,15.3557,0.0,True,144â†’26
26,145,2,34.652,0.0,True,26â†’145
145,26,2,14.8838,0.0,True,145â†’26
26,146,2,29.809,0.0,True,26â†’146
146,26,2,15.6818,0.0,True,146â†’26
26,147,2,22.0876,0.0,True,26â†’147
147,26,2,13.3966,1e-05,True,147â†’26
26,148,2,31.437,0.0,True,26â†’148
148,26,2,16.1662,0.0,True,148â†’26
26,149,2,22.5638,0.0,True,26â†’149
149,26,3,10.3446,1e-05,True,149â†’26
26,150,2,27.6431,0.0,True,26â†’150
150,26,2,16.0025,0.0,True,150â†’26
27,28,2,25.7075,0.0,True,27â†’28
28,27,2,19.9398,0.0,True,28â†’27
27,29,2,19.047,0.0,True,27â†’29
29,27,2,25.6354,0.0,True,29â†’27
27,61,2,23.3277,0.0,True,27â†’61
61,27,2,22.5957,0.0,True,61â†’27
27,68,3,23.6254,0.0,True,27â†’68
68,27,2,23.9838,0.0,True,68â†’27
27,69,1,69.6659,0.0,True,27â†’69
69,27,2,19.8219,0.0,True,69â†’27
27,94,2,9.1856,0.00031,True,27â†’94
94,27,2,22.4303,0.0,True,94â†’27
27,131,2,26.7438,0.0,True,27â†’131
131,27,2,23.4324,0.0,True,131â†’27
27,134,2,32.8537,0.0,True,27â†’134
134,27,2,20.7291,0.0,True,134â†’27
27,135,2,19.8931,0.0,True,27â†’135
135,27,2,22.4187,0.0,True,135â†’27
27,136,2,15.6392,0.0,True,27â†’136
136,27,2,24.8143,0.0,True,136â†’27
27,141,2,24.0975,0.0,True,27â†’141
141,27,2,25.1304,0.0,True,141â†’27
27,142,2,19.7946,0.0,True,27â†’142
142,27,2,24.7201,0.0,True,142â†’27
27,143,2,19.5115,0.0,True,27â†’143
143,27,2,20.8675,0.0,True,143â†’27
27,144,2,21.246,0.0,True,27â†’144
144,27,2,21.0254,0.0,True,144â†’27
27,145,2,34.8065,0.0,True,27â†’145
145,27,2,22.2308,0.0,True,145â†’27
27,146,2,29.4626,0.0,True,27â†’146
146,27,2,23.4447,0.0,True,146â†’27
27,147,2,28.7939,0.0,True,27â†’147
147,27,2,24.442,0.0,True,147â†’27
27,148,4,15.4707,0.0,True,27â†’148
148,27,2,25.6996,0.0,True,148â†’27
27,149,2,18.6918,0.0,True,27â†’149
149,27,2,24.7621,0.0,True,149â†’27
27,150,2,30.6191,0.0,True,27â†’150
150,27,2,24.1608,0.0,True,150â†’27
28,29,2,22.6185,0.0,True,28â†’29
29,28,2,21.9942,0.0,True,29â†’28
28,68,2,35.2717,0.0,True,28â†’68
68,28,2,28.944,0.0,True,68â†’28
28,131,2,18.1646,0.0,True,28â†’131
131,28,2,28.2708,0.0,True,131â†’28
28,134,2,20.6264,0.0,True,28â†’134
134,28,2,24.7787,0.0,True,134â†’28
28,135,2,28.2756,0.0,True,28â†’135
135,28,2,33.1362,0.0,True,135â†’28
28,136,2,14.3794,1e-05,True,28â†’136
136,28,2,31.1555,0.0,True,136â†’28
28,141,2,21.0634,0.0,True,28â†’141
141,28,2,25.2193,0.0,True,141â†’28
28,142,2,25.1197,0.0,True,28â†’142
142,28,3,26.4307,0.0,True,142â†’28
28,143,2,20.5403,0.0,True,28â†’143
143,28,2,30.4713,0.0,True,143â†’28
28,144,2,20.6699,0.0,True,28â†’144
144,28,2,28.9127,0.0,True,144â†’28
28,145,2,33.4166,0.0,True,28â†’145
145,28,2,27.8506,0.0,True,145â†’28
28,146,2,29.9638,0.0,True,28â†’146
146,28,2,29.9171,0.0,True,146â†’28
28,147,2,18.2925,0.0,True,28â†’147
147,28,2,31.3165,0.0,True,147â†’28
28,148,2,26.6908,0.0,True,28â†’148
148,28,2,30.2941,0.0,True,148â†’28
28,149,2,17.8485,0.0,True,28â†’149
149,28,2,26.5943,0.0,True,149â†’28
28,150,2,26.2427,0.0,True,28â†’150
150,28,2,34.6673,0.0,True,150â†’28
29,68,2,34.9738,0.0,True,29â†’68
68,29,2,26.4576,0.0,True,68â†’29
29,94,2,7.1588,0.00155,True,29â†’94
94,29,2,26.898,0.0,True,94â†’29
29,141,2,23.5173,0.0,True,29â†’141
141,29,2,21.3193,0.0,True,141â†’29
29,142,2,21.9969,0.0,True,29â†’142
142,29,2,23.6714,0.0,True,142â†’29
29,143,2,19.3495,0.0,True,29â†’143
143,29,2,20.5975,0.0,True,143â†’29
29,145,2,41.3586,0.0,True,29â†’145
145,29,2,22.1712,0.0,True,145â†’29
29,147,2,22.6942,0.0,True,29â†’147
147,29,2,26.2932,0.0,True,147â†’29
29,148,2,26.7352,0.0,True,29â†’148
148,29,2,20.3719,0.0,True,148â†’29
29,149,2,23.4564,0.0,True,29â†’149
149,29,2,19.0562,0.0,True,149â†’29
30,31,2,18.3858,0.0,True,30â†’31
31,30,2,12.0454,4e-05,True,31â†’30
30,32,2,27.9343,0.0,True,30â†’32
32,30,2,17.5077,0.0,True,32â†’30
30,33,1,27.588,0.0,True,30â†’33
33,30,2,14.0887,1e-05,True,33â†’30
30,35,2,19.1482,0.0,True,30â†’35
35,30,2,11.4905,5e-05,True,35â†’30
30,39,2,18.293,0.0,True,30â†’39
39,30,2,14.1698,1e-05,True,39â†’30
30,40,2,23.9415,0.0,True,30â†’40
40,30,2,14.1686,1e-05,True,40â†’30
30,99,2,13.4192,1e-05,True,30â†’99
99,30,2,15.3962,0.0,True,99â†’30
31,32,1,40.4629,0.0,True,31â†’32
32,31,2,21.6524,0.0,True,32â†’31
31,33,1,28.0231,0.0,True,31â†’33
33,31,2,20.5671,0.0,True,33â†’31
31,34,2,17.126,0.0,True,31â†’34
34,31,2,25.6217,0.0,True,34â†’31
31,35,2,20.1146,0.0,True,31â†’35
35,31,2,21.7172,0.0,True,35â†’31
31,36,2,18.3702,0.0,True,31â†’36
36,31,2,19.8775,0.0,True,36â†’31
31,37,2,18.665,0.0,True,31â†’37
37,31,2,18.7445,0.0,True,37â†’31
31,38,2,18.9597,0.0,True,31â†’38
38,31,2,21.4005,0.0,True,38â†’31
31,39,2,16.8164,0.0,True,31â†’39
39,31,2,28.6028,0.0,True,39â†’31
31,40,2,24.2328,0.0,True,31â†’40
40,31,2,21.5097,0.0,True,40â†’31
32,33,2,18.787,0.0,True,32â†’33
33,32,1,44.0234,0.0,True,33â†’32
32,34,2,17.7352,0.0,True,32â†’34
34,32,1,39.9172,0.0,True,34â†’32
32,35,2,20.0886,0.0,True,32â†’35
35,32,2,29.1846,0.0,True,35â†’32
32,36,2,18.5722,0.0,True,32â†’36
36,32,2,31.3629,0.0,True,36â†’32
32,37,2,20.572,0.0,True,32â†’37
37,32,1,43.7856,0.0,True,37â†’32
32,38,2,22.3463,0.0,True,32â†’38
38,32,1,39.9083,0.0,True,38â†’32
32,39,2,16.8239,0.0,True,32â†’39
39,32,1,42.6709,0.0,True,39â†’32
32,40,2,21.657,0.0,True,32â†’40
40,32,2,26.5829,0.0,True,40â†’32
33,34,2,16.0419,0.0,True,33â†’34
34,33,1,26.187,0.0,True,34â†’33
33,35,2,18.6392,0.0,True,33â†’35
35,33,1,25.7985,0.0,True,35â†’33
33,36,2,18.0981,0.0,True,33â†’36
36,33,1,25.9904,0.0,True,36â†’33
33,37,2,17.1437,0.0,True,33â†’37
37,33,1,29.8418,0.0,True,37â†’33
33,38,2,18.8117,0.0,True,33â†’38
38,33,1,29.9497,0.0,True,38â†’33
33,39,2,19.0782,0.0,True,33â†’39
39,33,1,27.2446,0.0,True,39â†’33
33,40,2,21.7538,0.0,True,33â†’40
40,33,1,27.2695,0.0,True,40â†’33
34,35,2,19.5401,0.0,True,34â†’35
35,34,2,16.8459,0.0,True,35â†’34
34,36,2,17.779,0.0,True,34â†’36
36,34,2,16.4943,0.0,True,36â†’34
34,37,2,17.8886,0.0,True,34â†’37
37,34,2,16.9493,0.0,True,37â†’34
34,38,2,19.0585,0.0,True,34â†’38
38,34,2,12.5347,2e-05,True,38â†’34
34,39,3,12.8386,0.0,True,34â†’39
39,34,2,18.1917,0.0,True,39â†’34
34,40,2,24.6097,0.0,True,34â†’40
40,34,2,18.2614,0.0,True,40â†’34
34,45,1,20.8993,2e-05,True,34â†’45
45,34,2,16.6796,0.0,True,45â†’34
34,46,2,18.0988,0.0,True,34â†’46
46,34,2,17.602,0.0,True,46â†’34
34,47,4,15.8761,0.0,True,34â†’47
47,34,2,15.4528,0.0,True,47â†’34
34,48,2,20.2594,0.0,True,34â†’48
48,34,2,15.1426,0.0,True,48â†’34
34,49,2,14.2459,1e-05,True,34â†’49
49,34,2,16.9611,0.0,True,49â†’34
34,50,2,23.3338,0.0,True,34â†’50
50,34,2,16.5062,0.0,True,50â†’34
35,36,2,16.2553,0.0,True,35â†’36
36,35,2,18.1032,0.0,True,36â†’35
35,37,2,14.9069,0.0,True,35â†’37
37,35,2,17.0903,0.0,True,37â†’35
35,38,2,18.2695,0.0,True,35â†’38
38,35,2,18.4106,0.0,True,38â†’35
35,39,2,17.5052,0.0,True,35â†’39
39,35,2,22.3127,0.0,True,39â†’35
35,40,2,24.9968,0.0,True,35â†’40
40,35,2,18.1524,0.0,True,40â†’35
35,49,2,17.749,0.0,True,35â†’49
49,35,2,19.5481,0.0,True,49â†’35
35,50,2,20.1927,0.0,True,35â†’50
50,35,2,19.4535,0.0,True,50â†’35
36,37,2,19.3199,0.0,True,36â†’37
37,36,2,15.1314,0.0,True,37â†’36
36,38,2,19.28,0.0,True,36â†’38
38,36,2,18.1898,0.0,True,38â†’36
36,39,2,16.9392,0.0,True,36â†’39
39,36,2,16.5748,0.0,True,39â†’36
36,40,2,30.0355,0.0,True,36â†’40
40,36,2,20.4319,0.0,True,40â†’36
36,46,3,14.3155,0.0,True,36â†’46
46,36,2,13.6816,1e-05,True,46â†’36
36,47,2,18.1516,0.0,True,36â†’47
47,36,2,16.5309,0.0,True,47â†’36
36,48,2,17.1166,0.0,True,36â†’48
48,36,2,17.9546,0.0,True,48â†’36
36,49,2,12.9353,2e-05,True,36â†’49
49,36,2,16.3695,0.0,True,49â†’36
36,50,2,17.7182,0.0,True,36â†’50
50,36,2,17.5852,0.0,True,50â†’36
37,38,2,17.9005,0.0,True,37â†’38
38,37,2,19.7369,0.0,True,38â†’37
37,39,2,15.2812,0.0,True,37â†’39
39,37,2,22.7826,0.0,True,39â†’37
37,40,2,23.2379,0.0,True,37â†’40
40,37,2,15.1285,0.0,True,40â†’37
37,48,2,15.1864,0.0,True,37â†’48
48,37,2,13.9083,1e-05,True,48â†’37
37,49,2,13.3061,1e-05,True,37â†’49
49,37,2,17.6734,0.0,True,49â†’37
37,50,2,18.2601,0.0,True,37â†’50
50,37,2,22.953,0.0,True,50â†’37
38,39,2,18.7065,0.0,True,38â†’39
39,38,2,20.5424,0.0,True,39â†’38
38,40,2,18.4153,0.0,True,38â†’40
40,38,2,20.249,0.0,True,40â†’38
38,45,1,25.052,0.0,True,38â†’45
45,38,2,19.6895,0.0,True,45â†’38
38,46,3,14.2958,0.0,True,38â†’46
46,38,2,20.6365,0.0,True,46â†’38
38,47,2,17.9766,0.0,True,38â†’47
47,38,2,20.025,0.0,True,47â†’38
38,48,2,17.919,0.0,True,38â†’48
48,38,2,23.1388,0.0,True,48â†’38
38,49,2,11.6341,5e-05,True,38â†’49
49,38,2,18.8186,0.0,True,49â†’38
38,50,2,19.9182,0.0,True,38â†’50
50,38,2,21.6875,0.0,True,50â†’38
39,40,2,29.0769,0.0,True,39â†’40
40,39,3,13.5188,0.0,True,40â†’39
40,49,2,12.4843,3e-05,True,40â†’49
49,40,2,24.5078,0.0,True,49â†’40
41,42,2,15.6828,0.0,True,41â†’42
42,41,2,42.117,0.0,True,42â†’41
41,43,2,23.2265,0.0,True,41â†’43
43,41,2,37.7168,0.0,True,43â†’41
41,44,2,20.5563,0.0,True,41â†’44
44,41,2,40.8581,0.0,True,44â†’41
41,45,2,14.671,1e-05,True,41â†’45
45,41,2,37.3643,0.0,True,45â†’41
41,46,2,17.7368,0.0,True,41â†’46
46,41,2,30.4942,0.0,True,46â†’41
41,47,2,20.5809,0.0,True,41â†’47
47,41,2,40.5421,0.0,True,47â†’41
41,48,2,15.2599,0.0,True,41â†’48
48,41,2,34.7584,0.0,True,48â†’41
41,49,2,13.5162,1e-05,True,41â†’49
49,41,2,35.5889,0.0,True,49â†’41
42,43,2,17.0151,0.0,True,42â†’43
43,42,2,16.5383,0.0,True,43â†’42
42,44,2,24.2779,0.0,True,42â†’44
44,42,2,15.1569,0.0,True,44â†’42
42,45,1,21.0711,2e-05,True,42â†’45
45,42,2,16.9711,0.0,True,45â†’42
42,46,1,29.0729,0.0,True,42â†’46
46,42,2,18.5633,0.0,True,46â†’42
42,47,2,19.8166,0.0,True,42â†’47
47,42,2,18.2364,0.0,True,47â†’42
42,48,2,15.1542,0.0,True,42â†’48
48,42,2,20.5994,0.0,True,48â†’42
42,49,2,16.91,0.0,True,42â†’49
49,42,2,16.5159,0.0,True,49â†’42
43,44,2,19.716,0.0,True,43â†’44
44,43,2,16.2737,0.0,True,44â†’43
43,45,1,22.8754,1e-05,True,43â†’45
45,43,2,21.4356,0.0,True,45â†’43
43,46,1,28.7186,0.0,True,43â†’46
46,43,2,22.4935,0.0,True,46â†’43
43,47,2,19.9552,0.0,True,43â†’47
47,43,2,18.6654,0.0,True,47â†’43
43,48,2,12.501,3e-05,True,43â†’48
48,43,2,18.7098,0.0,True,48â†’43
43,49,2,12.7859,2e-05,True,43â†’49
49,43,2,17.1079,0.0,True,49â†’43
44,45,1,21.9808,1e-05,True,44â†’45
45,44,2,24.0368,0.0,True,45â†’44
44,46,1,27.1471,0.0,True,44â†’46
46,44,2,26.1497,0.0,True,46â†’44
44,47,2,18.173,0.0,True,44â†’47
47,44,2,22.7668,0.0,True,47â†’44
44,48,2,15.8613,0.0,True,44â†’48
48,44,2,26.3776,0.0,True,48â†’44
45,46,1,28.7459,0.0,True,45â†’46
46,45,1,24.0147,1e-05,True,46â†’45
45,47,2,22.3342,0.0,True,45â†’47
47,45,1,25.7444,0.0,True,47â†’45
45,48,2,16.0456,0.0,True,45â†’48
48,45,1,21.5032,2e-05,True,48â†’45
45,49,2,16.5464,0.0,True,45â†’49
49,45,3,11.4158,0.0,True,49â†’45
46,47,2,20.2248,0.0,True,46â†’47
47,46,1,30.0303,0.0,True,47â†’46
46,48,2,13.2413,2e-05,True,46â†’48
48,46,1,31.4605,0.0,True,48â†’46
46,49,2,11.6764,5e-05,True,46â†’49
49,46,2,21.0511,0.0,True,49â†’46
47,48,2,14.7652,1e-05,True,47â†’48
48,47,2,21.4159,0.0,True,48â†’47
47,49,2,15.3592,0.0,True,47â†’49
49,47,2,18.0955,0.0,True,49â†’47
48,49,2,15.2739,0.0,True,48â†’49
49,48,2,16.5381,0.0,True,49â†’48
49,50,2,21.8082,0.0,True,49â†’50
50,49,2,12.8136,2e-05,True,50â†’49
51,55,2,29.7,0.0,True,51â†’55
55,51,2,30.8589,0.0,True,55â†’51
51,58,2,15.8451,0.0,True,51â†’58
58,51,2,35.2753,0.0,True,58â†’51
51,60,2,29.1447,0.0,True,51â†’60
60,51,2,30.8619,0.0,True,60â†’51
51,71,2,18.4296,0.0,True,51â†’71
71,51,2,32.8529,0.0,True,71â†’51
51,104,2,30.3252,0.0,True,51â†’104
104,51,2,33.7531,0.0,True,104â†’51
51,107,2,17.1585,0.0,True,51â†’107
107,51,2,30.7982,0.0,True,107â†’51
51,109,1,29.9978,0.0,True,51â†’109
109,51,2,31.7936,0.0,True,109â†’51
52,53,2,32.0797,0.0,True,52â†’53
53,52,2,27.4984,0.0,True,53â†’52
52,54,2,27.4778,0.0,True,52â†’54
54,52,2,27.9634,0.0,True,54â†’52
52,55,2,27.8763,0.0,True,52â†’55
55,52,2,35.3425,0.0,True,55â†’52
52,56,2,15.4248,0.0,True,52â†’56
56,52,2,25.593,0.0,True,56â†’52
52,57,2,19.0614,0.0,True,52â†’57
57,52,2,35.3939,0.0,True,57â†’52
52,59,2,18.2747,0.0,True,52â†’59
59,52,2,36.5794,0.0,True,59â†’52
52,60,2,31.4613,0.0,True,52â†’60
60,52,2,29.0903,0.0,True,60â†’52
52,71,2,22.6716,0.0,True,52â†’71
71,52,2,27.6946,0.0,True,71â†’52
52,72,2,20.8823,0.0,True,52â†’72
72,52,2,29.491,0.0,True,72â†’52
52,80,2,15.4635,0.0,True,52â†’80
80,52,2,26.2491,0.0,True,80â†’52
52,121,2,21.5589,0.0,True,52â†’121
121,52,2,45.2237,0.0,True,121â†’52
52,122,2,25.5375,0.0,True,52â†’122
122,52,2,28.5184,0.0,True,122â†’52
52,123,2,26.3424,0.0,True,52â†’123
123,52,2,35.0235,0.0,True,123â†’52
52,124,2,19.8035,0.0,True,52â†’124
124,52,2,34.5003,0.0,True,124â†’52
52,125,3,15.6386,0.0,True,52â†’125
125,52,2,34.9654,0.0,True,125â†’52
52,126,2,15.9797,0.0,True,52â†’126
126,52,2,38.8744,0.0,True,126â†’52
52,127,2,24.2651,0.0,True,52â†’127
127,52,2,36.7587,0.0,True,127â†’52
52,128,2,33.9042,0.0,True,52â†’128
128,52,2,28.7455,0.0,True,128â†’52
52,129,2,28.156,0.0,True,52â†’129
129,52,2,32.6486,0.0,True,129â†’52
52,130,2,24.1875,0.0,True,52â†’130
130,52,2,40.0695,0.0,True,130â†’52
53,54,2,30.2582,0.0,True,53â†’54
54,53,2,39.33,0.0,True,54â†’53
53,55,2,30.5083,0.0,True,53â†’55
55,53,2,39.0285,0.0,True,55â†’53
53,56,2,12.409,3e-05,True,53â†’56
56,53,2,35.428,0.0,True,56â†’53
53,57,2,22.1769,0.0,True,53â†’57
57,53,2,34.5873,0.0,True,57â†’53
53,59,2,18.7455,0.0,True,53â†’59
59,53,2,30.4168,0.0,True,59â†’53
53,60,2,31.4451,0.0,True,53â†’60
60,53,2,31.4944,0.0,True,60â†’53
53,121,2,17.6399,0.0,True,53â†’121
121,53,2,42.0955,0.0,True,121â†’53
53,122,2,28.2513,0.0,True,53â†’122
122,53,2,29.0131,0.0,True,122â†’53
53,123,2,17.4904,0.0,True,53â†’123
123,53,2,34.4829,0.0,True,123â†’53
53,124,2,16.1433,0.0,True,53â†’124
124,53,2,45.3026,0.0,True,124â†’53
53,125,2,10.1685,0.00014,True,53â†’125
125,53,2,33.1019,0.0,True,125â†’53
53,127,2,24.6669,0.0,True,53â†’127
127,53,2,31.3434,0.0,True,127â†’53
53,128,2,29.8814,0.0,True,53â†’128
128,53,2,34.7396,0.0,True,128â†’53
53,129,2,22.1277,0.0,True,53â†’129
129,53,2,34.6449,0.0,True,129â†’53
53,130,2,21.8749,0.0,True,53â†’130
130,53,2,30.9028,0.0,True,130â†’53
54,55,2,26.0414,0.0,True,54â†’55
55,54,2,27.0044,0.0,True,55â†’54
54,56,2,15.0407,0.0,True,54â†’56
56,54,2,25.095,0.0,True,56â†’54
54,57,2,21.1725,0.0,True,54â†’57
57,54,2,28.6192,0.0,True,57â†’54
54,58,2,28.8147,0.0,True,54â†’58
58,54,2,26.4705,0.0,True,58â†’54
54,59,2,15.561,0.0,True,54â†’59
59,54,2,23.1283,0.0,True,59â†’54
54,60,2,35.817,0.0,True,54â†’60
60,54,2,24.5056,0.0,True,60â†’54
54,71,2,21.3089,0.0,True,54â†’71
71,54,2,28.9922,0.0,True,71â†’54
54,72,2,18.232,0.0,True,54â†’72
72,54,2,23.745,0.0,True,72â†’54
54,122,2,29.8213,0.0,True,54â†’122
122,54,2,23.5505,0.0,True,122â†’54
54,124,2,15.8046,0.0,True,54â†’124
124,54,2,23.3995,0.0,True,124â†’54
54,127,2,22.2086,0.0,True,54â†’127
127,54,2,19.7135,0.0,True,127â†’54
54,128,2,34.1358,0.0,True,54â†’128
128,54,2,23.2872,0.0,True,128â†’54
54,129,2,23.1168,0.0,True,54â†’129
129,54,2,28.0049,0.0,True,129â†’54
54,130,2,28.9724,0.0,True,54â†’130
130,54,2,24.6909,0.0,True,130â†’54
55,57,2,18.4302,0.0,True,55â†’57
57,55,2,28.3302,0.0,True,57â†’55
55,58,2,27.489,0.0,True,55â†’58
58,55,2,32.0752,0.0,True,58â†’55
55,60,2,33.9333,0.0,True,55â†’60
60,55,2,26.2442,0.0,True,60â†’55
55,71,2,21.7022,0.0,True,55â†’71
71,55,2,34.5678,0.0,True,71â†’55
55,72,2,17.6654,0.0,True,55â†’72
72,55,2,26.0624,0.0,True,72â†’55
55,80,2,14.4799,1e-05,True,55â†’80
80,55,2,34.7396,0.0,True,80â†’55
55,107,2,18.7597,0.0,True,55â†’107
107,55,2,27.8927,0.0,True,107â†’55
55,122,2,31.2395,0.0,True,55â†’122
122,55,2,29.966,0.0,True,122â†’55
55,123,2,24.6061,0.0,True,55â†’123
123,55,2,23.7683,0.0,True,123â†’55
55,124,3,15.5812,0.0,True,55â†’124
124,55,2,25.0827,0.0,True,124â†’55
55,128,2,35.004,0.0,True,55â†’128
128,55,2,29.3751,0.0,True,128â†’55
55,129,2,22.5258,0.0,True,55â†’129
129,55,2,33.2291,0.0,True,129â†’55
55,130,2,26.3722,0.0,True,55â†’130
130,55,2,31.0499,0.0,True,130â†’55
56,59,2,16.7354,0.0,True,56â†’59
59,56,3,12.6807,0.0,True,59â†’56
56,60,2,31.6729,0.0,True,56â†’60
60,56,2,16.2136,0.0,True,60â†’56
56,121,2,19.7036,0.0,True,56â†’121
121,56,2,17.0455,0.0,True,121â†’56
56,122,2,26.9976,0.0,True,56â†’122
122,56,2,13.6757,1e-05,True,122â†’56
56,124,2,17.5568,0.0,True,56â†’124
124,56,2,16.5048,0.0,True,124â†’56
56,125,2,9.3201,0.00028,True,56â†’125
125,56,2,17.933,0.0,True,125â†’56
56,127,2,22.389,0.0,True,56â†’127
127,56,2,16.6247,0.0,True,127â†’56
56,128,2,37.4003,0.0,True,56â†’128
128,56,2,13.929,1e-05,True,128â†’56
56,130,2,25.2722,0.0,True,56â†’130
130,56,2,15.7871,0.0,True,130â†’56
57,58,2,20.1883,0.0,True,57â†’58
58,57,2,18.1823,0.0,True,58â†’57
57,60,2,35.262,0.0,True,57â†’60
60,57,2,17.3345,0.0,True,60â†’57
57,71,2,21.4962,0.0,True,57â†’71
71,57,2,15.8759,0.0,True,71â†’57
57,72,2,18.5955,0.0,True,57â†’72
72,57,2,21.0374,0.0,True,72â†’57
57,80,2,13.231,2e-05,True,57â†’80
80,57,2,18.2324,0.0,True,80â†’57
57,122,2,30.0004,0.0,True,57â†’122
122,57,2,16.4085,0.0,True,122â†’57
57,123,2,26.2442,0.0,True,57â†’123
123,57,2,21.2668,0.0,True,123â†’57
57,124,2,17.169,0.0,True,57â†’124
124,57,2,23.4324,0.0,True,124â†’57
57,126,2,16.3671,0.0,True,57â†’126
126,57,2,22.6768,0.0,True,126â†’57
57,127,2,20.8237,0.0,True,57â†’127
127,57,2,17.4812,0.0,True,127â†’57
57,128,2,32.9375,0.0,True,57â†’128
128,57,2,16.3178,0.0,True,128â†’57
57,129,2,24.4338,0.0,True,57â†’129
129,57,2,21.6371,0.0,True,129â†’57
57,130,2,24.1282,0.0,True,57â†’130
130,57,2,21.9186,0.0,True,130â†’57
58,60,2,39.9834,0.0,True,58â†’60
60,58,2,25.2118,0.0,True,60â†’58
58,71,2,19.6703,0.0,True,58â†’71
71,58,2,27.3241,0.0,True,71â†’58
58,72,2,18.4807,0.0,True,58â†’72
72,58,2,20.3981,0.0,True,72â†’58
58,80,2,16.8868,0.0,True,58â†’80
80,58,2,21.765,0.0,True,80â†’58
58,104,2,31.454,0.0,True,58â†’104
104,58,2,26.7861,0.0,True,104â†’58
58,107,2,15.847,0.0,True,58â†’107
107,58,2,21.4029,0.0,True,107â†’58
58,109,1,28.8594,0.0,True,58â†’109
109,58,2,23.9484,0.0,True,109â†’58
58,110,2,29.0419,0.0,True,58â†’110
110,58,2,23.1024,0.0,True,110â†’58
59,60,2,34.7791,0.0,True,59â†’60
60,59,2,18.6742,0.0,True,60â†’59
59,121,2,23.4779,0.0,True,59â†’121
121,59,2,16.1117,0.0,True,121â†’59
59,122,2,28.2139,0.0,True,59â†’122
122,59,2,15.2966,0.0,True,122â†’59
59,124,2,15.4396,0.0,True,59â†’124
124,59,2,18.5774,0.0,True,124â†’59
59,125,3,9.2486,4e-05,True,59â†’125
125,59,2,15.7475,0.0,True,125â†’59
59,127,2,22.4852,0.0,True,59â†’127
127,59,2,14.4885,1e-05,True,127â†’59
59,128,2,37.8592,0.0,True,59â†’128
128,59,2,13.8686,1e-05,True,128â†’59
59,130,2,24.6718,0.0,True,59â†’130
130,59,2,18.8942,0.0,True,130â†’59
60,128,2,29.6744,0.0,True,60â†’128
128,60,2,33.5394,0.0,True,128â†’60
61,62,2,25.9663,0.0,True,61â†’62
62,61,2,26.2794,0.0,True,62â†’61
61,64,2,17.0132,0.0,True,61â†’64
64,61,2,29.5362,0.0,True,64â†’61
61,65,2,26.8624,0.0,True,61â†’65
65,61,2,29.2921,0.0,True,65â†’61
61,66,4,16.2366,0.0,True,61â†’66
66,61,2,24.5093,0.0,True,66â†’61
61,67,2,11.9344,4e-05,True,61â†’67
67,61,2,23.5765,0.0,True,67â†’61
61,68,3,35.3096,0.0,True,61â†’68
68,61,2,23.0322,0.0,True,68â†’61
61,69,1,74.1026,0.0,True,61â†’69
69,61,2,27.5807,0.0,True,69â†’61
61,70,2,19.1298,0.0,True,61â†’70
70,61,2,30.4414,0.0,True,70â†’61
61,94,2,9.3793,0.00026,True,61â†’94
94,61,2,28.8386,0.0,True,94â†’61
61,141,2,24.0738,0.0,True,61â†’141
141,61,2,28.3813,0.0,True,141â†’61
61,142,2,24.1447,0.0,True,61â†’142
142,61,2,28.2395,0.0,True,142â†’61
61,143,2,24.8338,0.0,True,61â†’143
143,61,2,26.4712,0.0,True,143â†’61
61,146,2,31.3469,0.0,True,61â†’146
146,61,2,28.0188,0.0,True,146â†’61
61,147,2,27.0169,0.0,True,61â†’147
147,61,2,21.3497,0.0,True,147â†’61
61,148,2,29.1446,0.0,True,61â†’148
148,61,2,30.1935,0.0,True,148â†’61
61,150,2,29.46,0.0,True,61â†’150
150,61,2,25.704,0.0,True,150â†’61
62,63,2,17.0564,0.0,True,62â†’63
63,62,2,26.6613,0.0,True,63â†’62
62,65,2,24.2583,0.0,True,62â†’65
65,62,2,27.592,0.0,True,65â†’62
62,66,4,19.4149,0.0,True,62â†’66
66,62,2,23.4379,0.0,True,66â†’62
62,67,2,10.539,0.00011,True,62â†’67
67,62,2,23.8693,0.0,True,67â†’62
62,69,1,68.3431,0.0,True,62â†’69
69,62,2,24.7324,0.0,True,69â†’62
62,70,2,19.0791,0.0,True,62â†’70
70,62,2,22.9383,0.0,True,70â†’62
63,64,2,20.6409,0.0,True,63â†’64
64,63,2,16.7805,0.0,True,64â†’63
63,65,2,23.9963,0.0,True,63â†’65
65,63,2,20.4491,0.0,True,65â†’63
63,67,2,11.7253,4e-05,True,63â†’67
67,63,2,16.5814,0.0,True,67â†’63
63,70,2,20.688,0.0,True,63â†’70
70,63,2,17.7421,0.0,True,70â†’63
63,81,2,30.0961,0.0,True,63â†’81
81,63,2,17.3592,0.0,True,81â†’63
63,83,2,24.5819,0.0,True,63â†’83
83,63,2,19.5392,0.0,True,83â†’63
63,88,2,25.9255,0.0,True,63â†’88
88,63,2,16.7684,0.0,True,88â†’63
63,89,2,40.73,0.0,True,63â†’89
89,63,2,16.4264,0.0,True,89â†’63
63,95,2,11.9121,4e-05,True,63â†’95
95,63,2,18.3174,0.0,True,95â†’63
63,100,2,14.7372,1e-05,True,63â†’100
100,63,2,16.8306,0.0,True,100â†’63
64,65,2,23.0974,0.0,True,64â†’65
65,64,2,14.478,1e-05,True,65â†’64
64,67,2,11.8229,4e-05,True,64â†’67
67,64,2,17.4988,0.0,True,67â†’64
64,68,2,37.2227,0.0,True,64â†’68
68,64,2,15.9555,0.0,True,68â†’64
64,69,1,75.8169,0.0,True,64â†’69
69,64,2,15.2616,0.0,True,69â†’64
64,70,2,24.5256,0.0,True,64â†’70
70,64,2,15.2056,0.0,True,70â†’64
64,91,3,11.8437,0.0,True,64â†’91
91,64,2,15.2058,0.0,True,91â†’64
64,92,2,35.3469,0.0,True,64â†’92
92,64,2,16.4455,0.0,True,92â†’64
64,94,2,9.2137,0.0003,True,64â†’94
94,64,2,18.2897,0.0,True,94â†’64
64,95,2,9.9009,0.00018,True,64â†’95
95,64,2,20.8374,0.0,True,95â†’64
64,97,2,19.0201,0.0,True,64â†’97
97,64,2,17.3212,0.0,True,97â†’64
64,100,2,15.883,0.0,True,64â†’100
100,64,2,15.0845,0.0,True,100â†’64
65,66,4,15.4623,0.0,True,65â†’66
66,65,2,25.8476,0.0,True,66â†’65
65,67,2,15.5003,0.0,True,65â†’67
67,65,2,23.1756,0.0,True,67â†’65
65,68,2,35.5506,0.0,True,65â†’68
68,65,2,24.888,0.0,True,68â†’65
65,69,1,69.6661,0.0,True,65â†’69
69,65,2,26.0919,0.0,True,69â†’65
65,70,2,20.5511,0.0,True,65â†’70
70,65,2,25.552,0.0,True,70â†’65
65,150,2,31.9875,0.0,True,65â†’150
150,65,2,27.431,0.0,True,150â†’65
66,69,1,70.5993,0.0,True,66â†’69
69,66,4,19.366,0.0,True,69â†’66
66,70,2,22.1301,0.0,True,66â†’70
70,66,4,15.0509,0.0,True,70â†’66
66,135,2,24.087,0.0,True,66â†’135
135,66,2,27.5065,0.0,True,135â†’66
66,146,2,25.6134,0.0,True,66â†’146
146,66,2,27.3604,0.0,True,146â†’66
66,150,2,23.8829,0.0,True,66â†’150
150,66,4,19.4973,0.0,True,150â†’66
67,68,2,30.8583,0.0,True,67â†’68
68,67,2,11.477,5e-05,True,68â†’67
67,69,1,74.2725,0.0,True,67â†’69
69,67,2,11.2994,6e-05,True,69â†’67
67,70,2,21.1431,0.0,True,67â†’70
70,67,2,13.6844,1e-05,True,70â†’67
67,95,2,9.0914,0.00033,True,67â†’95
95,67,2,14.056,1e-05,True,95â†’67
67,100,2,16.8248,0.0,True,67â†’100
100,67,2,13.6969,1e-05,True,100â†’67
68,69,1,66.2147,0.0,True,68â†’69
69,68,2,37.7637,0.0,True,69â†’68
68,94,2,7.1832,0.00152,True,68â†’94
94,68,2,35.5366,0.0,True,94â†’68
68,141,2,23.1366,0.0,True,68â†’141
141,68,3,24.9798,0.0,True,141â†’68
68,142,2,21.7829,0.0,True,68â†’142
142,68,2,35.0033,0.0,True,142â†’68
68,143,2,24.4403,0.0,True,68â†’143
143,68,2,32.4674,0.0,True,143â†’68
68,145,2,34.3335,0.0,True,68â†’145
145,68,2,28.4751,0.0,True,145â†’68
68,146,2,28.6428,0.0,True,68â†’146
146,68,2,33.7721,0.0,True,146â†’68
68,147,2,27.4179,0.0,True,68â†’147
147,68,2,38.6578,0.0,True,147â†’68
68,148,2,37.0096,0.0,True,68â†’148
148,68,2,41.9137,0.0,True,148â†’68
68,150,2,28.1632,0.0,True,68â†’150
150,68,2,31.16,0.0,True,150â†’68
69,70,2,21.7992,0.0,True,69â†’70
70,69,1,79.3716,0.0,True,70â†’69
69,135,2,30.0573,0.0,True,69â†’135
135,69,1,77.0459,0.0,True,135â†’69
69,141,2,22.2388,0.0,True,69â†’141
141,69,1,70.729,0.0,True,141â†’69
69,142,2,20.1447,0.0,True,69â†’142
142,69,1,62.2346,0.0,True,142â†’69
69,143,3,26.3506,0.0,True,69â†’143
143,69,1,73.1435,0.0,True,143â†’69
69,145,2,34.6595,0.0,True,69â†’145
145,69,1,66.5865,0.0,True,145â†’69
69,146,2,25.3807,0.0,True,69â†’146
146,69,1,74.6922,0.0,True,146â†’69
69,147,2,29.5536,0.0,True,69â†’147
147,69,1,72.872,0.0,True,147â†’69
69,148,2,29.2177,0.0,True,69â†’148
148,69,1,69.1339,0.0,True,148â†’69
69,150,2,30.1987,0.0,True,69â†’150
150,69,1,71.0444,0.0,True,150â†’69
70,81,2,38.4992,0.0,True,70â†’81
81,70,2,20.1466,0.0,True,81â†’70
70,88,2,27.713,0.0,True,70â†’88
88,70,2,22.6564,0.0,True,88â†’70
70,100,2,15.0485,0.0,True,70â†’100
100,70,2,25.3284,0.0,True,100â†’70
71,72,2,18.5332,0.0,True,71â†’72
72,71,2,22.4837,0.0,True,72â†’71
71,73,2,10.1479,0.00015,True,71â†’73
73,71,2,25.1436,0.0,True,73â†’71
71,77,2,20.2171,0.0,True,71â†’77
77,71,2,28.1554,0.0,True,77â†’71
71,78,2,17.0291,0.0,True,71â†’78
78,71,2,20.7528,0.0,True,78â†’71
71,79,3,8.0074,0.00014,True,71â†’79
79,71,2,22.0321,0.0,True,79â†’71
71,80,2,16.9476,0.0,True,71â†’80
80,71,2,25.5799,0.0,True,80â†’71
71,107,2,16.1724,0.0,True,71â†’107
107,71,2,24.812,0.0,True,107â†’71
71,109,1,26.0626,0.0,True,71â†’109
109,71,2,21.5887,0.0,True,109â†’71
71,110,2,27.4649,0.0,True,71â†’110
110,71,2,22.9532,0.0,True,110â†’71
71,123,2,23.0124,0.0,True,71â†’123
123,71,2,22.0689,0.0,True,123â†’71
71,126,2,14.0793,1e-05,True,71â†’126
126,71,2,24.9404,0.0,True,126â†’71
71,128,3,23.3126,0.0,True,71â†’128
128,71,2,23.0584,0.0,True,128â†’71
71,129,2,27.5776,0.0,True,71â†’129
129,71,2,19.7162,0.0,True,129â†’71
72,73,2,8.7178,0.00044,True,72â†’73
73,72,2,20.8814,0.0,True,73â†’72
72,78,2,15.8508,0.0,True,72â†’78
78,72,2,18.8749,0.0,True,78â†’72
72,79,4,6.789,0.00015,True,72â†’79
79,72,2,16.2879,0.0,True,79â†’72
72,80,2,13.6287,1e-05,True,72â†’80
80,72,2,23.4081,0.0,True,80â†’72
72,110,2,28.4131,0.0,True,72â†’110
110,72,2,20.4222,0.0,True,110â†’72
72,122,2,24.9789,0.0,True,72â†’122
122,72,2,19.068,0.0,True,122â†’72
72,123,2,24.9926,0.0,True,72â†’123
123,72,2,21.8385,0.0,True,123â†’72
72,124,2,14.578,1e-05,True,72â†’124
124,72,2,19.3834,0.0,True,124â†’72
72,126,2,18.2055,0.0,True,72â†’126
126,72,2,17.6047,0.0,True,126â†’72
72,128,2,32.797,0.0,True,72â†’128
128,72,2,19.8145,0.0,True,128â†’72
72,129,2,21.6065,0.0,True,72â†’129
129,72,2,18.8616,0.0,True,129â†’72
72,130,2,22.9598,0.0,True,72â†’130
130,72,2,16.9283,0.0,True,130â†’72
73,74,2,20.5798,0.0,True,73â†’74
74,73,2,8.7223,0.00044,True,74â†’73
73,78,2,18.503,0.0,True,73â†’78
78,73,2,10.6372,0.0001,True,78â†’73
73,79,2,11.6864,5e-05,True,73â†’79
79,73,2,10.903,8e-05,True,79â†’73
73,80,2,14.7221,1e-05,True,73â†’80
80,73,2,7.8589,0.00088,True,80â†’73
73,123,2,22.652,0.0,True,73â†’123
123,73,2,12.4579,3e-05,True,123â†’73
73,126,2,18.9371,0.0,True,73â†’126
126,73,2,11.4697,5e-05,True,126â†’73
73,128,2,28.97,0.0,True,73â†’128
128,73,2,9.9601,0.00017,True,128â†’73
73,129,2,22.2897,0.0,True,73â†’129
129,73,2,13.1498,2e-05,True,129â†’73
74,75,2,28.0622,0.0,True,74â†’75
75,74,2,17.5283,0.0,True,75â†’74
74,76,2,24.1972,0.0,True,74â†’76
76,74,2,17.9005,0.0,True,76â†’74
74,77,2,16.2431,0.0,True,74â†’77
77,74,2,19.302,0.0,True,77â†’74
74,78,2,15.5547,0.0,True,74â†’78
78,74,2,17.5673,0.0,True,78â†’74
74,79,2,12.0665,3e-05,True,74â†’79
79,74,2,18.2376,0.0,True,79â†’74
74,80,2,12.6981,2e-05,True,74â†’80
80,74,2,19.5928,0.0,True,80â†’74
74,110,2,29.9467,0.0,True,74â†’110
110,74,2,17.6352,0.0,True,110â†’74
75,76,2,28.6329,0.0,True,75â†’76
76,75,2,29.5637,0.0,True,76â†’75
75,77,2,16.9156,0.0,True,75â†’77
77,75,2,25.7242,0.0,True,77â†’75
75,78,2,16.5162,0.0,True,75â†’78
78,75,2,22.7534,0.0,True,78â†’75
75,79,2,14.4696,1e-05,True,75â†’79
79,75,2,27.0366,0.0,True,79â†’75
76,77,2,18.924,0.0,True,76â†’77
77,76,2,38.9738,0.0,True,77â†’76
76,105,2,18.0441,0.0,True,76â†’105
105,76,2,27.9647,0.0,True,105â†’76
76,110,2,26.2469,0.0,True,76â†’110
110,76,2,32.2075,0.0,True,110â†’76
76,111,2,18.6188,0.0,True,76â†’111
111,76,2,26.8403,0.0,True,111â†’76
76,113,2,14.6334,1e-05,True,76â†’113
113,76,2,24.3137,0.0,True,113â†’76
76,114,2,20.5621,0.0,True,76â†’114
114,76,2,23.6723,0.0,True,114â†’76
76,116,2,17.158,0.0,True,76â†’116
116,76,2,28.7724,0.0,True,116â†’76
76,117,2,12.5512,2e-05,True,76â†’117
117,76,2,28.8739,0.0,True,117â†’76
76,119,2,32.2518,0.0,True,76â†’119
119,76,2,27.0862,0.0,True,119â†’76
76,120,2,26.234,0.0,True,76â†’120
120,76,2,24.206,0.0,True,120â†’76
77,78,2,17.2065,0.0,True,77â†’78
78,77,2,20.9648,0.0,True,78â†’77
77,79,2,14.1427,1e-05,True,77â†’79
79,77,2,17.8107,0.0,True,79â†’77
77,80,2,13.2705,1e-05,True,77â†’80
80,77,2,18.7173,0.0,True,80â†’77
77,105,2,20.5777,0.0,True,77â†’105
105,77,2,22.6016,0.0,True,105â†’77
77,109,1,30.5063,0.0,True,77â†’109
109,77,2,16.4955,0.0,True,109â†’77
77,110,2,28.6178,0.0,True,77â†’110
110,77,2,15.7188,0.0,True,110â†’77
77,111,2,18.5624,0.0,True,77â†’111
111,77,2,18.0371,0.0,True,111â†’77
77,116,2,17.9441,0.0,True,77â†’116
116,77,2,16.409,0.0,True,116â†’77
77,120,2,28.1979,0.0,True,77â†’120
120,77,2,18.4267,0.0,True,120â†’77
78,79,2,13.5673,1e-05,True,78â†’79
79,78,2,18.8479,0.0,True,79â†’78
78,80,2,16.7485,0.0,True,78â†’80
80,78,2,18.4967,0.0,True,80â†’78
78,105,2,21.1426,0.0,True,78â†’105
105,78,2,16.8477,0.0,True,105â†’78
78,110,2,25.3531,0.0,True,78â†’110
110,78,3,15.7628,0.0,True,110â†’78
78,126,2,16.5797,0.0,True,78â†’126
126,78,2,18.639,0.0,True,126â†’78
79,80,2,13.4001,1e-05,True,79â†’80
80,79,2,10.4346,0.00012,True,80â†’79
79,110,2,29.8015,0.0,True,79â†’110
110,79,2,14.3333,1e-05,True,110â†’79
79,123,2,22.5872,0.0,True,79â†’123
123,79,2,13.071,2e-05,True,123â†’79
79,126,2,16.8531,0.0,True,79â†’126
126,79,2,14.4361,1e-05,True,126â†’79
80,105,2,17.7596,0.0,True,80â†’105
105,80,2,13.8665,1e-05,True,105â†’80
80,107,2,18.7593,0.0,True,80â†’107
107,80,2,13.2715,1e-05,True,107â†’80
80,109,2,17.4678,0.0,True,80â†’109
109,80,2,13.1932,2e-05,True,109â†’80
80,110,2,23.2416,0.0,True,80â†’110
110,80,2,14.6133,1e-05,True,110â†’80
80,123,2,22.3874,0.0,True,80â†’123
123,80,2,13.7242,1e-05,True,123â†’80
80,126,2,17.4494,0.0,True,80â†’126
126,80,2,15.0339,0.0,True,126â†’80
80,128,2,32.8348,0.0,True,80â†’128
128,80,2,13.5616,1e-05,True,128â†’80
80,129,2,24.2464,0.0,True,80â†’129
129,80,2,17.3959,0.0,True,129â†’80
81,82,2,27.792,0.0,True,81â†’82
82,81,2,36.0982,0.0,True,82â†’81
81,83,2,20.5632,0.0,True,81â†’83
83,81,2,32.9708,0.0,True,83â†’81
81,84,2,12.0147,4e-05,True,81â†’84
84,81,2,32.4018,0.0,True,84â†’81
81,85,2,13.2212,2e-05,True,81â†’85
85,81,2,31.587,0.0,True,85â†’81
81,86,2,13.9219,1e-05,True,81â†’86
86,81,2,37.1973,0.0,True,86â†’81
81,87,2,23.7078,0.0,True,81â†’87
87,81,2,32.8616,0.0,True,87â†’81
81,88,2,26.373,0.0,True,81â†’88
88,81,2,32.307,0.0,True,88â†’81
81,89,2,41.519,0.0,True,81â†’89
89,81,2,30.1448,0.0,True,89â†’81
81,90,2,22.4544,0.0,True,81â†’90
90,81,2,36.4584,0.0,True,90â†’81
81,100,2,13.7945,1e-05,True,81â†’100
100,81,2,36.4026,0.0,True,100â†’81
82,83,2,26.9658,0.0,True,82â†’83
83,82,2,25.5238,0.0,True,83â†’82
82,84,2,13.2064,2e-05,True,82â†’84
84,82,2,27.9741,0.0,True,84â†’82
82,85,2,15.5177,0.0,True,82â†’85
85,82,2,24.9704,0.0,True,85â†’82
82,87,2,25.3835,0.0,True,82â†’87
87,82,2,25.5267,0.0,True,87â†’82
82,88,2,25.2063,0.0,True,82â†’88
88,82,2,25.7293,0.0,True,88â†’82
82,89,2,38.1201,0.0,True,82â†’89
89,82,2,20.5282,0.0,True,89â†’82
83,84,2,14.9949,0.0,True,83â†’84
84,83,2,27.8156,0.0,True,84â†’83
83,85,2,12.7453,2e-05,True,83â†’85
85,83,2,22.7754,0.0,True,85â†’83
83,87,2,23.3851,0.0,True,83â†’87
87,83,2,26.6141,0.0,True,87â†’83
83,88,2,25.165,0.0,True,83â†’88
88,83,2,26.8948,0.0,True,88â†’83
83,89,2,41.9674,0.0,True,83â†’89
89,83,2,20.9362,0.0,True,89â†’83
83,92,2,41.9097,0.0,True,83â†’92
92,83,2,22.277,0.0,True,92â†’83
83,95,2,13.246,1e-05,True,83â†’95
95,83,3,24.249,0.0,True,95â†’83
83,100,2,12.1618,3e-05,True,83â†’100
100,83,2,20.7506,0.0,True,100â†’83
84,85,2,16.1789,0.0,True,84â†’85
85,84,2,11.3049,6e-05,True,85â†’84
84,86,2,15.0976,0.0,True,84â†’86
86,84,2,13.0862,2e-05,True,86â†’84
84,87,2,18.5227,0.0,True,84â†’87
87,84,2,14.984,0.0,True,87â†’84
84,88,2,18.732,0.0,True,84â†’88
88,84,2,12.7918,2e-05,True,88â†’84
84,89,2,31.999,0.0,True,84â†’89
89,84,2,12.4125,3e-05,True,89â†’84
84,90,2,23.6317,0.0,True,84â†’90
90,84,2,12.303,3e-05,True,90â†’84
85,86,2,15.515,0.0,True,85â†’86
86,85,2,14.5068,1e-05,True,86â†’85
85,87,2,19.7869,0.0,True,85â†’87
87,85,2,15.2285,0.0,True,87â†’85
85,88,2,29.2551,0.0,True,85â†’88
88,85,2,12.7908,2e-05,True,88â†’85
85,89,2,34.8182,0.0,True,85â†’89
89,85,2,9.4506,0.00025,True,89â†’85
85,90,2,24.3296,0.0,True,85â†’90
90,85,2,11.3289,6e-05,True,90â†’85
86,87,2,23.0065,0.0,True,86â†’87
87,86,2,17.0631,0.0,True,87â†’86
86,88,2,27.7957,0.0,True,86â†’88
88,86,2,11.8573,4e-05,True,88â†’86
86,89,2,32.3335,0.0,True,86â†’89
89,86,2,14.164,1e-05,True,89â†’86
86,90,2,20.3052,0.0,True,86â†’90
90,86,2,12.7718,2e-05,True,90â†’86
87,88,2,24.8062,0.0,True,87â†’88
88,87,2,23.3726,0.0,True,88â†’87
87,89,2,39.1387,0.0,True,87â†’89
89,87,2,20.4097,0.0,True,89â†’87
87,90,2,29.544,0.0,True,87â†’90
90,87,2,21.3693,0.0,True,90â†’87
88,89,2,37.0439,0.0,True,88â†’89
89,88,2,23.7434,0.0,True,89â†’88
88,90,2,22.9346,0.0,True,88â†’90
90,88,2,23.2483,0.0,True,90â†’88
88,100,2,14.9961,0.0,True,88â†’100
100,88,2,30.8675,0.0,True,100â†’88
89,92,2,40.1029,0.0,True,89â†’92
92,89,2,36.6471,0.0,True,92â†’89
89,95,2,9.1094,0.00033,True,89â†’95
95,89,2,40.1787,0.0,True,95â†’89
89,100,3,9.9653,2e-05,True,89â†’100
100,89,2,40.022,0.0,True,100â†’89
91,92,2,35.2061,0.0,True,91â†’92
92,91,2,11.9423,4e-05,True,92â†’91
91,93,2,24.4511,0.0,True,91â†’93
93,91,3,14.6362,0.0,True,93â†’91
91,95,2,9.7898,0.00019,True,91â†’95
95,91,3,14.4826,0.0,True,95â†’91
91,96,2,20.7065,0.0,True,91â†’96
96,91,2,14.9224,0.0,True,96â†’91
91,97,3,18.6857,0.0,True,91â†’97
97,91,3,14.5017,0.0,True,97â†’91
91,100,2,15.0295,0.0,True,91â†’100
100,91,2,13.7129,1e-05,True,100â†’91
92,95,2,9.1608,0.00031,True,92â†’95
95,92,2,34.1538,0.0,True,95â†’92
92,97,2,17.7804,0.0,True,92â†’97
97,92,2,35.0053,0.0,True,97â†’92
92,100,2,16.4125,0.0,True,92â†’100
100,92,2,31.8521,0.0,True,100â†’92
93,96,2,22.9464,0.0,True,93â†’96
96,93,2,19.957,0.0,True,96â†’93
93,98,2,26.3579,0.0,True,93â†’98
98,93,2,26.3209,0.0,True,98â†’93
93,99,2,9.778,0.00019,True,93â†’99
99,93,2,28.6683,0.0,True,99â†’93
94,96,2,22.2984,0.0,True,94â†’96
96,94,2,9.801,0.00019,True,96â†’94
94,141,2,23.6101,0.0,True,94â†’141
141,94,2,8.4484,0.00055,True,141â†’94
94,142,2,23.5465,0.0,True,94â†’142
142,94,2,10.1335,0.00015,True,142â†’94
95,97,2,19.8169,0.0,True,95â†’97
97,95,2,10.0522,0.00016,True,97â†’95
95,100,2,16.8747,0.0,True,95â†’100
100,95,2,10.5189,0.00011,True,100â†’95
96,97,2,19.7323,0.0,True,96â†’97
97,96,2,23.759,0.0,True,97â†’96
96,98,2,21.9453,0.0,True,96â†’98
98,96,2,19.7174,0.0,True,98â†’96
96,99,3,6.8253,0.00048,True,96â†’99
99,96,2,23.793,0.0,True,99â†’96
97,100,2,15.3604,0.0,True,97â†’100
100,97,2,16.9741,0.0,True,100â†’97
98,99,2,10.1676,0.00014,True,98â†’99
99,98,2,21.0801,0.0,True,99â†’98
101,106,1,41.3876,0.0,True,101â†’106
106,101,2,47.5112,0.0,True,106â†’101
101,108,2,25.5481,0.0,True,101â†’108
108,101,2,41.4067,0.0,True,108â†’101
102,103,2,19.3135,0.0,True,102â†’103
103,102,2,19.399,0.0,True,103â†’102
102,104,2,32.1215,0.0,True,102â†’104
104,102,3,11.8541,0.0,True,104â†’102
102,105,2,20.8818,0.0,True,102â†’105
105,102,2,25.5525,0.0,True,105â†’102
102,106,1,41.7709,0.0,True,102â†’106
106,102,2,24.0645,0.0,True,106â†’102
102,108,2,24.0292,0.0,True,102â†’108
108,102,2,18.0358,0.0,True,108â†’102
102,109,2,19.4445,0.0,True,102â†’109
109,102,2,24.1477,0.0,True,109â†’102
102,111,2,19.4612,0.0,True,102â†’111
111,102,2,24.5579,0.0,True,111â†’102
102,112,2,23.636,0.0,True,102â†’112
112,102,2,24.9406,0.0,True,112â†’102
102,114,2,20.6862,0.0,True,102â†’114
114,102,2,17.8154,0.0,True,114â†’102
102,115,2,34.2094,0.0,True,102â†’115
115,102,2,21.1113,0.0,True,115â†’102
102,116,2,19.8652,0.0,True,102â†’116
116,102,2,19.1718,0.0,True,116â†’102
102,117,2,11.5074,5e-05,True,102â†’117
117,102,2,17.6065,0.0,True,117â†’102
103,104,2,31.1918,0.0,True,103â†’104
104,103,2,22.8582,0.0,True,104â†’103
103,105,2,15.2712,0.0,True,103â†’105
105,103,2,22.3891,0.0,True,105â†’103
103,106,1,38.6829,0.0,True,103â†’106
106,103,2,20.1511,0.0,True,106â†’103
103,108,2,25.9217,0.0,True,103â†’108
108,103,2,24.0429,0.0,True,108â†’103
103,109,1,30.5139,0.0,True,103â†’109
109,103,2,19.7137,0.0,True,109â†’103
103,111,2,20.0467,0.0,True,103â†’111
111,103,2,19.1988,0.0,True,111â†’103
103,112,2,22.0605,0.0,True,103â†’112
112,103,2,17.1542,0.0,True,112â†’103
103,114,2,21.7391,0.0,True,103â†’114
114,103,2,21.2879,0.0,True,114â†’103
103,115,2,31.0555,0.0,True,103â†’115
115,103,2,18.9753,0.0,True,115â†’103
103,116,2,14.5429,1e-05,True,103â†’116
116,103,2,20.3499,0.0,True,116â†’103
103,117,2,13.4268,1e-05,True,103â†’117
117,103,2,18.9935,0.0,True,117â†’103
103,120,2,25.5305,0.0,True,103â†’120
120,103,2,18.8779,0.0,True,120â†’103
104,105,2,16.8077,0.0,True,104â†’105
105,104,2,32.4945,0.0,True,105â†’104
104,107,2,16.9412,0.0,True,104â†’107
107,104,2,34.0282,0.0,True,107â†’104
104,109,1,29.0076,0.0,True,104â†’109
109,104,2,29.948,0.0,True,109â†’104
104,110,2,30.6397,0.0,True,104â†’110
110,104,2,25.9581,0.0,True,110â†’104
104,117,2,12.1873,3e-05,True,104â†’117
117,104,2,27.3507,0.0,True,117â†’104
105,107,2,20.0872,0.0,True,105â†’107
107,105,2,18.6498,0.0,True,107â†’105
105,109,1,33.3672,0.0,True,105â†’109
109,105,2,15.2644,0.0,True,109â†’105
105,110,2,27.6097,0.0,True,105â†’110
110,105,2,18.8742,0.0,True,110â†’105
105,111,2,16.3327,0.0,True,105â†’111
111,105,2,18.0159,0.0,True,111â†’105
105,112,2,28.6388,0.0,True,105â†’112
112,105,2,17.0138,0.0,True,112â†’105
105,115,3,27.6447,0.0,True,105â†’115
115,105,2,17.1505,0.0,True,115â†’105
105,116,2,17.2226,0.0,True,105â†’116
116,105,2,16.9135,0.0,True,116â†’105
105,117,2,15.9504,0.0,True,105â†’117
117,105,2,20.038,0.0,True,117â†’105
105,119,2,34.2909,0.0,True,105â†’119
119,105,2,16.3644,0.0,True,119â†’105
105,120,2,29.1377,0.0,True,105â†’120
120,105,3,14.4206,0.0,True,120â†’105
106,108,3,20.6362,0.0,True,106â†’108
108,106,1,38.5462,0.0,True,108â†’106
106,115,2,31.2692,0.0,True,106â†’115
115,106,1,39.9065,0.0,True,115â†’106
107,109,2,17.3982,0.0,True,107â†’109
109,107,2,16.9131,0.0,True,109â†’107
107,110,2,27.4729,0.0,True,107â†’110
110,107,2,19.6863,0.0,True,110â†’107
108,112,2,24.0383,0.0,True,108â†’112
112,108,2,22.6541,0.0,True,112â†’108
108,115,2,38.9891,0.0,True,108â†’115
115,108,2,22.7712,0.0,True,115â†’108
108,117,2,11.0165,8e-05,True,108â†’117
117,108,2,21.7059,0.0,True,117â†’108
109,110,2,26.3844,0.0,True,109â†’110
110,109,1,31.9927,0.0,True,110â†’109
109,116,2,17.5681,0.0,True,109â†’116
116,109,1,29.9559,0.0,True,116â†’109
109,117,2,12.5385,2e-05,True,109â†’117
117,109,1,24.75,0.0,True,117â†’109
109,120,3,19.4848,0.0,True,109â†’120
120,109,1,27.2785,0.0,True,120â†’109
110,116,2,17.9632,0.0,True,110â†’116
116,110,2,28.0297,0.0,True,116â†’110
110,120,2,24.437,0.0,True,110â†’120
120,110,2,25.8646,0.0,True,120â†’110
111,112,2,26.4123,0.0,True,111â†’112
112,111,2,16.908,0.0,True,112â†’111
111,113,2,13.2141,2e-05,True,111â†’113
113,111,2,21.2993,0.0,True,113â†’111
111,114,2,19.3982,0.0,True,111â†’114
114,111,2,16.7353,0.0,True,114â†’111
111,115,2,45.8322,0.0,True,111â†’115
115,111,2,18.6147,0.0,True,115â†’111
111,116,2,18.0845,0.0,True,111â†’116
116,111,2,18.3798,0.0,True,116â†’111
111,117,2,12.6345,2e-05,True,111â†’117
117,111,2,21.048,0.0,True,117â†’111
111,118,2,24.7364,0.0,True,111â†’118
118,111,2,16.199,0.0,True,118â†’111
111,119,2,32.4491,0.0,True,111â†’119
119,111,2,17.4047,0.0,True,119â†’111
111,120,3,18.6986,0.0,True,111â†’120
120,111,2,17.3564,0.0,True,120â†’111
112,113,2,11.4158,6e-05,True,112â†’113
113,112,2,22.2678,0.0,True,113â†’112
112,114,2,21.5479,0.0,True,112â†’114
114,112,2,28.0866,0.0,True,114â†’112
112,115,2,32.2832,0.0,True,112â†’115
115,112,2,23.8021,0.0,True,115â†’112
112,116,2,18.3681,0.0,True,112â†’116
116,112,2,21.7387,0.0,True,116â†’112
112,117,2,12.9074,2e-05,True,112â†’117
117,112,2,31.0749,0.0,True,117â†’112
112,118,2,23.3365,0.0,True,112â†’118
118,112,2,22.6112,0.0,True,118â†’112
112,119,2,31.5119,0.0,True,112â†’119
119,112,2,24.4332,0.0,True,119â†’112
112,120,3,19.768,0.0,True,112â†’120
120,112,2,28.6954,0.0,True,120â†’112
113,114,2,18.3378,0.0,True,113â†’114
114,113,2,11.119,7e-05,True,114â†’113
113,115,2,32.8284,0.0,True,113â†’115
115,113,2,13.9797,1e-05,True,115â†’113
113,116,2,13.7972,1e-05,True,113â†’116
116,113,2,14.7603,1e-05,True,116â†’113
113,117,3,7.9374,0.00015,True,113â†’117
117,113,2,14.2635,1e-05,True,117â†’113
113,118,2,28.8339,0.0,True,113â†’118
118,113,2,16.7867,0.0,True,118â†’113
113,119,2,32.5425,0.0,True,113â†’119
119,113,2,13.2377,2e-05,True,119â†’113
113,120,2,27.588,0.0,True,113â†’120
120,113,2,14.3633,1e-05,True,120â†’113
114,115,2,30.6899,0.0,True,114â†’115
115,114,2,20.8891,0.0,True,115â†’114
114,116,2,14.2538,1e-05,True,114â†’116
116,114,2,20.9674,0.0,True,116â†’114
114,117,2,13.9558,1e-05,True,114â†’117
117,114,2,20.4418,0.0,True,117â†’114
114,118,2,23.7146,0.0,True,114â†’118
118,114,2,22.6935,0.0,True,118â†’114
114,119,2,27.0479,0.0,True,114â†’119
119,114,2,19.7086,0.0,True,119â†’114
114,120,3,19.3604,0.0,True,114â†’120
120,114,2,25.4176,0.0,True,120â†’114
115,116,2,16.5579,0.0,True,115â†’116
116,115,2,31.6639,0.0,True,116â†’115
115,117,2,12.7481,2e-05,True,115â†’117
117,115,2,33.7909,0.0,True,117â†’115
115,119,2,34.0704,0.0,True,115â†’119
119,115,2,40.2803,0.0,True,119â†’115
115,120,3,19.7073,0.0,True,115â†’120
120,115,2,34.1993,0.0,True,120â†’115
116,117,2,13.5688,1e-05,True,116â†’117
117,116,2,17.4873,0.0,True,117â†’116
116,119,2,31.2835,0.0,True,116â†’119
119,116,2,15.353,0.0,True,119â†’116
116,120,2,24.1259,0.0,True,116â†’120
120,116,2,17.4463,0.0,True,120â†’116
117,119,2,33.712,0.0,True,117â†’119
119,117,2,13.3422,1e-05,True,119â†’117
117,120,2,37.6416,0.0,True,117â†’120
120,117,2,16.2544,0.0,True,120â†’117
118,119,2,32.6912,0.0,True,118â†’119
119,118,2,22.731,0.0,True,119â†’118
119,120,2,23.6218,0.0,True,119â†’120
120,119,2,34.5393,0.0,True,120â†’119
121,122,2,24.0755,0.0,True,121â†’122
122,121,2,24.7824,0.0,True,122â†’121
121,124,2,14.841,0.0,True,121â†’124
124,121,2,23.5815,0.0,True,124â†’121
121,125,3,9.3061,4e-05,True,121â†’125
125,121,2,26.1864,0.0,True,125â†’121
121,127,2,26.2149,0.0,True,121â†’127
127,121,2,20.9055,0.0,True,127â†’121
121,128,2,35.6188,0.0,True,121â†’128
128,121,2,27.5672,0.0,True,128â†’121
121,130,2,25.0513,0.0,True,121â†’130
130,121,2,27.0805,0.0,True,130â†’121
122,123,2,26.5061,0.0,True,122â†’123
123,122,2,31.4945,0.0,True,123â†’122
122,124,2,16.7313,0.0,True,122â†’124
124,122,2,26.6459,0.0,True,124â†’122
122,125,2,9.5062,0.00024,True,122â†’125
125,122,2,23.9001,0.0,True,125â†’122
122,126,2,17.1142,0.0,True,122â†’126
126,122,2,27.8102,0.0,True,126â†’122
122,127,2,24.0712,0.0,True,122â†’127
127,122,2,28.667,0.0,True,127â†’122
122,128,2,32.7223,0.0,True,122â†’128
128,122,2,24.4992,0.0,True,128â†’122
122,129,2,19.0064,0.0,True,122â†’129
129,122,2,31.2014,0.0,True,129â†’122
122,130,2,27.7869,0.0,True,122â†’130
130,122,2,28.3044,0.0,True,130â†’122
123,124,2,16.4006,0.0,True,123â†’124
124,123,2,24.0974,0.0,True,124â†’123
123,125,4,10.2013,0.0,True,123â†’125
125,123,2,26.4144,0.0,True,125â†’123
123,126,2,17.5187,0.0,True,123â†’126
126,123,2,23.7139,0.0,True,126â†’123
123,127,2,22.9693,0.0,True,123â†’127
127,123,2,22.3941,0.0,True,127â†’123
123,128,2,26.8089,0.0,True,123â†’128
128,123,2,26.2489,0.0,True,128â†’123
123,129,2,24.2165,0.0,True,123â†’129
129,123,2,21.7819,0.0,True,129â†’123
123,130,2,28.361,0.0,True,123â†’130
130,123,2,25.2454,0.0,True,130â†’123
124,125,3,12.9959,0.0,True,124â†’125
125,124,2,16.6854,0.0,True,125â†’124
124,126,2,20.1555,0.0,True,124â†’126
126,124,2,17.0835,0.0,True,126â†’124
124,127,2,24.4152,0.0,True,124â†’127
127,124,2,13.3596,1e-05,True,127â†’124
124,128,2,34.9919,0.0,True,124â†’128
128,124,2,16.3736,0.0,True,128â†’124
124,129,2,21.4583,0.0,True,124â†’129
129,124,2,16.3168,0.0,True,129â†’124
124,130,2,27.8565,0.0,True,124â†’130
130,124,2,16.413,0.0,True,130â†’124
125,127,2,28.3563,0.0,True,125â†’127
127,125,2,8.108,0.00072,True,127â†’125
125,128,2,29.6816,0.0,True,125â†’128
128,125,3,8.5446,8e-05,True,128â†’125
125,129,2,21.6672,0.0,True,125â†’129
129,125,2,12.7164,2e-05,True,129â†’125
125,130,2,24.5387,0.0,True,125â†’130
130,125,3,9.1253,4e-05,True,130â†’125
126,127,2,25.7989,0.0,True,126â†’127
127,126,2,17.2262,0.0,True,127â†’126
126,128,2,33.3309,0.0,True,126â†’128
128,126,2,16.7648,0.0,True,128â†’126
126,129,2,23.8854,0.0,True,126â†’129
129,126,2,16.3306,0.0,True,129â†’126
126,130,2,21.5874,0.0,True,126â†’130
130,126,2,16.3496,0.0,True,130â†’126
127,128,2,30.7902,0.0,True,127â†’128
128,127,2,19.6405,0.0,True,128â†’127
127,129,2,21.7088,0.0,True,127â†’129
129,127,2,25.4634,0.0,True,129â†’127
127,130,2,24.9985,0.0,True,127â†’130
130,127,2,20.2211,0.0,True,130â†’127
128,129,2,18.0039,0.0,True,128â†’129
129,128,2,26.3849,0.0,True,129â†’128
128,130,2,28.6928,0.0,True,128â†’130
130,128,2,28.9307,0.0,True,130â†’128
129,130,2,30.6018,0.0,True,129â†’130
130,129,2,19.9249,0.0,True,130â†’129
131,132,2,26.07,0.0,True,131â†’132
132,131,2,19.2509,0.0,True,132â†’131
131,133,2,19.1476,0.0,True,131â†’133
133,131,2,25.9571,0.0,True,133â†’131
131,134,2,29.3011,0.0,True,131â†’134
134,131,2,21.4266,0.0,True,134â†’131
131,135,2,26.4435,0.0,True,131â†’135
135,131,2,24.4929,0.0,True,135â†’131
131,136,2,15.0842,0.0,True,131â†’136
136,131,2,24.0963,0.0,True,136â†’131
131,137,2,24.3929,0.0,True,131â†’137
137,131,2,21.5262,0.0,True,137â†’131
131,138,2,61.0377,0.0,True,131â†’138
138,131,2,23.9582,0.0,True,138â†’131
131,139,2,35.4145,0.0,True,131â†’139
139,131,2,21.3859,0.0,True,139â†’131
131,140,2,19.8663,0.0,True,131â†’140
140,131,2,20.1083,0.0,True,140â†’131
131,141,2,25.438,0.0,True,131â†’141
141,131,2,25.0951,0.0,True,141â†’131
131,143,2,22.3489,0.0,True,131â†’143
143,131,2,21.0702,0.0,True,143â†’131
131,144,2,25.4087,0.0,True,131â†’144
144,131,2,23.9614,0.0,True,144â†’131
131,145,2,35.2865,0.0,True,131â†’145
145,131,2,23.5549,0.0,True,145â†’131
131,146,2,26.274,0.0,True,131â†’146
146,131,2,26.863,0.0,True,146â†’131
131,147,2,23.99,0.0,True,131â†’147
147,131,2,21.4288,0.0,True,147â†’131
131,148,2,25.8721,0.0,True,131â†’148
148,131,2,22.6641,0.0,True,148â†’131
131,149,2,19.717,0.0,True,131â†’149
149,131,2,23.0736,0.0,True,149â†’131
131,150,2,33.0809,0.0,True,131â†’150
150,131,2,30.3423,0.0,True,150â†’131
132,133,2,16.7648,0.0,True,132â†’133
133,132,2,18.7271,0.0,True,133â†’132
132,134,2,29.1115,0.0,True,132â†’134
134,132,2,24.4317,0.0,True,134â†’132
132,135,2,26.5178,0.0,True,132â†’135
135,132,2,19.744,0.0,True,135â†’132
132,136,2,16.0368,0.0,True,132â†’136
136,132,2,30.1681,0.0,True,136â†’132
132,137,2,26.9764,0.0,True,132â†’137
137,132,2,25.1915,0.0,True,137â†’132
132,138,2,53.8623,0.0,True,132â†’138
138,132,2,19.621,0.0,True,138â†’132
132,139,2,30.8815,0.0,True,132â†’139
139,132,2,24.8359,0.0,True,139â†’132
132,140,2,13.6005,1e-05,True,132â†’140
140,132,2,23.2286,0.0,True,140â†’132
132,144,2,15.3174,0.0,True,132â†’144
144,132,2,26.97,0.0,True,144â†’132
132,145,2,32.3987,0.0,True,132â†’145
145,132,2,22.4811,0.0,True,145â†’132
132,146,2,27.903,0.0,True,132â†’146
146,132,2,22.99,0.0,True,146â†’132
132,149,2,17.8565,0.0,True,132â†’149
149,132,2,26.4362,0.0,True,149â†’132
133,134,2,30.8969,0.0,True,133â†’134
134,133,2,13.6462,1e-05,True,134â†’133
133,135,2,24.4641,0.0,True,133â†’135
135,133,2,18.2062,0.0,True,135â†’133
133,136,2,18.2877,0.0,True,133â†’136
136,133,2,18.0083,0.0,True,136â†’133
133,137,2,23.999,0.0,True,133â†’137
137,133,2,16.0782,0.0,True,137â†’133
133,138,2,47.997,0.0,True,133â†’138
138,133,2,16.4418,0.0,True,138â†’133
133,139,2,36.4346,0.0,True,133â†’139
139,133,2,18.5269,0.0,True,139â†’133
133,140,2,14.8499,0.0,True,133â†’140
140,133,2,16.4622,0.0,True,140â†’133
133,143,2,22.3892,0.0,True,133â†’143
143,133,2,16.5458,0.0,True,143â†’133
133,144,2,23.9671,0.0,True,133â†’144
144,133,2,15.7839,0.0,True,144â†’133
133,145,2,38.9187,0.0,True,133â†’145
145,133,2,15.97,0.0,True,145â†’133
133,146,2,32.34,0.0,True,133â†’146
146,133,2,16.498,0.0,True,146â†’133
133,147,2,24.8778,0.0,True,133â†’147
147,133,2,16.5437,0.0,True,147â†’133
133,148,4,15.8586,0.0,True,133â†’148
148,133,2,15.8951,0.0,True,148â†’133
133,149,2,19.794,0.0,True,133â†’149
149,133,2,15.5749,0.0,True,149â†’133
133,150,2,29.3648,0.0,True,133â†’150
150,133,2,20.3193,0.0,True,150â†’133
134,135,2,27.0472,0.0,True,134â†’135
135,134,2,35.1636,0.0,True,135â†’134
134,136,2,16.1323,0.0,True,134â†’136
136,134,2,26.6452,0.0,True,136â†’134
134,137,2,26.7355,0.0,True,134â†’137
137,134,2,27.1618,0.0,True,137â†’134
134,138,2,45.7411,0.0,True,134â†’138
138,134,2,26.8073,0.0,True,138â†’134
134,139,2,26.0633,0.0,True,134â†’139
139,134,2,26.1981,0.0,True,139â†’134
134,140,2,14.8733,0.0,True,134â†’140
140,134,4,22.5118,0.0,True,140â†’134
134,141,2,21.7226,0.0,True,134â†’141
141,134,2,29.0255,0.0,True,141â†’134
134,142,2,21.0365,0.0,True,134â†’142
142,134,2,28.5286,0.0,True,142â†’134
134,143,2,18.6307,0.0,True,134â†’143
143,134,2,24.9327,0.0,True,143â†’134
134,144,2,15.9773,0.0,True,134â†’144
144,134,2,28.4704,0.0,True,144â†’134
134,145,2,40.5157,0.0,True,134â†’145
145,134,2,24.8608,0.0,True,145â†’134
134,146,2,27.3558,0.0,True,134â†’146
146,134,2,26.6922,0.0,True,146â†’134
134,147,2,24.4447,0.0,True,134â†’147
147,134,2,24.8297,0.0,True,147â†’134
134,148,2,25.3042,0.0,True,134â†’148
148,134,2,33.2332,0.0,True,148â†’134
134,149,2,24.7832,0.0,True,134â†’149
149,134,2,30.7311,0.0,True,149â†’134
134,150,2,26.4882,0.0,True,134â†’150
150,134,2,29.3847,0.0,True,150â†’134
135,136,2,18.4529,0.0,True,135â†’136
136,135,2,29.0858,0.0,True,136â†’135
135,137,2,25.6247,0.0,True,135â†’137
137,135,2,26.263,0.0,True,137â†’135
135,138,2,48.5235,0.0,True,135â†’138
138,135,2,25.6447,0.0,True,138â†’135
135,139,2,25.7079,0.0,True,135â†’139
139,135,2,26.6467,0.0,True,139â†’135
135,140,2,11.9104,4e-05,True,135â†’140
140,135,2,26.3246,0.0,True,140â†’135
135,141,2,21.8628,0.0,True,135â†’141
141,135,2,23.9482,0.0,True,141â†’135
135,142,2,23.7983,0.0,True,135â†’142
142,135,2,31.5984,0.0,True,142â†’135
135,143,2,25.2352,0.0,True,135â†’143
143,135,2,26.6017,0.0,True,143â†’135
135,144,2,16.1599,0.0,True,135â†’144
144,135,2,29.3408,0.0,True,144â†’135
135,145,2,36.7104,0.0,True,135â†’145
145,135,2,27.955,0.0,True,145â†’135
135,146,2,28.6894,0.0,True,135â†’146
146,135,2,27.4045,0.0,True,146â†’135
135,147,2,25.6433,0.0,True,135â†’147
147,135,2,26.0601,0.0,True,147â†’135
135,148,4,14.3421,0.0,True,135â†’148
148,135,2,31.271,0.0,True,148â†’135
135,149,2,19.0065,0.0,True,135â†’149
149,135,2,27.2302,0.0,True,149â†’135
135,150,2,24.4292,0.0,True,135â†’150
150,135,2,29.0655,0.0,True,150â†’135
136,137,2,26.9658,0.0,True,136â†’137
137,136,2,17.4876,0.0,True,137â†’136
136,138,2,48.3951,0.0,True,136â†’138
138,136,2,17.0864,0.0,True,138â†’136
136,139,2,33.661,0.0,True,136â†’139
139,136,2,17.7947,0.0,True,139â†’136
136,140,2,15.6353,0.0,True,136â†’140
140,136,2,18.9737,0.0,True,140â†’136
136,141,2,25.7793,0.0,True,136â†’141
141,136,2,21.1068,0.0,True,141â†’136
136,142,2,26.4116,0.0,True,136â†’142
142,136,2,18.0539,0.0,True,142â†’136
136,143,2,20.375,0.0,True,136â†’143
143,136,2,20.3261,0.0,True,143â†’136
136,144,2,19.404,0.0,True,136â†’144
144,136,2,18.595,0.0,True,144â†’136
136,145,2,46.6334,0.0,True,136â†’145
145,136,2,16.67,0.0,True,145â†’136
136,146,2,27.6718,0.0,True,136â†’146
146,136,2,20.1296,0.0,True,146â†’136
136,147,2,22.9109,0.0,True,136â†’147
147,136,2,22.386,0.0,True,147â†’136
136,148,2,25.9487,0.0,True,136â†’148
148,136,2,21.2584,0.0,True,148â†’136
136,149,2,22.6424,0.0,True,136â†’149
149,136,2,16.7362,0.0,True,149â†’136
136,150,2,27.9111,0.0,True,136â†’150
150,136,2,18.064,0.0,True,150â†’136
137,138,2,56.3904,0.0,True,137â†’138
138,137,2,27.8968,0.0,True,138â†’137
137,139,2,33.0572,0.0,True,137â†’139
139,137,2,24.5343,0.0,True,139â†’137
137,140,2,17.4332,0.0,True,137â†’140
140,137,2,23.8952,0.0,True,140â†’137
137,143,2,21.0219,0.0,True,137â†’143
143,137,2,20.957,0.0,True,143â†’137
137,144,2,23.122,0.0,True,137â†’144
144,137,2,22.6496,0.0,True,144â†’137
137,145,2,40.7956,0.0,True,137â†’145
145,137,2,22.8476,0.0,True,145â†’137
137,146,2,33.1171,0.0,True,137â†’146
146,137,2,27.8168,0.0,True,146â†’137
137,149,2,22.1242,0.0,True,137â†’149
149,137,2,25.2233,0.0,True,149â†’137
138,139,2,36.563,0.0,True,138â†’139
139,138,2,51.4928,0.0,True,139â†’138
138,140,2,19.1625,0.0,True,138â†’140
140,138,2,43.4591,0.0,True,140â†’138
138,144,2,21.0866,0.0,True,138â†’144
144,138,2,51.9437,0.0,True,144â†’138
138,149,2,24.616,0.0,True,138â†’149
149,138,2,53.9993,0.0,True,149â†’138
139,140,2,17.9416,0.0,True,139â†’140
140,139,2,27.0379,0.0,True,140â†’139
139,143,2,22.5556,0.0,True,139â†’143
143,139,2,33.2748,0.0,True,143â†’139
139,144,2,24.9309,0.0,True,139â†’144
144,139,2,27.8521,0.0,True,144â†’139
139,145,2,42.201,0.0,True,139â†’145
145,139,2,28.9163,0.0,True,145â†’139
139,146,2,34.1864,0.0,True,139â†’146
146,139,2,32.5542,0.0,True,146â†’139
139,147,2,21.6546,0.0,True,139â†’147
147,139,2,26.5392,0.0,True,147â†’139
139,148,2,26.1434,0.0,True,139â†’148
148,139,2,33.1034,0.0,True,148â†’139
139,149,2,21.7285,0.0,True,139â†’149
149,139,2,31.0555,0.0,True,149â†’139
139,150,2,31.8745,0.0,True,139â†’150
150,139,2,29.666,0.0,True,150â†’139
140,143,2,22.4864,0.0,True,140â†’143
143,140,2,13.4759,1e-05,True,143â†’140
140,144,2,17.838,0.0,True,140â†’144
144,140,2,13.1961,2e-05,True,144â†’140
140,145,2,42.2621,0.0,True,140â†’145
145,140,2,13.1645,2e-05,True,145â†’140
140,146,2,29.0438,0.0,True,140â†’146
146,140,2,16.0583,0.0,True,146â†’140
140,147,2,24.3151,0.0,True,140â†’147
147,140,2,14.0208,1e-05,True,147â†’140
140,149,2,24.1682,0.0,True,140â†’149
149,140,2,16.935,0.0,True,149â†’140
140,150,2,26.2325,0.0,True,140â†’150
150,140,2,14.0266,1e-05,True,150â†’140
141,142,2,21.448,0.0,True,141â†’142
142,141,2,20.9199,0.0,True,142â†’141
141,143,2,22.653,0.0,True,141â†’143
143,141,2,21.6137,0.0,True,143â†’141
141,144,2,19.5015,0.0,True,141â†’144
144,141,2,24.4436,0.0,True,144â†’141
141,145,2,39.4089,0.0,True,141â†’145
145,141,2,22.1316,0.0,True,145â†’141
141,146,2,27.1152,0.0,True,141â†’146
146,141,2,27.9964,0.0,True,146â†’141
141,147,2,27.9569,0.0,True,141â†’147
147,141,2,24.2116,0.0,True,147â†’141
141,148,4,17.493,0.0,True,141â†’148
148,141,2,22.4476,0.0,True,148â†’141
141,149,2,20.1284,0.0,True,141â†’149
149,141,2,25.436,0.0,True,149â†’141
141,150,2,27.8781,0.0,True,141â†’150
150,141,2,24.5748,0.0,True,150â†’141
142,143,2,23.8163,0.0,True,142â†’143
143,142,2,22.5509,0.0,True,143â†’142
142,144,2,18.1391,0.0,True,142â†’144
144,142,2,25.1424,0.0,True,144â†’142
142,145,2,41.3242,0.0,True,142â†’145
145,142,2,21.9588,0.0,True,145â†’142
142,146,2,30.1933,0.0,True,142â†’146
146,142,2,23.1712,0.0,True,146â†’142
142,147,2,25.5089,0.0,True,142â†’147
147,142,2,24.3448,0.0,True,147â†’142
142,148,2,28.3629,0.0,True,142â†’148
148,142,2,22.7598,0.0,True,148â†’142
142,149,2,24.6658,0.0,True,142â†’149
149,142,2,21.9024,0.0,True,149â†’142
142,150,4,23.2479,0.0,True,142â†’150
150,142,2,23.7018,0.0,True,150â†’142
143,144,2,17.4228,0.0,True,143â†’144
144,143,2,21.6796,0.0,True,144â†’143
143,145,2,44.4343,0.0,True,143â†’145
145,143,2,19.7815,0.0,True,145â†’143
143,146,2,25.581,0.0,True,143â†’146
146,143,2,21.4833,0.0,True,146â†’143
143,147,2,24.3017,0.0,True,143â†’147
147,143,2,20.9447,0.0,True,147â†’143
143,148,2,26.6011,0.0,True,143â†’148
148,143,2,26.9206,0.0,True,148â†’143
143,149,2,21.2016,0.0,True,143â†’149
149,143,2,22.5579,0.0,True,149â†’143
143,150,2,25.6987,0.0,True,143â†’150
150,143,2,26.1406,0.0,True,150â†’143
144,145,2,38.0544,0.0,True,144â†’145
145,144,2,17.3162,0.0,True,145â†’144
144,146,2,24.2819,0.0,True,144â†’146
146,144,2,21.8984,0.0,True,146â†’144
144,147,2,28.8326,0.0,True,144â†’147
147,144,2,23.5945,0.0,True,147â†’144
144,148,2,28.9168,0.0,True,144â†’148
148,144,2,18.4604,0.0,True,148â†’144
144,149,2,23.0173,0.0,True,144â†’149
149,144,2,23.4132,0.0,True,149â†’144
144,150,2,26.066,0.0,True,144â†’150
150,144,2,21.2054,0.0,True,150â†’144
145,146,2,28.0602,0.0,True,145â†’146
146,145,2,43.393,0.0,True,146â†’145
145,147,2,20.3502,0.0,True,145â†’147
147,145,2,34.0765,0.0,True,147â†’145
145,148,2,25.8204,0.0,True,145â†’148
148,145,2,43.6856,0.0,True,148â†’145
145,149,2,22.6635,0.0,True,145â†’149
149,145,2,36.5731,0.0,True,149â†’145
145,150,2,29.5366,0.0,True,145â†’150
150,145,2,37.3014,0.0,True,150â†’145
146,147,2,25.3172,0.0,True,146â†’147
147,146,2,25.0995,0.0,True,147â†’146
146,148,2,27.0287,0.0,True,146â†’148
148,146,2,26.0946,0.0,True,148â†’146
146,149,2,24.2884,0.0,True,146â†’149
149,146,2,32.4872,0.0,True,149â†’146
146,150,2,28.7477,0.0,True,146â†’150
150,146,2,27.128,0.0,True,150â†’146
147,148,2,29.4193,0.0,True,147â†’148
148,147,2,30.1661,0.0,True,148â†’147
147,149,2,19.4244,0.0,True,147â†’149
149,147,2,21.5168,0.0,True,149â†’147
147,150,2,21.649,0.0,True,147â†’150
150,147,2,27.0872,0.0,True,150â†’147
148,149,2,23.7766,0.0,True,148â†’149
149,148,2,25.35,0.0,True,149â†’148
148,150,2,30.0434,0.0,True,148â†’150
150,148,2,31.8752,0.0,True,150â†’148
149,150,2,31.3188,0.0,True,149â†’150
150,149,2,25.5127,0.0,True,150â†’149
