actual,predicted_rf,predicted_gb
249.0,155.84631928762113,163.9595929905693
36.0,36.529559760415026,35.11293469526191
1260.0,1292.829518622164,1259.0320218431978
118.0,160.85811625040205,156.95908854986823
179.0,230.4502748651019,264.202925433368
986.5,700.8995616712568,776.6070948964696
499.0,398.75194463095124,390.7637551454795
853.0,1094.4508055555555,1201.2358488635964
131.0,350.86091416158007,351.6820314380554
834.0,1113.530184111103,1187.0175285947334
126.0,167.17342733036025,180.7202887370001
155.0,161.18259862795406,189.5265079283342
210.0,309.4321498233622,301.715225474565
492.0,659.7355361086768,680.8465581332064
568.0,403.68861595703805,410.64968896772325
344.0,343.12776278186436,382.8895610316373
718.0,1554.3691056998557,1508.0473356109349
162.0,107.46370713716107,102.8189892727088
345.0,374.44663619187776,402.79060774729317
353.0,222.59197648511616,261.8486960832581
978.0,1576.6034320976519,1414.3734868753254
1385.0,851.5621041600676,923.8565965792269
359.0,430.91394256309735,444.4675661727847
430.0,520.5053190801187,579.9534511896164
670.0,1016.2566368230358,1183.473334267187
389.0,473.3680972222222,563.6185101543921
240.0,248.41232467887738,254.79302245424705
163.0,261.3263523215987,271.8844327279329
3175.0,2445.544207070707,2268.8284824478915
160.0,175.3628635353525,179.38517105365324
169.0,236.04699711683418,277.07964299751507
898.0,866.7944389500132,890.9201125531924
2497.0,2310.45,2464.8502009274594
501.0,306.48407261845347,340.1505848635358
271.0,162.82537488518054,170.67723011868372
199.0,287.78806664973087,273.19245830382835
581.0,573.6131532369528,493.7835817575903
226.0,198.68553215942848,125.5321218462192
393.0,399.04112349945126,419.02999380515035
881.0,743.6605480194942,718.5806719257477
664.0,380.03833825005734,506.66907132538336
526.0,891.1922141889096,775.8868198937131
1554.0,1417.195871985954,1297.712361309184
228.0,226.64444849173844,169.84864671604404
1778.0,1550.7392246288464,1567.589220014104
328.0,571.9642192819545,574.1281109813381
445.0,305.35764958908175,305.74672056239064
272.0,264.4390286869809,278.21473558191315
1796.0,1410.406580050979,1338.298834371763
87.0,112.37365151515151,145.64411282878075
2383.0,1936.14209323365,1877.2576331589182
223.0,238.58571897653712,251.2947069451052
172.0,155.88806022525932,148.1889293478317
213.0,381.4853985518332,353.71026081766365
183.0,173.53626330187856,200.8006713195553
360.0,396.739468470961,530.4773245763591
1171.0,623.5452720229117,656.9791680398081
330.0,563.286730507195,584.0602838049022
330.0,386.01370072287295,382.62707206786985
604.0,400.2274642857143,438.0716758985907
443.0,468.26426571788244,462.1122507533892
215.0,157.21996783742773,210.0768975361144
1041.0,664.3313775341379,659.7882890758914
2050.0,1799.6623220454185,1602.2787359258639
72.0,70.27722525556287,72.8442080708821
2064.0,1439.0601863898657,1465.24688837635
826.0,863.9604919137565,859.6834326990332
280.0,290.62822143817846,306.70180004640235
447.0,656.8166924245832,642.5568159661789
433.0,344.3623219253102,391.55940479702844
1215.0,1392.3599623779817,1392.746925413615
412.0,533.8582966454044,490.0767009838306
509.0,407.72126350501344,363.051736024774
253.0,116.54256551200913,123.06543231055377
303.0,605.4225474589624,514.4434947730889
614.0,525.6940138391019,498.93454201087127
1444.0,906.1377549980876,868.1170947920367
117.0,116.49797538547466,156.67967729774628
1033.0,904.7500984007364,937.7978841931658
163.0,129.4210961304473,125.48575171257136
423.0,511.19942266941894,451.81454201323686
85.0,157.34509523809524,174.8626368954823
426.0,678.7666249117892,689.1377453036855
861.0,1493.1358778270485,1493.6868520274902
168.0,306.71627037928533,453.0072881025476
303.0,398.04305967448835,403.2705084571309
449.0,569.8457339946192,525.2038747779944
19.0,27.28647243107769,34.104909733029785
291.0,233.95667354894562,262.12359957587506
366.0,428.4971666224235,452.90289978188696
1568.0,1384.675317599035,1356.9979014219402
78.0,120.3810060732546,121.10309655688015
574.0,413.9748921156724,532.56441850042
244.0,297.5600857310365,320.8857106676333
24.0,17.925025362318838,13.436238455590466
104.0,158.17766637325474,148.16591651052218
328.0,398.87639522977025,308.73715051608895
1435.0,980.1125167330638,862.5102881820305
2319.0,2685.4862418246003,2473.36089938112
130.0,178.28617355058265,165.84206276579076
361.0,258.95214068668554,229.18481897198248
1584.0,859.6431861471862,764.1019798595919
1089.0,763.5891773145155,789.7493123407314
166.0,186.73195271348385,142.56052293336398
278.0,303.40780068402665,345.8834725996758
217.0,222.06507936472428,252.36506896787503
239.0,371.80231414661733,375.21830198094443
714.0,878.0578363787631,745.6467821008542
611.0,600.8782918354248,600.1838658861924
72.0,116.82010653844634,113.82506356288589
447.0,565.5481782464846,578.1360155475489
310.0,338.8737804068039,355.66065243448344
2769.0,2014.1289999999997,2238.3758181589315
784.0,650.1201939746963,664.9300489175292
898.0,1032.4885135183445,960.0433146422329
240.0,318.72949946018895,313.60427637871277
727.0,473.1850771316102,469.1992830184588
1070.0,1044.6627083888332,958.5023124951136
581.0,642.6739130583734,619.869533731561
726.5,779.5297134699312,803.1629479997163
2550.0,2066.2373163265306,1773.281409413732
352.0,333.53917334292294,303.1740218980262
194.0,246.8595030355507,216.08318386307144
1526.0,910.3451059767694,1059.8311670094233
75.0,127.95576749261312,138.9924572855333
331.0,347.07013618914914,375.3035786464829
355.0,373.39432127594625,318.6248926989094
791.0,850.2863314659196,881.8595876008305
918.0,881.9626468465082,935.7007985446435
722.0,841.2166437713043,762.0796649018914
2008.0,2252.7097272727274,2216.704022696436
1252.0,2219.1966666666667,2002.5902090557347
1242.0,2002.6557587991715,1908.1179587306874
79.0,70.86754975171887,72.35996692261703
636.0,745.983875536744,653.4654254044601
798.0,1107.9646074949517,1398.7653625486678
775.0,815.8389029295591,766.8853446808673
500.0,420.09181930707143,458.19305161314276
121.0,165.24407118980693,144.96294845361186
509.0,363.17733914586,492.18536349109206
697.0,556.805465881872,598.6755613092294
1300.0,897.3956904761908,803.4239902719462
1250.0,935.1430280960868,974.5723241012473
412.0,578.4972964180894,610.4320863626315
275.0,202.6765629321287,218.66227925217711
165.0,127.62274603024605,124.84089627325977
595.0,475.6902644198937,437.14830705968143
314.0,527.8583669359617,469.0735186824119
867.0,503.5683713002299,446.69872592452055
2673.0,3092.978176691729,2539.688270478944
100.0,82.5311258872202,84.90867235231757
290.0,255.6781587357277,258.3640631580025
496.0,784.9305112553953,715.5252001118846
168.0,182.1967732526216,162.44845093678927
357.0,367.50134322921053,395.0645065519218
271.0,287.4340819323717,293.30123858314624
244.0,250.68184482477568,250.81992727919376
197.0,267.7175450752951,276.84060923897255
620.0,492.1084035915065,514.7885559238925
98.0,140.02235736344045,137.00756335256472
1677.0,1871.8290626114083,1919.1232731441914
2023.0,3213.2298323594314,2854.0223524531134
94.0,98.63728520580729,92.77731800027772
753.0,1163.2955014430015,1155.8900847269367
736.0,996.1284366734311,1195.4458974412323
921.0,731.3261010627901,674.5268902692453
448.0,395.3676413114152,434.3423879082302
229.0,779.7114145102448,721.2006706013947
852.0,729.1007450252183,721.6914755080571
452.0,666.5954562810776,661.1045822012043
1485.0,1535.1342007100463,1334.985061526876
350.0,288.3140542381521,250.58655397703652
866.0,501.6362726983854,645.8816937567863
146.0,238.86050532238107,234.16248334714783
323.0,433.2561821981625,330.8156540181622
608.0,834.6145517630517,866.9635369226747
308.0,294.6927333181486,331.06293640515014
295.0,343.88235775432804,292.6012320216272
495.0,257.96277931120096,292.2538834748769
629.0,577.2726390542672,535.756082811975
260.0,327.2287123025539,306.867086297033
915.0,711.4128940419735,656.4738984311579
1567.0,1522.7541025494543,1488.6851222579282
1265.0,1572.7460273652043,1567.8206370337473
1727.0,1484.9760442381148,1503.3850687762128
377.0,536.9263888888889,539.5436203092753
2088.0,1372.626309865496,1307.8247585336164
11.0,23.481245915195913,31.38853911952112
650.0,826.8213128941321,812.8380638591509
171.0,268.92485013240434,223.45810657461752
89.0,151.42353960650152,149.02237157880757
38.0,44.93573419753397,60.289483654900835
150.0,131.32867228061795,142.61198905445906
114.0,152.67670791146153,165.6565171906644
240.0,248.85430624065313,234.79562969914286
429.0,649.1963139384588,661.5948887167254
165.0,139.34381435348752,173.96800492830775
146.0,104.66698390809023,102.63280512462993
295.0,307.9922856729068,263.56828980021993
414.0,353.51618534934323,369.23840554144965
2711.0,3711.9716666666664,3581.6806672385305
944.0,892.352454859407,832.0512187603049
1006.0,590.7213831340229,651.6326931746538
537.0,616.9864177101707,583.5269115152647
332.0,281.3990249678453,305.74672056239064
522.0,333.70513511217183,445.4959385093036
1635.0,1380.7707034632033,1560.9616759729483
310.0,318.5447320581465,324.4293894231797
396.0,405.4313853332692,439.07762834564033
233.0,375.62760898372727,322.06378984428
166.0,267.4053901933175,285.42215973739263
730.0,632.3997737302362,543.1892184359923
163.0,232.60963095238097,228.03412939851862
35.0,24.33196429619199,26.677680840325284
1492.0,3109.223530612245,3377.0275162276725
1447.0,2144.1879166666668,2216.9365890480985
147.0,198.51298855152083,207.37551665086536
754.0,606.3866847422316,590.1898273645481
460.0,523.0094673389485,498.89922866273884
747.0,1091.0052146212226,928.9121580683296
290.0,365.69766689638186,371.84339233659637
79.0,115.07477793993837,134.41262827721263
468.0,731.0471728934763,687.2736914800281
263.0,370.0588896698732,349.1600334760961
48.0,63.86599762329174,69.22891841553147
61.0,47.84902093672399,51.28883859102911
1310.0,955.1459564970132,813.3744170394098
2183.0,3091.973141025641,2857.5731451792635
724.0,930.0854981621108,1093.295117121213
444.0,436.4134598562721,528.8113326738899
4383.0,3071.4154055067256,2359.493785796749
363.0,300.5272944729562,300.56537225091813
149.0,203.95155103882894,184.36564835238437
198.0,441.78770301238865,515.7549758028345
1013.0,1053.0898977100283,1029.056500746603
2250.0,1282.412232368831,1448.4618970396734
765.0,705.0637964489589,772.1287679194393
815.0,644.7332969555823,775.0806776532501
140.0,201.34049711683423,237.43513987197366
297.0,424.9216619950434,263.2655797109904
157.0,131.63047421074657,149.54813618625897
652.0,650.0233678411466,634.7667118791353
125.0,126.00939848142283,122.70813008870675
696.0,334.5023033385533,437.40065739993594
427.0,332.05871085159686,318.2085617098524
442.0,786.8478337204727,792.8068792077106
132.0,148.5653798472048,133.40482997562586
120.0,106.90345782793509,99.4080546404407
874.0,1665.634611406808,1732.7708754300054
501.0,421.78923951341056,486.9794640227615
1018.0,1459.6126785714284,1785.1437729204602
207.0,294.05398323659614,223.34551862941663
769.0,915.1530261195651,848.7393474904787
125.0,124.03484809158796,109.65934452510317
947.0,1133.279827020202,1207.050024271841
471.0,768.1362119514473,713.7071379948042
183.0,223.74111891909266,197.54825287543264
974.0,750.9334263247412,762.9732274276658
126.0,76.06691025641025,94.7516540508363
25.0,35.42652707088234,39.208014144109185
190.0,218.05323260073263,300.65394056406944
173.0,127.88649751001392,128.97734760362474
187.0,142.34679788599698,222.1265734093148
437.0,535.9238723290599,504.82781522476705
57.0,45.52321470108031,56.79925701845058
160.0,195.8569221107395,96.73993684517107
185.0,192.7473793100063,192.89643014920216
306.0,312.1316704742939,325.2574503619902
799.0,660.9501610389611,658.1037160749493
1021.0,1550.2436380355275,1199.2159287084046
22.0,25.786320293827256,29.737901068342122
219.0,255.57238766788763,305.1555004574267
268.0,236.87223181391212,249.5755112672277
124.0,183.43744817063254,175.1085505423113
816.0,1603.2026793681039,1535.352933790816
402.0,412.6217912851207,451.30974050728764
424.0,418.5486997948914,421.82195798674803
1868.0,1822.508427617396,1940.3026127214944
642.0,578.572392056248,635.8039118360527
357.0,430.4961340660349,438.56486674065513
56.0,93.00154818813067,94.91074557031833
1689.0,1247.8679546701085,1238.1717266139813
1221.0,1475.5825636969132,1505.7612518474098
271.0,424.699834867998,431.7489199016475
46.0,48.0887388724778,53.27761268417745
1069.0,780.3118701607427,735.088760016888
175.0,223.17523582142906,149.16912355068442
379.0,517.8040710112477,440.4760432675647
841.0,662.267359330513,836.4217087675966
460.0,253.48987179487185,281.1437864700278
1659.0,962.1327578709689,1329.7725979924658
301.0,351.64935915122146,314.88305836600716
187.0,339.247413160115,319.88345233442243
1398.0,1026.8037462706375,942.0469499053376
274.0,202.30908964578492,127.04215697177013
1551.0,1330.559629348293,1399.6675358375137
208.0,273.6020388331941,252.5121150191015
1182.0,921.5207480477039,820.9964821613116
358.0,263.9987690272691,290.4842742610318
596.0,412.03395193051716,386.75977934396104
376.0,325.3681742980287,440.885564085388
72.0,102.45181351636431,105.75337624108758
777.0,527.5866904761904,529.1370053111785
753.0,745.7241996975409,630.409216719859
3036.0,2052.7853333333333,1974.9725716160935
131.0,181.8742460367304,189.91715050327193
749.0,814.4967486760563,831.3158285661851
119.0,98.41444444444446,124.0488488810613
406.0,284.12594209955,302.36092626624327
608.0,606.6970471327363,584.4922150099956
163.0,116.81366666666666,146.79812471154963
454.0,563.8574082437441,589.2826560987946
251.0,359.4387814395993,325.2610235682066
403.0,415.94,456.9578160348902
1623.0,1486.3421810600014,1496.0117676110672
1335.0,2189.1050833333334,2521.3180786783414
25.0,31.122902617044648,35.15910093167667
5687.0,4717.34,4357.421167491954
887.0,592.4465822809697,657.0895966362554
1430.0,1219.978133383909,1114.0638966866202
1735.0,2174.749262987013,2285.0952841778153
745.0,854.3477858034432,734.5991938673567
419.0,321.07769061605677,341.2743095334414
167.0,141.42140469784547,136.44589105268057
465.0,396.8544642857143,462.38840558176236
806.0,582.7751413290741,589.5934837944645
173.0,108.02022070614208,108.56692746047754
119.0,129.15937142782926,142.61330613142727
1267.0,1774.856679969493,1728.819866725307
737.0,911.3082461292972,1029.9637789935655
154.0,158.4114872792541,164.62010529147517
145.0,226.59616923076922,228.069926939592
467.0,719.5702481779682,674.9083946159932
143.0,155.28084042353132,176.57874856977
1051.0,640.6022860696235,686.986074200395
2444.0,2958.23,3057.746220992599
7668.0,6309.22,5608.594488515351
58.0,46.5559239039628,23.6837138061025
142.0,125.1065,221.3487794312298
1330.0,1355.0930049493388,1287.6038215860265
1051.0,536.1629025919733,575.7646519840936
1079.0,1106.9120941178705,1124.2986872321337
200.0,184.28182467138635,193.59151902409522
102.0,102.61448689906585,81.0178548423909
162.0,235.7568466157769,257.21990114020645
452.0,296.66005156847234,434.4630342962858
45.0,29.457385243336486,39.25586989610055
24.0,31.78111690275893,35.15910093167667
13.0,26.16805352859701,14.538816278424628
619.0,399.09466575654966,435.8561268356867
448.0,411.14576772317855,357.28583899650704
809.0,592.2601217808453,619.0617339071338
741.0,779.0978613702089,898.3795142961687
244.0,410.86660468361896,355.6770087961166
66.0,121.16511339490287,132.5313733118654
735.0,671.4994707920545,656.5740403244339
391.0,371.8140104403738,353.40895165631713
382.0,361.58720526789455,350.8302904936248
122.0,66.0233282069238,71.92572957412064
353.0,559.5282031234532,528.4208408927927
1100.0,2256.123188092963,1973.3418397354185
481.0,484.1583023756615,515.5357640003546
1696.0,928.1241372549018,1032.1828906268443
497.0,669.9403677049486,734.2767440306291
758.0,843.0111500721498,797.8604996249411
666.0,676.9795805102304,716.1066551849503
218.0,131.0214502572591,137.62827225018725
892.0,891.1098447558292,835.7878449599373
255.0,265.07664287325167,255.95896849222873
881.0,598.1607186024331,584.0602838049022
102.0,120.99162526787315,122.18013886708498
1160.0,745.474908658516,744.7998203187863
1059.0,1447.3376805555556,1479.3946432219673
151.0,223.90779020813636,260.0058043702246
670.5,784.1907893265562,692.0524522176927
384.0,380.93162807866815,382.33556598112847
1431.0,1711.8668349977263,1536.3217719917138
1889.0,1551.1822938356138,1508.141155118882
202.0,148.49893022690506,154.83216854037326
431.0,525.1831802543336,478.7352746615401
121.0,100.9306708079283,105.91408831212283
174.0,133.5795335612997,142.0661848448698
1734.0,2184.596347105509,2158.7919047339437
64.0,59.341797924297936,77.5109240137921
383.0,278.64898249733585,254.28119018789675
251.0,204.95854397481517,187.69018335516546
469.0,523.1393271907859,438.7871042754383
2867.0,2532.8941666666665,2840.471430190752
250.0,369.3677340826623,382.6509581128473
962.0,1339.3513888888888,1306.3937112527185
236.0,185.74182248522249,178.1643748315045
692.0,586.4968900824554,580.7555890258462
326.0,243.75605551174095,264.7566431610718
867.0,1062.6072303328706,1053.322618545192
358.0,404.3572450178056,490.5375615506207
428.0,505.9491816418398,530.4830198136966
1097.0,928.2132309347554,870.8982773036056
481.0,932.1738412698412,903.2169794757305
1538.0,1317.4186489130789,1385.6958316701327
193.0,199.37318595702826,217.10621458634995
432.0,680.7489358733338,556.524900309232
231.0,285.3586460750068,240.27561193965806
253.0,234.12735073605873,255.6986485660831
1006.0,794.4781050849119,698.8614487902299
2055.0,1907.577584700547,1661.3106422758967
231.0,219.82903891751823,219.44023888260213
1246.0,1808.8164804436558,1947.305049226837
2550.0,2405.4463553113555,2230.7293694266814
1887.0,1554.985482142857,1690.9572690957223
353.0,385.1244564668971,416.5970759153374
539.0,525.0159591872742,525.0681836008837
279.0,249.23479423414136,279.2421982611152
204.0,218.54300862757967,239.79855171520364
2411.0,1493.9088001373625,1503.2113783897814
83.0,93.90338816621339,89.31951774626481
1830.0,2613.065803675856,2710.2544251663894
1897.0,1474.7121407163097,1494.6646335998316
484.0,459.57391982082174,472.79764153351056
116.0,292.1642390679984,262.9940347092732
1723.0,1364.2099897398803,1369.2949095468484
383.0,222.3157372346424,232.34893937024012
1165.0,776.924442787882,752.3303034141449
4476.0,3035.61,2864.8207592924696
1679.0,1609.4420804473305,1748.7030111231593
259.0,211.54834407358285,215.81063892996784
1951.0,2642.2093333333337,2678.343724668128
537.0,769.6176186515011,762.5446260387147
460.0,801.2624119742649,859.597737589222
331.0,316.6704242444818,317.979974662102
802.0,1478.808531561462,1320.4698697785134
478.0,804.2780485452759,749.0775702783468
1171.0,1139.204385784537,1216.1516961174582
2787.0,3284.02321031746,2820.761788349481
90.0,66.42154927751987,66.17849049884668
164.0,366.84639221704225,388.3082391298437
1503.0,1023.9764679536406,1015.3888250298288
47.0,44.73492982570374,44.488723543719416
1262.0,823.354191049147,701.6970649130142
130.0,166.7675523204931,177.27625663416663
200.0,214.2247313010802,209.3829003613476
426.0,342.2731712777073,384.31438488199836
484.0,505.36089819439826,469.5470798097271
213.0,271.29,263.0639261748039
406.0,335.14662851704435,352.8203697456003
130.0,119.42249309831894,66.76367967471295
23.0,38.672006734029644,35.15910093167667
440.0,647.8886113180043,566.9079713937863
114.0,190.76598828715777,186.52793478986382
136.0,208.62979057230154,201.88830608307467
116.0,114.49348980230748,135.3134271225512
810.0,561.0833061743123,592.7144349914083
337.0,318.6468153667797,280.5143081229269
3015.0,1448.287638849008,1554.9418851459975
87.0,95.03208906995538,103.69609251023876
73.0,62.79936637931034,92.54802614802897
250.0,194.23417211073954,214.62187242806613
938.0,1182.456487585918,1255.1497015249693
90.0,198.98467269259058,169.10687883932027
148.0,141.10237085684,106.17374081859022
1316.0,1007.6581926728303,1046.8496749337337
216.0,153.3582789390907,153.6399688726644
255.0,232.41317459275754,255.6986485660831
343.0,384.29797064047057,335.35906038108567
165.0,217.50262305080454,219.09645051233335
188.0,125.28458897935516,147.48677809593786
2486.0,2005.4289393939396,1976.4824588559165
443.0,415.67997518799757,405.43824998943103
189.0,251.17059592480663,258.13076269663264
843.0,819.4215987933635,844.1163873591246
224.0,307.47701367142196,281.3804973050704
1386.0,1196.9911554233668,1407.1003037405994
214.0,299.18549939918677,260.03769374536637
1259.0,2075.808015999967,1898.6628785790956
140.0,143.1175359459763,153.0525778711975
54.0,83.61188455988457,99.84657197070872
391.0,541.4816003794447,477.2379056462409
122.0,107.69553724053723,89.56552411394573
3130.0,3082.61,2979.6831507632824
440.0,423.10722755635163,377.26561658987106
733.0,421.3079309794116,384.09318631279814
1259.0,1028.9167059650813,1018.5053757546889
407.0,459.01807852857974,409.46305880642996
505.0,459.3682696772867,385.8047873142146
133.0,166.64590521018,143.06542469457924
724.0,584.3440686321551,517.9378054082999
260.0,231.76242355374856,261.2891572620384
241.0,213.23390473312298,233.09276848244198
739.0,889.856058695732,808.4090956287756
369.0,411.5877843593473,432.19444809088816
405.0,283.10153627729403,323.919791761025
906.0,949.7623711871717,812.3494098457536
1057.0,1191.6811358151829,1147.4017821674595
213.0,192.7251345154356,200.46508348629484
291.0,205.6923218743822,268.2976063782193
311.0,230.43987411732087,255.34389352200031
103.0,136.29102744858008,148.1036536503414
1608.0,1164.8792369750133,1200.3483211296377
308.0,152.41191707723317,187.29963319631304
86.0,87.90269457013575,67.38578553859179
276.0,472.93126741879945,440.9872597853443
385.0,447.14782894345393,504.7510523068799
61.0,49.09523169640816,47.082802465574595
192.0,149.27170791146153,140.73386004340603
236.0,412.22724999999997,480.0220502909329
108.0,218.68833772387907,234.9941779674333
368.0,235.7320931367216,283.68931856588966
755.0,421.8026758922466,434.46910158332076
1220.0,879.1194115845169,770.0976957846852
624.0,534.913511987763,501.8019891523865
726.5,472.1362113434371,495.4474990333178
566.0,545.2107742847481,546.9690006524986
260.0,319.35912780717945,359.35576342472626
144.0,205.94911012269745,213.90364164276983
523.0,461.3529279505161,479.3652593463899
161.0,218.18883344830422,181.80266892048115
672.0,472.94131807213176,495.4474990333178
1027.0,1177.4346938310136,1084.126676754098
38.0,38.12479977538801,47.05256419884172
2730.0,2773.2997253730323,2545.884355260183
1160.0,1058.0387178637645,1113.453291163736
18.0,33.10905919944573,41.333459554243966
378.0,597.6248762561734,704.8344577208879
243.0,398.75079212564265,431.55818360956755
1183.0,855.3972164731485,823.8591512742204
1497.0,1305.7387792917868,1222.7116133005288
727.0,667.7298622415219,619.4755217597891
436.0,413.04446241764805,526.1347344002353
2581.0,3299.825157142857,3470.7749323725984
78.0,57.58191636141636,76.50279110949357
380.0,232.30892851634965,237.7597800057126
262.0,454.7958718370885,494.92520759120396
222.0,252.23862570419092,245.3822504440811
1144.0,1360.664909651829,1391.5102716109093
128.0,204.67462117429346,194.9402569257941
1435.0,1406.9226762928247,1144.5057306461276
200.0,220.69653846153844,237.55596393356387
391.0,562.1952085202665,533.6954610082339
779.0,562.9280014321427,543.9589674809563
795.0,878.9524357843068,844.9661922555947
197.0,140.63447517913,109.92001704869855
383.0,358.503461511918,307.0949627350187
741.0,516.2498853953467,474.4442320769521
1436.0,2397.333400410704,2181.317819727897
470.0,372.86529952587097,405.27711776323247
1942.0,4720.67375,4485.905298573691
854.0,764.7312176081483,772.6911422969056
550.0,1105.3512119256898,1056.269954254981
120.0,154.84103577775912,128.09177589496653
920.0,1006.3466993354781,1000.7475062479989
311.0,444.60414552406655,465.6583303899916
637.0,756.004792627678,748.5872061315099
901.0,843.344570366025,891.134286687059
1200.0,944.4335067689506,751.8603891668737
483.0,842.5282856506241,794.6140257588606
161.0,120.74885267701893,108.36035860765861
326.0,479.37944410946807,439.6268316550085
183.0,205.1235096586314,177.72957714428927
155.0,168.3015792150832,228.55386396502632
530.0,444.2044799513159,538.7815614575918
965.0,460.89335090914125,545.1055188080597
1719.0,1152.244121993339,1169.1635827237242
984.0,1329.9460411276523,1208.22794329309
140.0,213.99376639594942,328.2891443469712
1130.0,1014.9501538646934,1028.631947577419
1905.0,1269.249193208994,1152.1609518294492
332.0,322.65709092579533,277.0733415009287
606.0,788.6424644767,761.4145121829199
204.0,223.74308955788828,256.16029882203645
1257.0,2063.0763333333334,1999.1434687035187
354.0,316.83752657730554,420.1336898138785
217.0,213.97,199.08987001610691
306.0,298.5636909240993,242.83072538474912
2199.0,2502.8742957875456,2479.41997623462
433.0,297.2671594521136,277.13049271698816
243.0,470.35169429256297,399.1329784842077
1468.0,1189.52,1132.4477337814094
233.0,291.22242402652756,218.40814548519998
221.0,245.15616355460602,226.31278607591167
50.0,71.77657251082252,74.9428485864676
827.0,883.8987125148275,787.6695668537296
173.0,258.0174896246755,281.0578704711372
490.0,508.7562195777166,556.8978300857397
948.0,594.4467036635951,570.8073226364784
788.0,818.4801712507793,735.3835573005664
197.0,413.62840480526864,417.80867374750426
1236.0,2290.5916666666667,2245.521894362265
64.0,82.44085494313049,73.07127391950867
1036.0,1002.8326943676034,1032.6119652863795
149.0,254.97641597149428,269.84353371062264
132.0,115.04146376905408,118.1857189222301
62.0,73.29320948436846,86.47478311799809
460.0,667.3772961305629,643.2469546212568
951.0,1063.9037246999303,960.1739762574896
1451.0,1625.362972726227,1569.8798181989193
829.0,1304.0243854478856,1235.7314512074574
459.0,563.3406656946395,550.3793978161965
1341.0,2256.284888680034,2018.602729203067
367.0,483.4447572357271,575.1278509846085
288.0,202.70224005951658,210.69052689627625
1006.0,678.9540609028061,632.2338538700858
2524.0,1568.4155073113589,1529.314194441994
474.0,392.77879883736006,373.9069571632902
328.0,619.6823100751456,622.0575702780908
1616.0,1491.099503623967,1442.6403532841616
1644.0,1383.6757249034997,1401.816260879044
1135.0,682.8994339033295,685.6464960282459
506.0,403.2994484126983,427.27480985997335
163.0,118.53826747734763,139.4110628734075
724.0,571.1651912036527,626.2386682957111
567.0,584.0534442718052,644.8523147055707
197.0,228.72541526251524,224.57938559967639
283.0,369.51210714285713,341.9493195162461
1847.0,1426.401459999151,1596.592338437597
1824.0,1652.0914835018352,1506.0860636637037
425.0,313.3308933566078,318.55166409708454
229.0,275.275,303.7796690071698
226.0,372.93620540386,352.6243790361355
2454.0,2781.316083333333,2929.1569434612147
92.0,102.55605192307692,104.03868263902928
244.0,238.13549247619343,200.21820222247425
512.0,558.06621297025,493.6780193353595
189.0,185.98820418751572,178.37393757194235
492.0,621.9935093453271,595.1464840985406
229.0,256.78592283064825,235.80936198908688
380.0,369.790843945319,328.51001063146214
381.0,353.5889202701626,344.4538265403534
313.0,323.5955168408827,250.49688961574765
1813.0,2697.017818181818,2904.5404074240782
1262.0,732.4793775041163,797.8221899602419
222.0,375.001871108836,385.7210629536937
2120.0,1751.483395212631,1993.2010356339933
97.0,139.01881919849794,164.91573953036195
76.0,87.71132177495147,88.56450340659119
1888.0,1412.3796202408703,1605.8090549668593
363.0,284.93605649554996,295.28470532555207
57.0,39.73680952380952,45.22295834958574
357.0,215.64762436074892,218.94706323177294
568.0,750.236220605713,767.5488695002394
1085.0,855.9546706101216,794.9554444420565
690.0,936.6756869893926,852.9925715063258
191.0,182.8385688952459,204.1554762845355
410.0,649.3849544725756,619.2445688996099
470.0,523.8198946514012,536.5850648326826
277.0,307.59472863746,214.77678717293924
796.0,719.7775473623202,814.5891361716742
377.0,312.83701527966053,441.9922293849476
444.0,381.56239285714287,341.9493195162461
129.0,157.42876422500183,124.09448486071963
419.0,388.88104279260835,324.27883978383306
679.0,564.2972432109354,648.2331937100478
2861.0,2537.712649529328,2788.9790333028836
1012.0,1778.6662066937306,1593.8213282115328
278.0,306.3662110239271,368.9768825039312
374.0,434.5175143288406,427.5489103120424
293.0,481.25555783257886,460.22676698212007
520.0,223.25638831309453,257.3865810603398
1823.0,1861.945418054168,1615.1445429423063
96.0,127.43290084053757,115.38512057350424
1033.0,1354.2570610924265,1523.3272907201583
341.0,391.910673007548,312.6435097488772
249.0,248.37779761904764,336.4992022085252
663.0,542.4191573005442,534.5452866037343
521.0,750.3020255987858,708.0696252762755
1325.0,861.7758058760649,925.8720642461801
819.0,1056.8391526255605,1080.8252840424746
524.0,578.20970486415,573.4445722858464
116.0,116.65471669904554,115.65724308610577
365.0,353.1158700732088,346.02030162251475
387.0,466.25803333333334,553.1990287131051
134.0,116.18626256372006,137.99494720179985
307.0,152.620124143105,135.16322095630485
1091.0,929.3403433175351,909.9119869167554
736.0,992.7052114634182,1120.8593793808159
730.0,759.6999061660563,644.4696100819239
549.0,488.6926316412511,491.8333093588071
545.0,770.8795545490278,721.6914755080571
592.0,427.416461852125,420.5330472469204
206.0,246.44989393939395,229.19065171279848
290.0,214.6786223779778,261.6547542057213
474.0,416.825830361157,482.9462101921523
201.0,362.06908522718993,298.2907441689419
513.0,546.9390233337065,627.1809649154933
375.0,344.52223767178856,339.9644530512466
1774.0,1691.1029776302132,1960.37078929866
142.0,100.18500533467397,97.61641281707148
1403.0,1897.505175990676,1841.8141530787057
2246.0,3010.5440100250626,2747.4910637500852
437.0,739.031102532773,645.6083843321062
108.0,106.49241455645807,85.08638067639602
568.0,321.92252440152447,250.92675148160706
1669.0,1538.702436360575,1453.5432305426336
554.0,180.26741079368418,194.21338861322306
149.0,214.6712391339288,180.853615143537
98.0,137.72691504615864,120.01690687812919
146.0,216.0652553951908,262.71090693762784
1002.0,945.7301355889058,973.4770701942832
130.0,182.50892026483828,224.40350127794633
50.0,34.98226501602972,42.74540839470004
322.0,319.73022532703317,348.7946308653236
1020.0,1594.3962910388334,1387.9572371609797
474.0,405.23799165101894,308.04408664376314
546.0,259.6192888295352,271.8844327279329
314.0,339.21081584788465,332.0343703137973
587.0,1409.9198255158926,1432.7624849613246
232.0,192.78905204487066,202.87569741537973
1090.0,1031.5644356016535,1064.928696970924
608.0,615.7557958324356,663.322897550418
1497.0,1462.4220872894077,1488.0034891889115
1046.0,978.9436494721199,1108.3318570164956
179.0,377.5811660492577,360.8509327096689
1047.0,645.9738414466177,755.7622174631583
494.0,557.0384897291123,563.4086089412791
102.0,122.53487208978305,112.00788595742985
658.0,841.7365460365658,749.1740901569852
253.0,155.93916374458874,223.83235361415092
1095.0,1259.210764764047,1149.0963647676244
582.0,630.6688733336197,553.4077122321446
467.0,536.2935003702437,661.8489402157006
106.0,131.1611735881903,120.47593339278548
1342.0,1393.8001405460213,1630.5146060776294
898.0,1001.7647160573596,1118.5849280062848
164.0,227.5524867308646,237.46448055053708
1985.0,1956.3111408526977,1875.8505214819806
817.0,845.5158124005316,797.5331041367258
757.0,751.5051925766411,833.4818054829237
222.0,337.16965318504253,323.0127153041153
643.0,828.7306369047619,894.8794613803265
251.0,218.40497936507936,191.83880145902413
667.5,938.7415562414558,858.8374557853143
414.0,468.86812107242304,427.24947018274565
380.0,597.0106308938609,504.62252153915875
1046.0,869.0052229532163,863.6305628297978
9185.0,6649.56,5532.58462008417
90.0,156.03430572056948,146.42803694008703
3158.0,3273.579778279031,3236.0381262817427
679.0,468.0154206349206,532.3106535221784
597.0,783.7059335052046,766.46397557921
173.0,295.66601017768784,280.63291118365265
921.0,905.1189239580258,946.2790042849807
862.0,758.4999346111624,737.5003910419412
193.0,238.01657679489597,238.91619692646614
356.0,324.660919175699,443.33434009381165
893.0,1754.4322825507825,1470.631772796787
579.0,776.2304261198675,793.0894417073921
346.0,382.75525627705633,585.3340977398977
788.0,636.2045297571866,673.6868532019294
322.0,432.4491057402011,388.2893559626435
2655.0,2141.1111984126987,2159.823906755738
43.0,45.88146906836164,49.379839235847356
275.0,305.1541480637306,353.5604755009751
1312.0,1019.9275003241349,1138.236933441607
1030.0,1463.401967697144,1342.4071082365954
1259.0,748.2415729568909,802.6117510893113
634.0,501.8926434676435,500.22138701191193
1657.0,1385.449339221633,1364.353958057668
2930.0,2460.6349612657464,2253.3826606507573
830.0,668.3834816339636,659.6710862834495
479.0,628.7864607455242,733.2583207763623
72.0,108.39294588609896,90.29122273878288
180.0,276.71495877237703,266.3544011375162
2751.0,2227.233333333333,2264.5123878006907
276.0,430.93944708994707,244.58240563472344
350.0,460.3254799010514,459.2826654984681
686.0,762.0386916963196,752.5762861890987
204.0,281.11008689472544,306.66808207038497
939.0,477.51743843010024,412.8536618982204
649.0,374.7267019162998,363.40912617191054
381.0,379.7758504412255,341.98840381626985
165.0,261.5205196178277,195.66015738064323
898.0,404.2483126703992,428.5001100663967
82.0,78.66593861573209,81.31820732060201
65.0,106.39879925831583,136.15416008403224
442.0,334.217324620776,245.7091975977432
459.0,454.9225549371264,354.7089890136288
96.0,83.82094060188177,111.02141964769991
80.0,72.48466666666667,100.27172577454415
378.0,783.9313173950197,733.2404670931105
353.0,310.1165058386763,361.31980585639946
208.0,312.2372176527177,250.92675148160706
1300.0,924.6155891741275,1141.1729537397168
1255.0,1047.880391110343,847.0567611991255
237.0,190.50771995947315,142.51448514985108
309.0,293.2917242019626,280.32885556533563
1543.0,2576.399598390121,2718.3442643487
1264.0,1128.7909360287483,1260.6228588016575
500.0,825.4265663309925,765.7002577524103
207.0,340.3580204445495,416.6158630676339
147.0,149.62977893422104,156.32756552642235
604.0,568.1169613960759,616.331126612694
2056.0,2008.52,2153.0804565473736
491.0,534.8787142857144,556.298581394478
953.0,1246.2852046008597,1304.3683371662416
1539.0,1175.4548162658468,1025.1020010425214
491.0,688.8490724426939,640.0910693274254
978.0,910.4044949141048,959.2056822475342
1072.0,820.5017011728503,934.4577660506092
611.0,399.7899332579186,346.54168408465495
199.0,228.4968168392065,271.1566953069128
301.0,217.8191755197417,279.6956237861391
1317.0,773.6243953797482,860.5359147999633
683.0,1310.646290178176,1259.7042316487782
1848.0,1582.3978231609822,1481.696501820693
327.0,254.98794670441995,238.69691045546662
191.0,164.5194276999316,179.4680611050331
1045.0,1610.8685676638404,1392.8325956217038
721.0,416.6531102565111,438.52073011318936
292.0,413.1109239189929,383.61965753671956
680.0,290.98241291736434,286.7581176226442
118.0,147.62522940826568,153.83240428640434
1264.0,1746.0291307046903,1557.2771305763038
161.0,232.8587468209648,215.14819249503896
1285.0,1016.6585928043589,1100.3641334930262
54.0,50.98223738939042,46.30254230018249
278.0,291.44208249836555,279.82033266629725
198.0,338.55973304984974,295.654305197965
336.0,386.1150342555995,343.10283997057206
1309.0,587.3047009562972,647.9708941075796
615.0,830.2890603675443,829.5723171763902
204.0,320.7621285170444,333.1241689072634
1471.0,2240.7125,2291.268872327901
705.0,803.4352104736716,754.801846480708
178.0,274.6027009213529,237.554791178979
258.0,166.98373602755458,184.6577450280923
646.0,885.941307834055,794.3584277690885
60.0,91.08959933204049,72.11143722070521
323.0,259.84667488802364,254.3925321588132
1288.0,669.3826305281268,598.8387459430307
495.0,352.1732872703277,368.4505092358778
604.0,830.1672854207776,769.0759123695906
532.0,507.2935604920364,513.3827616306338
247.0,226.69205211161093,211.18933175795848
574.0,720.7846428571429,563.4691380823687
310.0,517.1490158730159,457.83230067424734
261.0,431.73025580142036,436.0473969272304
993.0,1393.755937711241,1284.1297807327499
237.0,204.67297077423353,107.5609741837714
106.0,330.4607191389792,292.4553152352076
290.0,239.7899353582488,235.66405761949778
114.0,298.90372077543174,210.94887225861132
1992.0,2127.012392857143,2182.403886449947
1781.0,1567.371078330505,1490.952808650063
277.0,179.17205338864085,177.4492191505819
513.0,528.0499621313492,512.7810764309796
1264.0,1588.3770462539912,1553.4027336518755
918.0,762.2967191681296,833.6721679438791
126.0,178.77485740910174,182.74401312246766
687.0,497.59682245754243,589.3889951011862
292.0,430.06409022406655,377.4734020136358
169.0,200.51943790424056,200.56499350300993
240.0,210.55790476190472,258.4436039901572
200.0,181.59731684981685,193.5027597656727
221.0,221.858823332713,279.6956237861391
164.0,106.80998189386231,130.16983383040125
564.0,414.5581304956267,495.3832929314063
92.0,80.03103976916476,81.9591179380557
200.0,341.37012786488435,321.2742503449011
1334.0,1550.0961258309846,1451.8003551287688
517.0,527.4805846846373,554.2743420223965
368.0,359.6195546398047,306.2439910198889
2062.0,1732.7190223665225,1633.4918687244076
388.0,369.56730280873575,330.10651849483384
598.0,872.2872972860474,827.4843693308566
195.0,397.08935867752183,404.4102503099822
173.0,167.82277463252507,198.71669537238853
295.0,310.1854834307992,193.3685099178851
713.0,580.9842457092419,586.5087267494
235.0,234.65860800600123,245.64198596740567
719.0,1356.0037236009741,1456.600021241989
620.0,534.2310294204133,522.5382203269875
957.0,735.957505699475,768.7365469350558
169.0,233.67175485740853,188.62046080343575
197.0,323.5041459348065,347.1374158552932
644.0,862.2978178916878,872.4066009063886
261.0,310.26733732743327,329.5819300101528
156.0,143.66494624081145,164.3782657652993
1220.0,1812.1796397843148,1947.305049226837
285.0,321.1670786518621,316.1852022751806
1586.0,1404.9362732393918,1255.0322559082492
159.0,220.3263438208425,228.5345101909627
1201.0,1523.3293493599172,1733.8247807449166
277.0,418.80272345780935,545.7081053618905
404.0,497.43305809527476,482.8028803749083
231.0,344.3055959542056,290.08797851122904
271.0,411.1025136998651,423.4588537193078
1592.0,2105.185256132756,2253.568683240178
264.0,276.2970884996377,215.09313380754838
682.0,365.44278344540857,333.9803140398002
220.0,229.45006210493725,198.73017231727513
180.0,210.7751819532961,241.13647397226785
1031.0,842.1049744140041,933.1520545604221
74.0,119.02499999999998,144.8237995916207
407.0,617.3663574747293,572.5230133718986
553.0,626.9262922005875,582.0723163153043
510.0,435.29369983112855,356.7359504185035
378.0,391.0959912100109,385.8047873142146
194.0,321.33067743451096,355.8421453355523
367.0,387.91237912784425,367.5052636919293
381.0,459.4311697308388,486.24468029201256
160.0,93.31099349846247,94.35584815843632
276.0,296.5705349774238,280.76472727582353
1831.0,1713.6342946143768,1583.3211548108716
2343.0,2070.6016666666665,2205.1630389051406
401.0,350.02337242541563,332.86582224904083
1493.0,1256.5361486761117,1399.3933206267372
95.0,120.67702988906936,119.43783989779728
661.0,807.2763631894857,730.8156084984918
1118.0,1474.5042664700734,1280.3208688827413
894.0,628.3793523703386,607.0402562544102
1489.0,1099.533988095238,1133.6621666169576
53.0,94.02258089137534,104.47909912330651
93.0,99.94053271728271,109.33375722736687
246.0,370.1705824175824,314.7875289230705
1027.0,1169.3499033386174,987.9134321799008
1593.0,1228.3993151358013,1398.4494546508379
410.0,289.67376903851783,369.8058282252416
99.0,107.07926271148142,96.97823116149337
63.0,86.08221545284782,101.00176219584414
254.0,284.81229590089276,273.99197302148264
118.0,143.54059788665967,170.5746331536008
413.0,511.49724347886615,630.6660616356749
417.0,378.47631513510584,362.57230701915023
581.0,419.7454170974806,390.83739533598987
1913.0,1346.6382102735213,1299.8569467411344
867.0,906.8431629169442,816.1853048353108
284.0,235.2438226897183,257.70078476486714
23.0,21.92541666666667,17.016011732188524
218.0,182.20981197878845,155.54944682228412
13.0,16.698,12.874913971936689
667.0,1001.7905593979705,1110.7060862294582
386.0,485.77567548919944,420.2681432634985
5466.0,3317.554663435614,3526.890960968003
1836.0,2551.9380434173668,2364.638259265375
437.0,493.48339807487923,493.0381366352581
328.0,224.6216225249221,255.46905471122653
81.0,104.12494965926076,91.45904532197521
254.0,205.5717947568802,170.36962052226332
553.0,406.4491266038876,433.93783545299976
328.0,523.0032453892042,525.6441015900291
466.0,615.590636162742,552.5841075053783
278.0,191.58843765457604,186.20435287908694
1135.0,1498.2956241839818,1466.6983211368329
234.0,178.8681954038845,189.96602234309495
605.0,731.1266723905726,703.4759553768827
244.0,218.30603888717494,225.46402234215415
1593.0,1551.0693949287938,1852.7661719547093
223.0,264.2216666666667,292.55873272663877
325.0,238.6510357142857,150.9635206796986
1724.0,1328.9233459393051,1341.2458028481228
43.0,71.80181790595026,76.1749208194588
675.0,639.8621709650298,503.42652557288324
1693.0,1549.8504638461256,1381.765648158149
321.0,480.9666781680166,459.3146120231989
221.0,325.5369728882229,287.9058247784041
602.0,714.9357834394364,672.0496724365153
342.0,399.32182625964566,368.21342772197903
172.0,150.4616360770782,163.52734742668937
123.0,185.28546317069984,174.37530549417352
200.0,219.411842612121,192.3711869557003
1845.0,1333.9401687640845,1274.8212492848525
350.0,480.5930397736268,395.70852615054145
80.0,141.22005984299875,156.60409344742183
29.0,55.20609894864158,63.4279813833022
162.0,160.63592416858322,152.47844264686316
44.0,54.47736364693509,55.56081660809426
399.0,459.03040247084493,403.9499804170395
3040.0,3392.6795513484103,3314.6563945607286
458.0,997.5993670914597,1028.253778495169
930.0,737.2254665186553,812.4593014468576
1676.0,1644.771892982655,1696.207330257214
2535.0,1282.5157773987385,1348.311929312819
535.0,421.1581468253968,428.01120051152407
626.0,385.6999391679902,443.4871708529754
176.0,276.1914141027345,247.43544884439396
382.0,234.47677795827573,315.69409875043607
651.0,656.0289630500853,693.449724591576
148.0,172.75123705379588,167.38641831794428
667.0,1228.5443437516906,1182.3461725254456
698.0,772.4800979385207,728.9490311145512
1593.0,1729.8989848535414,1637.2751151016212
1030.0,720.6333738145462,749.0962414809807
163.0,231.8500425268675,239.79855171520364
1062.0,1411.3606837792581,1314.5388743985536
473.0,469.8098666044903,456.6668317172277
77.0,91.14654144174537,96.97589411396352
414.0,677.8868855083908,646.1633608667655
421.0,467.60327159545125,543.8024192373061
435.0,403.0302847524747,440.47009524232766
856.0,495.97311111111105,584.4274718967249
345.0,517.8521430579225,542.8162150783148
372.0,302.63627211875473,321.9578329223171
700.0,643.6182240727356,667.7899817616682
2250.0,2291.6,2349.5328931295057
682.0,563.3736117248287,663.0537562062838
254.0,324.7728765486747,326.3013407753896
201.0,189.02695644331135,180.63770432997535
1790.0,963.6753574650523,919.5398787010706
2377.0,2040.4311666666667,1965.2607469385375
194.0,549.9762871701867,497.6463634406457
990.0,888.0043246975154,899.4656229555395
762.0,586.343243845465,535.6580393785488
136.0,135.0527557088968,140.2619679950065
299.0,300.96911016099773,318.11625428766376
560.0,782.1263043029096,809.0261250980197
1103.0,1123.5947028452115,841.8542566850266
1029.0,711.0309143090989,819.0232032953063
117.0,183.99924261775573,165.2910065070088
1055.0,731.1588246293766,706.5811116551563
324.0,313.19221135182937,332.09824751899424
541.0,583.7359035518004,510.22394673579834
818.0,1516.5666666666668,1544.6691605511908
594.0,788.2878451972248,853.9149537571114
157.0,115.88599563955704,130.47264753598984
943.0,1114.551718692633,1175.0899900415102
425.0,444.9019062389224,438.39690885704357
159.0,142.88136720197897,137.1021587662455
339.0,307.25944699157975,326.2276506692163
1259.0,2773.000136370337,2181.8113720037377
196.0,266.33881828312855,277.7445139406592
1053.0,566.1246265262137,636.3164323994113
689.0,621.5703686752516,671.233271418151
579.0,301.27768232777623,313.73315665407205
550.0,607.6482907337434,583.5494925663769
774.0,967.8741696535224,858.4691702714515
30.0,39.10673992673993,52.34531325438552
214.0,240.84797776145257,218.88517880276535
132.0,319.08012601383837,283.8789064228976
750.0,642.2170053838882,655.3992753577706
269.0,230.9881400284172,205.59965858751173
181.0,155.1268150084318,204.07904104681828
1366.0,833.124757828856,897.3899358649676
417.0,329.50176088263595,352.46635636346844
588.0,444.45854514637426,467.36230930504297
273.0,227.0975793647243,273.00513800784256
741.0,1437.6972213688607,1220.2606589940083
54.0,56.59490934065934,81.83016284769326
331.0,199.69638230223666,198.38759272214224
1326.0,999.9454286050526,1023.0847190101022
496.0,594.6753762003763,540.8453662653347
470.0,387.7195996629398,367.495206830111
554.0,302.3231471040742,313.83833401501755
28.0,41.88992075897707,31.58647919593693
31.0,34.878830202672304,52.257351683667586
180.0,173.51791203009859,179.03667822744885
435.0,458.3822744910419,427.9947582995666
1671.0,1729.4584316755102,1800.2370913690422
861.0,675.2955237705677,629.2716863271928
1216.0,720.6241755663636,847.2088323323779
146.0,154.54153665279034,163.65914534561682
711.0,843.3205218626712,818.8768125362486
166.0,181.75772493482683,173.10148782453103
770.0,733.3039376590907,719.833667687925
649.0,843.4915021874342,666.1113139106435
337.0,381.040323285433,371.6353672414566
127.0,214.38761875918905,202.99555389745245
279.0,478.6805029298635,397.5767782067824
531.0,647.0099874292374,587.6286943599716
99.0,125.29274065990973,114.04636069495368
447.0,596.3453250360751,637.0849360500905
237.0,387.7076078936592,407.73377980786904
189.0,384.83808682538955,363.4992459255629
869.0,1488.441518455197,1512.255189000088
364.0,601.1035706821914,644.3296447507365
2871.0,1998.9470114607614,1940.0154991304084
102.0,78.25270265603962,81.63811102286223
43.0,58.37165669672988,19.56959862931895
923.0,1626.2178877678264,1605.4507004047205
315.0,167.05753237746438,181.5221571930357
274.0,276.9866846142576,331.4350684003153
548.0,633.147923778096,622.8755051462094
1693.0,1395.1255432313753,1288.8657713518871
112.0,114.34000430186293,125.25805745569504
1132.0,1282.5654292929291,1179.7108954092812
191.0,200.02336278377916,209.9258930546325
209.0,268.38835118222397,292.16921921487443
1403.0,932.4925691114025,914.3047324521816
342.0,415.55961942032906,384.5390409771126
1060.0,1096.8401877705628,993.8375259144665
529.0,278.3449933003067,269.71213011918036
62.0,34.629835164835164,52.34531325438552
535.0,731.4777927410754,721.994451652412
2298.0,2288.5846833885066,2107.4806596409258
1743.0,1573.1401609284242,1494.9066038822323
933.0,1479.3094905771002,1680.5570929918788
4199.0,2875.325,3263.2943202855868
4391.0,2741.6478012901607,2807.1536569197574
722.0,589.536227994228,554.6962873871402
203.0,220.12716318569994,217.47401648514048
3273.0,1328.3118297597548,1346.2000651614037
43.0,60.13170144724557,65.91866506556872
119.0,79.31453581112287,79.07436344831957
997.0,808.799354135707,808.1658633924172
6580.0,4473.35375,3711.9409473006026
623.0,526.5731335965097,590.5539892887272
268.0,334.241382992008,397.4263743204312
511.0,441.81239918414934,532.359761304042
330.0,372.1606540141709,403.77683157966845
2053.0,2046.584854278075,2024.2862014672833
900.0,959.4533838383838,908.9194763284637
238.0,238.51079420757915,275.1994245504519
458.0,617.5257670499237,568.2126898441074
411.0,406.8974935140925,477.2669123999671
14.0,11.641333333333332,10.291083543932677
120.0,128.29988040784679,140.9911035679909
267.0,244.21025093659009,256.5863858026299
514.0,681.6348604708173,637.0771471999168
37.0,93.58431746031745,96.58322569556681
694.0,786.4711769207076,793.6299837714774
2549.0,1941.301722222222,1987.0550306576101
167.0,206.03284449074866,356.6536026837914
554.0,736.0216253073181,820.9259171058545
177.0,369.2227341819714,354.4322541742353
425.0,350.76502411196947,389.7742752452448
564.0,473.2927478940596,459.3146120231989
481.0,586.5804580796798,522.9955385201552
236.0,257.6934953641492,288.46431718224045
918.0,888.2841062616744,981.3850034606169
149.0,204.43366604277335,222.43620565270598
443.0,319.88538066848633,333.82025569306006
766.0,754.8162286059352,666.4609051652254
121.0,120.51778533478871,107.7430881715602
1405.0,1232.5864848013098,1177.095647978581
436.0,484.0978238376252,413.4770226471863
1628.0,1449.3607189734023,1468.279873348291
180.0,162.86398687035398,130.94223697873795
2644.0,5551.72,5127.82682444011
300.0,233.3939165027322,251.07400427944933
377.0,522.1218855798855,498.2758405823263
1178.0,994.0970400427036,1051.0071592567162
187.0,178.71270978922024,198.35604806187033
1108.0,1330.6147158004524,1262.1847384998657
909.0,1025.3090308084625,932.2956658285677
995.0,821.679472537752,843.6584580336358
802.0,1018.1625967638513,955.8871576147625
236.0,174.89295194608647,205.05025992124072
2838.0,2420.4269634823377,2534.602962313589
120.0,161.15510465171582,191.4157839570033
3613.0,3915.2767313305253,4452.673342302749
323.0,216.40111464386507,230.7524687245011
108.0,132.90304177239597,124.84089627325977
2014.0,1833.9455241147741,1701.2590728659125
1040.0,984.1656792791118,913.7087763182748
582.0,527.7630527059238,482.53160130316957
675.0,398.7114098860586,363.051736024774
2800.0,1387.6614571977886,1449.258091857081
250.0,289.89899957292954,307.3860569468456
845.0,955.7079324910349,1100.92450576479
776.0,732.4692042606516,625.3104932724298
117.0,117.1324219945605,120.80440801535454
468.0,521.510674755204,494.9275187080694
774.0,648.579546585042,658.8146956906027
1272.0,665.8023467892058,640.1018814261749
830.0,1030.1124341031546,1017.3393788642333
184.0,137.02680977461858,131.37633031646786
502.0,331.28184463901306,359.75861803501977
217.0,312.9061377556807,258.5194664707914
797.0,511.89454812585086,631.9684729410943
449.0,537.0559638694638,462.39126219440516
481.0,575.1108956101485,527.208241967262
819.0,1426.3566666666668,1628.8526536479035
1018.0,2464.1803571428572,2384.5363527984555
177.0,255.420100737956,273.52152076776974
298.0,322.25960907524643,321.3584892928832
907.0,917.8041369365928,688.4350938330247
178.0,308.19013320707074,282.3961417467172
197.0,210.81677189896982,224.61532872138764
541.0,442.4994829369036,352.4464575181821
217.0,136.50522711960866,129.1480340379249
164.0,161.79686078004963,152.47844264686316
1113.0,1714.1482894736844,1619.841154989443
129.0,120.6325,150.3593258624359
438.0,577.5627416859398,568.1352541406445
806.0,1138.7187842560245,1094.1096301737923
521.0,585.9130526423509,559.9537337797566
1117.0,1473.053299324858,1392.248465908156
106.0,93.94800538335932,90.12415783209953
980.0,790.6507330081623,748.9675004573724
150.0,135.48389392968951,120.3105866960472
126.0,117.20744771493351,120.46716265306576
75.0,87.85328992310056,88.56450340659119
1604.0,2402.3079653679656,2507.4811395525303
268.0,348.1487575101979,316.1619058333493
735.0,764.9934177876443,738.297145992668
181.0,170.7080064291513,181.7835230943987
501.0,869.79950144114,980.9719767614349
465.0,269.49412346275915,261.447450105801
2011.0,3338.9240135746604,2986.0816596169166
604.0,523.9072920304264,489.5250634352943
289.0,420.9531765185911,380.2808511392752
20.0,22.58802536231884,16.27794866559359
166.0,197.72572924173488,199.5503926516251
278.0,250.4232053533912,264.4986693139332
325.0,221.80604123487814,230.68802800929384
631.0,285.21053127925717,308.2860862960062
710.0,692.4777810700975,720.7725368731467
854.0,1212.528743947564,1092.8628574848656
1224.0,971.3764619466373,1269.8413080568134
170.0,250.56591627412774,234.9675659233448
1263.0,1428.9325218253966,1495.2626806768517
457.0,468.1075923308718,500.917718092409
391.0,460.83661420968974,426.9629699664161
1638.0,832.1642605706314,820.756774709729
2054.0,2484.2168039785893,2594.50715258178
339.0,532.4079883241759,482.39541728002456
300.0,293.0567597402598,322.7748581639772
136.0,152.4488333333333,135.41276246618673
160.0,138.24285940883428,170.4706079183619
280.0,139.30432034632034,235.35387791947548
386.0,451.98012870362766,491.4010380900087
158.0,156.48231888958998,184.7037465066909
116.0,159.56832997413932,141.52903109722482
64.0,98.56818262297706,95.46891674088646
581.0,557.1948358651008,531.7118612348172
408.0,391.70046428571425,456.5625056815684
829.0,502.69504906048036,519.1223857976019
864.0,1175.933791795597,1375.3301228377534
886.0,765.498676892552,703.4530324141052
263.0,264.073754822763,266.86286368258436
1625.0,987.3988842787116,925.3536061228764
540.0,369.62664558212526,364.6630477714737
451.0,553.5580603089721,473.31650517823044
315.0,388.6641638372185,399.46536350676655
414.0,381.95375,378.05181404810037
123.0,118.4048482712252,128.52501093437027
518.0,965.8208165551972,759.46462367013
308.0,243.89508088511906,262.6074571908943
120.0,143.13339967448928,122.39628522264715
79.0,125.74803959276018,129.1859085131891
484.0,546.1205263738669,476.2385314562507
404.0,636.6322479997643,627.0825662704979
294.0,140.05204592140618,121.32836937614164
1137.0,1640.3082220960373,1471.677664833028
3796.0,2561.5880804798658,2735.6737492411066
76.0,73.69462378276364,66.94129072705205
520.0,503.4166262532929,565.5188909801003
527.0,638.1705885765347,667.3404754118269
506.0,372.06884031020354,359.4321758180382
277.0,330.19237255119066,334.0745120770464
785.0,782.8915387318921,767.472663636931
523.0,848.3445115717617,775.8261077876124
563.0,560.7716077642101,470.3073151235527
343.0,385.44983996321884,363.49081972965814
720.0,683.8485313020312,722.3009452047565
463.0,450.8937875816994,445.56254487901236
559.0,542.4550146580281,630.0688583300952
195.0,194.9930427838856,171.8655604436717
171.0,135.56396303673927,104.4725446303061
973.0,572.3520183712913,651.2781992385721
574.0,653.5394839708362,615.2330940589943
848.0,817.349636637527,856.972643654869
495.0,482.56972336727586,451.7324445622155
224.0,231.7745288926885,241.45604476586357
446.0,442.9143469030968,352.4151089596495
366.0,404.23761785046247,396.1778055241793
518.0,717.6993795167331,709.1506435538091
251.0,306.84813536463537,313.18886409096706
668.0,393.2028731993063,499.39056484654236
419.0,239.5535840886485,250.60509416222655
359.0,361.7678635161615,301.857416804267
1646.0,1558.9634675168563,1347.8036282571813
213.0,235.39079908022205,260.8476035302231
896.0,754.4928340943535,785.2115976287976
194.0,182.84098010887178,162.53043742007083
147.0,245.80844641170646,247.20570132650104
1425.0,1628.6805335633826,1653.0642411503645
3111.0,3275.939333333333,3178.359491492093
733.0,771.6609183767981,791.3259078574089
271.0,358.3421146435949,381.8990832594491
330.0,411.80457627067926,420.221094451172
669.0,794.9353607125886,706.3546102764774
488.0,381.0124705191018,382.4331226460476
736.0,528.9174639772743,691.2656129408315
279.0,364.3632845943514,353.74468427758853
724.0,637.7529741769469,746.227489466513
458.0,388.25610136383744,365.2322107573309
353.0,538.4922463288348,506.20722647204997
180.0,271.3568102857487,298.06617089886316
3639.0,2450.462300176836,2515.084373534679
252.0,334.0578732142886,370.66076040734816
295.0,349.8255862891135,353.7400066588264
799.0,825.6979990252968,865.0784543912184
2158.0,1378.3002859947592,1550.2666930724458
601.0,1017.4219226062592,1068.578117974279
163.0,287.36014096234476,273.46136392147184
99.0,88.82518951132138,89.31951774626481
431.0,502.0836245722127,442.9723454674
306.0,351.890890855908,335.88284114835125
345.0,327.55533581624724,318.03388653321866
349.0,396.00086517102835,421.0760644271866
199.0,130.26384550701994,155.60203403286604
276.0,189.60993670670408,199.373430930398
480.0,654.3138830382826,684.4620896835689
1256.0,1473.0472203509073,1465.994522382951
139.0,138.05868370547344,162.90244008186534
2966.0,2111.78035110421,2066.6931085118154
1049.0,554.632256240939,646.4015659463261
245.0,171.02499702086908,182.68968849126512
1055.0,978.8368835563946,1172.125704387778
262.0,342.70981705794213,341.3577653544151
1920.0,2784.6510158975016,2633.209139620722
4448.0,3346.4644603356214,3179.1117819769534
595.0,525.1153282600648,525.2038747779944
235.0,216.26720124271887,215.94192943664893
123.0,115.66119223690133,144.75602267311953
475.0,450.1360973022075,410.6562477295983
262.0,256.904641076222,239.737543880342
1380.5,2274.849032222458,2217.959936228792
57.0,80.04848545839444,86.47478311799809
861.0,837.4544165548285,776.8855339521833
127.0,81.3731245437569,86.56424273446109
143.0,103.5742141878778,105.26027756837136
178.0,152.22260265743486,130.94223697873795
87.0,83.6360144750592,78.31440470291491
2709.0,2503.534107142857,2922.473881992238
57.0,57.30269981321978,55.701860695663534
839.0,878.3840800509797,864.3087111380393
112.0,127.14284493178016,126.56010535486774
867.0,409.8326897200686,381.88450929364046
650.0,589.5502244038641,656.8988038078109
95.0,171.88661590647393,170.8873434312774
512.0,595.1385,650.3669920259814
132.0,87.06388644851883,114.38583360803416
424.0,398.5041099250559,347.09805791010035
65.0,73.21953539892526,75.48876859728855
721.0,1011.801811868687,1079.2252874484143
675.0,556.1078296489254,596.950218434698
1052.0,1654.16,1691.3202687617293
117.0,129.77701663500477,159.7889688135091
441.0,494.1492201986901,571.0897134674616
585.0,855.1560120620862,761.2744202706693
176.0,159.0594498446857,179.8969304575205
271.0,207.31282315027448,219.6315910310675
331.0,433.50912206733716,373.04996191884425
660.0,606.6937445795754,630.0688583300952
910.0,1403.3251615520035,1431.014941046641
98.0,136.6502324832768,134.0392655776884
913.0,743.5766560966651,693.9843088582629
320.0,611.908496040724,696.8327077347549
647.0,527.7503800046497,593.6679320926481
123.0,95.71258652700757,97.90403393027903
431.0,469.12139658980203,504.75197088534725
476.0,1083.4875676129425,1048.6731994774038
268.0,227.7472696674599,288.0377512062522
334.0,354.4047187397326,437.7903605789161
500.0,820.0375378825477,660.1888909262364
1307.0,1871.73,1664.1640410473692
2552.0,1769.5774037760484,1794.264809256161
90.0,87.14846606496216,88.91098198544609
2653.0,3459.41,3630.3925637646166
1556.0,1082.46884522593,1036.7440963856995
381.0,596.3787902132121,603.1197629251028
1051.0,700.4571727908062,675.4181097465181
188.0,176.33327083333333,156.10362927380876
157.0,237.51377102056415,230.95756754805475
456.0,648.2331279890186,590.0299827152267
1116.0,956.4372686948257,849.8641290427885
1705.0,871.0421989273669,944.9487991026937
1010.0,754.9139789252459,749.4988704338692
245.0,194.3902413265935,185.73745693614205
279.0,324.8513379474951,318.0037121293072
193.0,198.77766107435636,204.7139029774964
1827.0,1923.0821624519374,1859.6408458855722
199.0,186.87309408445282,218.9572546651179
87.0,86.12088924963926,106.11717691530241
18.0,36.501501831501834,52.34531325438552
126.0,266.60101327838834,245.79095221643246
722.0,432.558923440426,505.51941690882006
423.0,289.26256284962597,290.4128497612218
1047.0,852.0742191556842,897.1329293067213
538.0,628.1641373674352,696.8674025765647
357.0,269.37416313236287,276.6114820235852
1291.0,1453.8303177655675,1488.2845581200277
725.0,492.1854588677832,596.5017316891093
1747.0,1657.58,1527.0910483072917
1114.0,984.3772854630146,1034.0169619498838
2260.0,2485.014998839568,2265.421848551684
388.0,300.9858270735298,339.30161099126104
95.0,176.12308170480813,164.55984671817015
226.0,454.4250484543625,452.93789617090704
53.0,138.73764715956688,110.00609405266133
690.0,640.8992220068985,579.5620976719465
449.0,417.50242243495427,450.2411401249931
778.0,539.3282897589417,533.0048213642908
460.0,366.4867484109793,353.26814867808554
281.0,336.4520068033695,320.9306940571194
289.0,287.6654321563058,353.1657453773364
757.0,707.8941786947466,761.0575376059805
142.0,120.38529454628477,159.3172598814442
185.0,370.5266904761904,395.54329111243055
271.0,213.39164001659356,294.8618672382484
324.0,441.46108513947576,422.0368898553931
274.0,263.769835223427,266.2707864463014
787.0,1022.4008340386364,990.2173557868934
624.0,513.865392714567,580.672154105236
1056.0,1912.9044608202355,1816.2929879799028
129.0,134.69732573536908,136.18822137903274
758.0,1152.04,1163.3767487663995
371.0,280.95,309.3672233864592
297.0,550.5899265719813,406.19808857696796
39.0,82.40793181818182,107.77249699020174
231.0,286.0114935198971,344.5814163121081
81.0,124.77408199987147,116.46214069497233
532.0,726.3413056797466,824.4725765017714
114.0,242.4981323666535,195.23121335741263
743.0,561.3323470640212,512.9654966254727
930.0,870.7619076190742,805.9478638675398
448.0,457.1740501075113,475.7050839598193
290.0,218.4118174599624,252.36506896787503
3511.0,2402.1833333333334,2487.4744718897
271.0,149.72470769775586,173.74434388986953
209.0,166.65567197718818,150.47625530854424
521.0,325.2768587800776,347.1074118940732
282.0,221.12333492448954,252.4435507745422
213.0,280.3930699023199,298.98573576805387
198.0,268.90592534396103,268.0902356859757
61.0,46.28955952380952,59.872157371832415
541.0,575.0033986640287,529.7846636843668
38.0,86.13970810841205,91.12076595624606
97.0,154.44188874617578,166.36200343896803
671.0,413.1321520269652,386.9749138799586
512.0,399.64787035267875,352.70290407492143
1350.0,964.878613446266,895.8965925275946
193.0,312.00250997059726,345.7483107126816
401.0,399.1385416666667,470.6127505649401
1735.0,1878.791937389494,1778.865923535246
103.0,156.20905374318366,146.0181091237071
608.0,670.1999519861611,604.5476944957948
359.0,516.6009170151314,590.124978814286
138.0,232.04936798286545,190.1168500834056
71.0,47.725919246534865,53.836683953327686
976.0,1573.9757782749462,1598.45437045992
259.0,203.53819705594705,205.14828786841124
4982.0,2779.8815119949495,3042.713347403531
185.0,138.18520553070542,128.54957877235094
433.0,541.7497825402567,540.9571276939871
1060.0,1039.6250745360499,961.5194633150167
966.0,799.945132998876,779.2181971596966
332.0,257.93090476190474,268.22745744004595
730.0,665.0730936255517,613.6379010896727
859.0,796.2291637386846,800.6507803772729
1176.0,673.8328194444443,805.3530890295873
288.0,352.4745789042052,346.7158939474617
189.0,179.50024055021706,168.44240216242267
836.0,1534.4855617761789,1526.380801031845
370.0,574.440194502522,565.9653146369759
1611.0,985.0421580209689,991.9257554307152
218.0,368.09711534419023,348.97935712995013
147.0,220.0148347394587,230.77283510044884
150.0,214.62897859178736,183.94595693602926
1815.0,2055.1911666666665,1857.8976906245025
938.0,805.315287497225,900.635830606876
3751.0,4389.59375,4249.014163683071
583.0,538.5569997280073,598.891996487639
225.0,327.93693029611734,334.3672248342361
1936.0,2951.964499007937,3620.351271377465
1746.0,1322.4861855169213,1348.1617720639786
478.0,587.3569766879908,485.37839824801694
404.0,232.34823841716275,246.00137263911998
500.0,333.54628768514783,336.60120878049713
224.0,213.82730176823978,162.33200870813542
477.0,376.85677396911416,363.7661808208417
447.0,301.0383146166698,356.71534657177205
828.0,837.3334236321473,814.3208368800761
969.0,629.6779682539683,650.8031772373968
1302.0,1346.9813615321473,1307.0398194105765
313.0,534.2615275919733,508.30426154872157
731.0,705.8672504240012,694.419618705706
563.0,521.2063856063197,617.6575330663288
500.0,582.1166242436707,537.5757648156502
473.0,490.7616762360878,567.6465001136709
314.0,438.6483631097295,387.75436116649433
95.0,143.67276546982433,118.23230140455611
1830.0,1802.9310662929356,1549.364027910711
473.0,473.2055332056996,461.4782785483955
310.0,398.6336680662738,420.2490081540839
130.0,183.7655446849319,174.45564427197962
1482.0,2700.709798094471,2611.7248401317393
1322.0,760.7199081167762,716.9911839297624
672.0,594.276335562791,456.20594156244886
787.0,1322.4040934897484,1405.9388117840529
77.0,110.50165383146786,101.14776999271898
578.0,431.31967896645835,439.2851956004552
609.0,998.8148811679514,1005.4659924165632
15.0,21.721078277278274,21.35427196583163
204.0,282.43904271867274,365.20464970402185
764.0,1282.235269103771,1080.5386930649856
1712.0,1658.917212132779,1543.5678047933939
107.0,70.87001046665752,53.640968604328286
382.0,407.90581627251345,443.32114235469754
179.0,333.0154295628877,259.5746599189045
324.0,589.7038389852155,533.2682500339558
187.0,264.347537062868,249.2218815644304
200.0,452.0053994708994,244.58240563472344
51.0,58.06373535543405,62.80456612960636
756.0,985.826527777778,859.1486865406301
281.0,222.56,192.62062859438606
344.0,315.4486085761042,321.0111846530612
1438.0,1688.3340037593985,1712.0724824269091
522.0,525.0201215349949,623.53118864045
409.0,420.415269891041,395.8250266985155
445.0,552.2240487032627,577.864765448145
1652.0,1694.4544520664783,1436.439760480846
696.0,702.9625107121636,681.8779465229154
158.0,313.5580229378409,345.36964787030985
234.0,366.2507541960715,353.1098473970231
1354.0,815.794042106146,802.3102220267541
2530.0,1600.6712604025745,1680.9914137335816
216.0,401.26125100237056,356.92264685895566
142.0,174.59280745341619,195.0874401646774
359.0,223.06281099605326,223.43571224400137
373.0,433.1900279437613,480.9606818570164
18.0,25.725049171842656,33.789038689093104
133.0,161.71972267892664,179.13719846641413
1192.0,2865.485934166981,2745.3824023451825
373.0,321.37698990802375,339.06456137316746
275.0,215.20326779301206,198.87170512387277
631.0,395.2928307214368,469.5528968749085
545.0,335.0830242047557,329.4967614772842
75.0,120.2668906443966,119.84067015713778
801.0,887.7111214760847,906.8658802180685
708.0,896.825187134535,912.6508435476271
231.0,217.83578905693105,199.29296042104968
605.0,1083.88393839041,1038.951408321923
264.0,257.8670511234261,392.3612142577148
2436.0,1356.4204659915247,1268.8562184868426
327.0,523.8083251016205,591.9819532994426
995.0,1240.0227283501144,1164.929951654613
117.0,105.50916058426328,112.80626902619896
234.0,224.17697568396932,236.09737851901014
701.0,557.9244219963131,489.5692000627601
601.0,935.7052216608462,987.9112190487249
1384.0,1430.2201785714285,1614.0809833161952
1239.0,631.8455560994561,778.0155830394787
28.0,33.993480846518466,39.57577359836077
470.0,407.1260306762658,354.699300509649
33.0,33.70335035870561,42.16700108129
80.0,65.5519658119658,71.82990877272024
508.0,756.4473656343656,641.4063237802721
124.0,147.95924031879954,192.05273422203234
82.0,84.93124549460804,85.90397977212164
1342.0,1450.1075643380618,1527.9573253444048
808.0,506.44650810154735,508.6278512657431
356.0,364.7036252577284,374.3087883790663
201.0,126.63278100622308,163.3184393351989
3361.0,2000.5,2219.6701517263236
145.0,164.6903700874289,154.16334776530232
137.0,162.38557469884373,195.70950487273336
369.0,384.84961848947046,411.2999726949002
1890.0,1997.976122782446,2071.5442868479436
215.0,294.0635176213672,270.65424683470377
369.0,199.57880762824513,172.78499997388184
127.0,216.24487449937976,218.8959271225301
292.0,254.93782522916328,320.87419782555446
279.0,402.49800015986204,392.65247281444806
2825.0,2956.3687501083496,2871.2137888985562
422.0,448.84014285714284,484.9525668504692
1485.0,626.6792766737644,567.0259906623482
98.0,82.728,90.47889700186391
277.0,221.02339370678342,260.3774522921156
99.0,129.13224368197652,122.85853622453587
588.0,699.4879831731316,678.7821901609594
239.0,209.27828113553113,196.76731495199186
1995.0,1489.1876126549787,1504.0714534080932
285.0,308.8490186072052,281.2534818738714
893.0,884.3412041409479,816.8318388123749
545.0,711.1054630904572,650.4193300565038
285.0,594.7745143755841,638.2949528411953
521.0,608.7849124241641,547.299837678223
1293.0,770.2979658874756,786.6014703094637
202.0,186.6023025739799,221.8056693857414
803.0,854.9924673501414,980.4363441390179
992.0,622.7047688681745,623.6782896198473
567.0,462.83856675953655,583.654271097826
308.0,287.4719371426244,293.6888617908786
990.0,787.4868319148031,838.0583633992106
1668.0,1524.0904482836993,1569.6181486586067
1015.0,585.5711427317289,582.6472723083391
593.0,547.0551757388265,511.358822558362
15.0,26.412924613652294,26.677680840325284
23.0,33.82358508158508,45.41458218737415
60.0,60.31187385794282,63.854576696482575
543.0,346.7316357938274,400.4419029936046
92.0,139.5626552444888,135.84209219483418
2245.0,2820.9441505412497,2783.6474620509553
424.0,762.0355742728289,781.9308899662877
71.0,53.14067063492063,77.82688979357381
715.0,712.8083306090281,690.2364453613445
199.0,213.7916344241465,189.7733008198158
595.0,1277.3475415303433,1199.9048500769122
5595.0,5626.92,5897.1282154728015
194.0,287.4276048568048,251.18754669861497
996.0,1572.887011904762,1662.087763883569
1876.0,2172.2398002645505,2200.4859009288375
316.0,519.247381993196,468.24942263167395
3548.0,2488.4220011147872,2664.190278415533
1204.0,1417.54,1515.1244191315589
79.0,117.16577777777776,153.81567183054437
79.0,114.94438219215426,116.37865930161529
170.0,330.8239516248528,282.78408585513773
1071.0,705.6263368951685,734.7127619728627
442.0,454.7350554204472,530.8225892301854
306.0,219.1458671565362,256.23763101443075
212.0,230.14808113737953,222.8808570643289
58.0,66.72804761904762,62.56864565871653
438.0,692.4442715876193,527.5356533991626
38.0,32.47172259757786,39.208014144109185
353.0,317.59596932091983,295.8479954346593
274.0,232.16028002699056,190.56494195826406
1211.0,903.7513052314475,928.3414813348812
2490.0,1406.3314048532804,1488.4579208363425
610.0,649.9794275275103,658.5853374058737
3060.0,3180.18,2863.1385203879063
489.0,599.3617498488886,607.4254975894065
108.0,121.66693182880783,117.77777877989125
222.0,271.3641539588579,268.2543335057165
501.0,499.1540324368614,518.098273088127
276.0,396.02980046649986,359.66411504376407
351.0,279.09122626825894,286.97368044821457
429.0,525.9287470865752,530.4337783489997
314.0,553.5970743887273,519.9651353875478
415.0,319.4590427795132,369.34642146701844
793.0,750.2978755993113,716.1782417467443
3316.0,2431.7450355255123,2576.949573449379
414.0,561.3402537364595,514.8698945207308
710.0,694.2060887172215,658.8793547279673
124.0,126.1862778123084,129.40760801683047
253.0,423.66869957319943,366.1409604455039
387.0,240.7679550356405,255.30667585885024
1210.0,2889.32536217051,2842.6123716488923
1057.0,1015.2741005291746,896.9227293392396
1058.0,755.3599722809242,728.9935090700052
399.0,598.1445064293544,610.3013582659456
122.0,112.89821084901172,97.31541675864787
588.0,771.1115976103418,807.4401540997809
367.0,538.3582128486702,470.8942563473019
646.0,565.5825575349777,596.3844842971183
643.0,696.0508448621047,703.0932814024952
1701.0,1645.7082894736843,1639.0216638175511
553.0,742.2605894125483,734.1858608794555
307.0,292.20719932469336,319.257774434548
457.0,515.6660427227497,515.2723083291847
269.0,332.32010434499375,310.54440173896074
724.0,903.2691336174423,833.4254356761184
777.0,889.8731549707602,833.9895317834802
577.0,887.2334747147697,837.6465638013287
125.0,233.5094047825069,248.19741410662658
1746.0,3150.77,2864.8207592924696
811.0,1422.9421095809316,1469.0182393278724
190.0,236.43508215373396,216.08318386307144
768.0,780.5601397584873,886.9991185498468
105.0,144.72242926935368,135.34525188068375
389.0,272.32290626423105,280.56840725229176
349.0,235.99231704527358,214.18104081411124
1160.0,999.9835437948195,985.2751331191794
350.0,368.1844169379448,425.3562039159411
655.0,846.8718995410047,821.6488429907658
32.0,50.338696341088905,32.86674147145954
354.0,262.0274534973012,284.22614992373724
392.0,500.07267367373845,482.7782246133581
475.0,752.6627035878123,782.7167627154093
846.0,442.05956583264094,490.34660188462385
373.0,393.9770158042858,356.1986322921575
412.0,370.45172139108166,343.8456898661186
194.0,233.34517260410624,213.97847154638296
106.0,84.18663466967813,80.77922487225433
49.0,43.97331411399058,52.27083340384501
593.0,931.0968648917063,954.2071682186487
610.0,766.0203823680151,676.2582144158487
246.0,207.2408544559207,211.61120811780174
145.0,138.34299800672835,117.08560719766912
1415.0,1197.9576945970696,1173.1463102740436
201.0,190.05362660320574,229.522228401075
251.0,230.595795038918,225.46402234215415
245.0,176.16217095998513,184.74591738734952
384.0,422.183883761361,507.56021954609275
293.0,315.91375216312235,358.99119356461847
1464.0,895.5906029868615,1124.8651686943617
175.0,264.5920268004773,307.01299904334047
997.0,825.6751957986743,821.671739378421
278.0,539.5075236084074,472.02517713800097
244.0,281.9072345609343,279.54257723108196
333.0,274.5545043890465,305.5303283192632
379.0,416.45061993235527,401.0264860611167
300.0,209.4039452352871,194.1305014724429
654.0,1164.07,1104.33945608733
531.0,747.4685093906596,757.2340446694828
109.0,137.55327371191444,148.62790172677043
435.0,643.583989146848,671.6801548534537
586.0,816.9449612948206,838.8371526191809
557.0,558.874249380156,458.45907505968484
510.0,664.0923438988804,527.0901972687758
3323.0,2773.299908491267,2455.2817408434294
466.0,368.685,339.4932697644231
805.0,729.4993805016509,773.9299327734805
372.0,554.0205047057585,568.8439209246261
387.0,596.522764241413,715.4486131977056
1060.0,1188.7714952950519,1216.0477261002657
205.0,227.60110942562162,225.30673006124286
902.0,787.8087521798416,797.7191898459805
240.0,188.67327735137886,181.44218479997045
364.0,361.1180566951422,335.8299362513396
737.0,1113.2099323733084,990.8042550820379
664.0,546.6763613617427,648.3252714788106
1064.0,627.2712639133468,649.8039291535143
95.0,86.41504121042357,118.085752391651
692.0,868.1756485476888,839.4274133233099
1581.0,1372.3935822706705,1363.7311670845568
726.0,728.518002444778,787.276823582976
1239.0,1674.2993847738242,1776.6573395241016
83.0,107.02569694487391,114.53171661068973
1293.0,1206.5943625505754,1107.5676230121787
444.0,447.6622367314383,427.02587134088253
581.0,435.86153973232564,430.8135626955655
777.0,328.63453490900014,430.5166902640793
42.0,63.914989145658275,76.23376246758339
512.0,506.84320359198216,580.0288430580224
226.0,225.2988654122374,237.90393465203042
489.0,646.9046003052504,667.188461149926
179.0,290.1502872212146,263.29794449817115
641.0,716.1759717464972,660.0260330121594
363.0,366.4169282008848,407.09279610555956
274.0,468.7473250021924,470.1306935418615
158.0,172.28069506089454,178.8961313086027
816.0,720.938226572072,724.6532093185622
501.0,485.3491333298017,475.28038431906833
294.0,158.3698290006235,162.96445723940806
85.0,53.193158483776294,67.85684018326134
439.0,427.6561366071884,419.7166265696687
3840.0,2541.830734264806,2584.5038345383828
825.0,714.5988920547472,745.5224235630672
86.0,127.16224827869394,124.83478949126294
81.0,56.62229921059334,76.20081411865887
901.0,941.1414372294371,930.3872236533412
1173.0,1150.865,1205.0957671795557
527.0,525.7439961111396,530.5497816268983
161.0,291.1709372564755,265.5738125549241
456.0,323.0934720599922,283.3923765278496
708.0,558.7505462733222,462.7767402357678
135.0,227.7035008599619,206.45168355317796
759.0,864.0200597326651,844.3579378857372
163.0,141.645469975544,122.39628522264715
220.0,347.58931431461053,346.5411466852653
864.0,579.1931633550096,598.9467636375094
1776.0,1540.5094530480937,1799.7234852233184
307.0,586.8822416068164,599.2888243950648
309.0,369.1728435985805,332.29958725292516
124.0,150.28178963142548,143.59422541418496
3393.0,1857.4206666666664,1994.3727563580587
603.0,464.8114371987662,531.3300266814084
283.0,194.0048769566552,272.3839312185765
91.0,86.99426911732581,100.92077875658276
389.0,354.5236731185481,530.6814679324544
92.0,102.5043889099511,103.29288660385129
889.0,1300.5878534103836,1252.8007201580663
455.0,611.2221970032399,588.8617621508537
3043.0,2763.882741596639,2762.72378078258
628.0,548.848666154854,521.303057644612
995.0,1253.5888860247317,1156.4379096268
134.0,137.5753911704934,162.65247037048277
3157.0,3277.83,3252.0455642138336
540.0,299.28059800132525,295.9457875644581
712.0,783.446833573681,697.0785628226259
1826.0,939.3309447627533,941.1956240911387
123.0,178.52823053143638,166.7979598822479
671.0,838.5954839045206,844.5601896006231
145.0,137.4586399729085,148.16591651052218
885.0,575.6406195038567,578.8840864242832
261.0,496.8333073164626,450.43411353689794
2903.0,1645.4261541448318,1413.7440632641672
345.0,365.37438883962983,372.16512481153035
189.0,153.01437630392041,151.76138202481445
273.0,301.567584976775,280.0340334876691
1006.0,805.2533500912409,836.5008842762911
1793.0,922.1456029711773,874.6562539668164
368.0,550.9815787365534,521.303057644612
529.0,594.7607489476363,621.6191378533556
211.0,180.7867279220291,196.55937943152938
833.0,709.6975043445168,634.0171520807652
586.0,512.4754432590395,568.2583348008309
229.0,186.27993823512398,182.63689425052925
2609.0,2897.1190139923083,2984.3535983673614
1465.0,1553.9920478137992,1153.0947520427205
267.0,388.23268120600886,321.15827437764955
837.0,1018.5698423012461,1083.5788311600786
1877.0,1669.2341125405949,1828.5366040283097
422.0,364.5510976233734,400.90476720998583
745.0,673.8322619038495,655.4194224000572
456.0,452.5121421729611,372.06966182072586
396.0,266.0185881560963,266.86286368258436
1290.0,963.0237523767083,907.6710219810664
327.0,330.30729701996546,360.1401223817677
41.0,39.465611380449616,36.46587010545782
501.0,372.7025852801128,405.5950041982091
154.0,176.3901683688424,157.83068667610243
461.0,333.6366867165439,300.1441844629239
566.0,325.74816074842425,327.5207027093072
115.0,118.08101194936734,113.79008559083712
288.0,216.1817591559088,243.44472759633834
225.0,205.36739561650904,151.6041239996086
164.0,400.5154765512265,339.1769262703243
397.0,412.68073467073344,317.57986199040135
347.0,216.3935344904742,241.6791569383218
457.0,288.4290135281385,344.5312107813932
1144.0,2185.355126984127,2337.9945397278075
193.0,210.10136324714804,207.4028154640366
208.0,209.6988848039544,211.99061549492555
163.0,128.9995409628498,137.0134403559331
1386.0,1330.9961456656672,1317.747805224911
551.0,426.1125278593042,445.66221627984265
1291.0,1005.9510306745193,1055.2541680608367
485.0,320.7493153341458,374.08143813096035
2234.0,2957.6028179080504,2816.8587018677913
290.0,389.23960822855855,388.22401073690315
438.0,370.728642343849,386.1360490374045
174.0,141.44506065584244,122.39628522264715
219.0,173.30664202022982,182.45719994805128
289.0,285.0496216482489,306.8149586839777
147.0,288.8251750916355,249.23048077793632
120.0,180.30569616605268,194.6893428044527
927.0,1153.8030834907427,1092.8978374483918
288.0,312.55613869463866,211.6048683230217
2444.0,3107.89,3074.6018214584656
527.0,551.6107063492063,513.219346852215
910.0,1041.5781256266255,964.5269544054879
330.0,236.28845640716725,240.3842310285127
568.0,651.400045751634,866.7600317752324
244.0,410.1021107361754,395.6408423851407
597.0,350.18388532879203,326.7567457748709
762.0,736.7202093170658,686.1698575638527
489.0,477.1302391456582,475.4770401756831
71.0,76.06534879499586,65.85955354985724
174.0,299.54540059940064,217.94921416990525
328.0,514.3366119868189,474.51014810173103
385.0,503.3672347596933,483.3470822844276
153.0,108.38366387672768,85.84762159376392
577.0,698.15270273629,706.5562210579747
242.0,124.22051833492216,131.15592007810042
472.0,543.9702777777778,556.3065505548398
622.0,760.7553130787638,810.4817273409346
527.0,708.9947512100944,718.9778202042173
70.0,118.78794583542573,122.1926717557674
1502.0,1264.6495228758565,1249.970796930373
80.0,136.43384357573638,113.08586614088765
1418.0,2024.7074373894939,1835.7041082660612
363.0,155.65550791012825,164.36470280281688
336.0,242.6845963357398,291.3721296789775
1247.0,1924.270057692308,1923.1908471472634
72.0,74.64856027306027,88.39759430329582
427.0,408.7765971540355,409.4411088002523
1232.0,1402.12,1522.4022197154472
439.0,333.9359634468237,357.5286071099529
1161.0,2087.2033095238094,1925.1434489755611
2001.0,1781.7513547008546,2109.774089773148
320.0,248.29588145063778,222.45229609402267
248.0,257.61616921462087,307.2022949270501
229.0,275.6489973466923,270.54778676458466
861.0,1108.3455930990228,1093.924842619859
169.0,205.48287179884028,199.6407278393826
99.0,88.30345098317386,91.9288099921211
420.0,371.28323704686125,453.88243012394037
1105.0,1920.6503333333333,1906.892837312217
296.0,273.73168770493476,272.0988283308295
240.0,366.25564532689526,320.424457652815
1013.0,1108.4464992868147,1111.3046761587975
862.0,1204.3390782121344,1247.3251784518363
1000.0,1276.326639039832,1216.0527657161344
502.0,705.6629913001783,703.3762688604644
1967.0,1058.0930786100207,1144.5063522241903
631.0,539.9345317427552,508.9825037066206
340.0,408.6729292006715,504.32337709997563
418.0,529.8961378792234,480.88579309813895
44.0,89.3217961891405,106.91077783014785
889.0,1284.9686424630322,1306.2532088015512
385.0,413.09713779805236,386.5282487954741
344.0,429.0660390839966,400.2060233302347
82.0,112.89179711056917,103.76687320548695
292.0,220.18352513611234,212.17678872184638
135.0,141.7641357639693,141.74568909506237
252.0,484.32490310539174,474.4593383287823
1364.0,1406.208967135325,1358.6009004759055
439.0,334.28713217009556,338.2527181182608
867.0,1105.1987008010242,1138.236933441607
1366.0,761.1681284271285,900.7576211946822
127.0,231.23226966745992,128.0642531979711
332.0,394.48421836279107,385.59843648561286
572.0,479.32374954973653,516.8901123368705
1427.0,1542.1010429447863,1506.331977289988
818.0,521.264493994127,577.0671785469403
934.0,1286.2456463903743,1320.6339143950609
167.0,136.59196376189408,203.7319313611826
1714.0,1882.8079612128865,1969.5181068259678
478.0,822.1324839049839,786.3385251915394
78.0,104.68658166698474,93.80874821726303
108.0,135.52773462442204,157.58710133566342
433.0,737.028683960549,732.7200322240267
397.0,556.3866266788766,571.0321161410836
395.0,606.8871924847754,650.6438136577783
145.0,110.9401359062036,136.36067861622251
115.0,142.4589322089947,126.07566380452216
1338.0,805.2577610676364,945.4329098516985
1480.0,1775.8252352092352,1986.8648545511835
799.0,1117.7211528972211,1180.7726915855862
521.0,582.433468864469,719.060822747388
115.0,142.57804780157073,122.39628522264715
151.0,138.6319164399576,164.09444109467537
331.0,384.84375,373.9700626022885
567.0,709.7289791356145,720.0055722914988
435.0,395.88910278902387,436.6861012111135
5728.0,3431.65,3947.578489514475
488.0,302.4645443722944,347.2138935452272
285.0,324.3575687511448,425.90645701266834
99.0,129.035433813825,142.0661848448698
77.0,115.31662153137921,108.33866606108107
690.0,566.3036747351747,525.3163302480655
37.0,73.00466666666667,64.8823217639488
1125.0,752.4655512133271,884.3867640296579
65.0,108.33943115528265,101.4159488784896
157.0,154.724486989137,155.37699289628148
96.0,106.14279120879122,95.65303809269811
444.0,755.075303117137,807.4271452478844
251.0,253.31744659956013,277.9293253267587
566.0,558.5094353339856,628.8355008497205
279.0,393.6450052221407,428.06816630708704
299.0,314.2649687491868,334.0871886909052
385.0,257.41406154094165,271.5482557461189
32.0,37.3099280255692,32.08406710987134
1025.0,950.1112196969697,1057.4740992474958
142.0,234.3539162329253,225.46402234215415
783.0,701.404,699.5159966184146
128.0,147.18670475978755,157.2524023614432
149.0,244.4161789456626,237.02085376254257
142.0,148.8121541542952,169.76275970400175
446.0,850.5294239094238,831.7661916125103
485.0,420.33211122820217,459.6356138548149
500.0,623.7133071954927,766.8505096959997
769.0,654.5250538586807,700.5358425649141
41.0,44.485734197533965,61.31694633410291
1084.0,1208.0036413626967,1285.1216660545356
1612.0,1291.9167815349242,1275.9733027597294
430.0,568.7498243256742,403.17369857401786
311.0,333.1095245958929,309.4121639093344
238.0,230.14961798286546,196.62269497451192
2004.0,2296.5995984848482,2407.9963428533915
254.0,275.43754121414645,281.4380564753686
325.0,313.5057142857143,297.7007640210984
452.0,471.3124474427072,437.91730984664423
110.0,92.89243782006434,66.891704296183
1815.0,1953.7514492753626,1748.7269009637912
189.0,321.76562491041426,339.72145117701433
3147.0,3083.657929113299,2938.161794622711
476.0,287.4371595192893,391.97064564732835
307.0,518.2021024531025,625.3781689844776
364.0,409.9897376717131,391.5801818319077
111.0,113.03031821837833,124.71872850161604
542.0,485.42721336996334,415.6483040158546
693.0,738.72585129029,737.0401116948051
146.0,191.8361969114189,194.47466498985386
88.0,101.39065803895977,95.90948977662048
389.0,293.7512773449412,303.79483257585036
1257.0,787.9836028568699,790.041302894662
646.0,362.4004879303021,324.5810392009318
373.0,620.2097792541238,619.5822054553928
69.0,125.29670892641269,110.47762144142101
1177.0,496.7609586761415,467.0129784452185
368.0,492.7822405200916,511.26819937274576
111.0,171.7079760564513,118.31678376581723
576.0,490.5048508501303,497.7109016781378
639.0,527.3993843370903,570.4708379405444
308.0,654.969079943514,610.6482408223726
300.0,324.97689278667787,257.36995498631325
573.0,849.0872950937951,910.3643141265107
203.0,256.1956543509796,246.06044400082493
1317.0,967.3185585862404,932.3355798217247
536.0,1024.8128048394258,1000.8923622614634
499.0,1042.6814847012386,939.1888836878655
131.0,139.52055144249368,138.1711040676033
1638.0,1500.8592063492063,1282.4125561259664
712.0,468.42874678740094,483.4577392090327
297.0,486.49332664902124,479.68431209486556
580.0,685.5818931897077,765.2516346961352
586.0,382.55544591397165,404.8094717734105
319.0,302.1421498233622,283.3658118167181
222.0,397.0762130515683,394.3263871075845
282.0,342.20445526176627,381.8218946199352
166.0,228.54572726423902,227.7867840850461
685.0,384.9068276412892,364.4933222129035
505.0,592.3037269526897,552.41387312262
1382.0,1130.3271118038115,1081.7225986889728
398.0,260.50089390266595,254.15533742569562
815.0,894.096369838395,747.2603522296
547.0,628.4248170571307,504.47875452390554
1542.0,1498.035813313223,1520.5526725639895
308.0,220.1999227869831,232.53741590361682
118.0,79.01387443438912,85.64579565389336
241.0,283.4537803890389,317.0055977569879
873.0,563.2908186027057,499.4055912319801
412.0,493.01708495202496,477.7783624892671
1120.0,981.5751460468751,1009.148663271889
720.0,829.9801843957853,752.8659358497194
2232.0,3321.05580134841,3103.6267651961334
166.0,204.10149030814503,195.00100306397547
74.0,84.059373015873,81.74384123810476
1187.0,1075.1903516742707,1135.0809683564578
176.0,158.72436070252903,172.21639697549364
574.0,781.2695907272097,700.8433117944129
1603.0,1687.3255901024595,1539.268905494255
434.0,462.57313551900074,431.46685521739045
364.0,441.50379496641165,515.7549758028345
696.0,566.5841449780562,554.1449381578544
29.0,21.108433493661188,17.99933845967615
460.0,398.4701881103584,408.6023373877754
2188.0,2376.2813438627236,1770.2260010197408
607.0,538.9892467481889,533.0048213642908
263.0,211.50210400231208,192.92342344356595
56.0,45.842388565457526,51.998139472380984
509.0,534.7058458582612,517.4361766474454
350.0,388.608892460051,399.8354713936607
890.0,1664.0941076596935,1504.5093172849001
48.0,42.70680952380952,48.15634976216233
101.0,150.3638454551605,131.5955268990743
50.0,49.55403639403901,62.372190725071995
166.0,205.7101452002528,194.4258242019717
347.0,357.29108746098166,259.5851651729778
1415.0,1316.0524703998055,1293.5328423645133
470.0,377.16842333284717,349.8968772344715
1604.0,1106.8296704310183,993.9558248569278
2007.0,1515.0563428599912,1514.9286241389677
158.0,138.0350115654935,131.5771934243175
2388.0,2671.517182564168,2679.485152153394
239.0,212.8971552848383,227.01185616254944
2074.0,2456.519288547237,1981.2321557132684
318.0,368.27,431.1931143188802
124.0,194.75400681120564,148.74555258906338
479.0,753.3450742728287,685.8691013134076
1148.0,928.958792988287,885.0512499290303
62.0,92.10700377984773,92.63097226712841
538.0,527.6240498281103,526.5231608841409
1084.0,795.8268158086767,718.423061015453
615.5,462.80648875375283,532.8985515322188
329.0,410.9537663158634,423.5000448380676
70.0,101.96626638587591,132.95421318169855
144.0,177.95762816849924,205.28956583077272
150.0,133.52991047307955,131.7755845227595
329.0,180.0698761371759,210.69052689627625
408.0,356.19646305734886,373.76755734922034
1038.0,1537.587051635944,1541.6236018884806
594.0,773.313114255642,842.6350664895011
409.0,426.1892340685796,405.1613986915397
665.0,905.367610375755,978.9218916693932
298.0,527.0367651853073,542.6448593284432
400.0,430.9917679370802,501.3418082336382
1651.0,1823.7582164502167,1776.1231492803506
355.0,336.87787272207606,305.52916403996875
444.0,793.5303435592187,769.4717705821267
276.0,184.48474773267338,207.58794904725582
1568.0,1943.572630952381,1731.7793540303744
180.0,163.00683019760302,162.35935232638244
289.0,575.6325409356726,617.5306871119906
138.0,143.77343274874295,170.43945902800783
2241.0,1118.8309697107609,1216.4260053136745
220.0,238.5365803016695,229.08415779062713
204.0,209.09373036093638,203.67851655394102
324.0,334.6780019323893,324.59624856101897
248.0,249.2459013508785,260.1713998746688
424.0,320.92771770983717,278.9367757623908
527.0,1123.795703731613,1032.6730579332473
676.0,1016.7817653271221,1050.2848955547506
1092.0,1621.3717877981858,1468.3366595862976
1045.0,893.3372686331678,849.879937078212
847.0,932.9971245828988,875.975521897445
1232.0,900.2914940794499,768.3180241102103
1057.0,448.1652982760095,471.2580508462825
454.0,595.502514408237,627.0689018197546
368.0,153.03861056169487,168.38456255977766
290.0,269.83121031405204,271.3029243620796
901.0,1521.808999474391,1531.3498908026008
428.0,511.29125789962166,607.9047078351556
642.0,701.6787584953881,690.4086595623259
978.0,633.7063056630436,652.1739103836551
5105.0,4967.06,4838.205509324581
273.0,356.35690752652584,407.87092298932834
500.0,329.98259933571023,307.96700820032646
1134.0,972.44752729817,983.8013139552694
209.0,150.33899960967995,187.31975828938647
176.0,248.4542825633515,207.93736723932906
802.0,923.5664891774891,923.5397620364872
79.0,149.66302784389697,140.11307457192981
113.0,138.9141874279391,120.69193337031002
1452.0,658.2733431951447,728.5939069850938
749.0,748.5752827216596,830.9597220255771
400.0,427.63825503286034,384.5390409771126
26.0,37.11766992802519,43.360271080440505
334.0,421.9355174579381,382.7778220393147
79.0,79.36557753500142,87.82434639411994
98.0,112.34415268645955,111.84965461642697
324.0,328.6394479818696,315.5599196791537
1744.0,2638.1310601213727,2613.003897029229
218.0,205.76123209098026,223.27740646432343
1046.0,793.0724877622375,828.4866321534529
463.0,427.14876550912334,476.5757586494997
353.0,318.39753571155984,246.14436166586702
86.0,123.39733333333334,171.30824592103167
229.0,230.31363442008924,234.74526515833708
735.0,712.0880606542203,642.6201353266912
1354.0,874.1564479085158,906.7819705638312
690.0,667.9795239213443,688.4692566151897
432.0,538.0916730212468,511.84302956231403
406.0,497.22575041651305,489.2605863502259
164.0,187.33747645950538,187.6468042482651
466.0,291.13613468186327,324.65643578420986
27.0,35.28603411938938,35.04886939526679
1043.0,851.7631095675773,932.4854783552618
469.0,814.5456284279328,678.9449869694682
256.0,195.61593085261097,200.46508348629484
548.0,815.4895705900988,767.1191684320422
688.0,894.6374797078137,856.972643654869
162.0,379.11558596337267,386.27751785141186
192.0,205.8498717948718,225.46190545015688
787.0,1421.4800151515153,1394.625317291924
340.0,332.55,357.3669730720186
563.0,415.9721318144527,378.7234281467642
32.0,26.437392650796056,36.29748859593029
514.0,534.2075512147893,680.1739726435139
2943.0,1745.7340271607047,1683.196645486851
1132.0,951.6878460232579,803.521345750521
84.0,152.1302803574715,108.30664269322361
1473.0,1328.7501960901393,1325.2947322636219
1958.0,2438.101166666667,2496.6459808139434
2159.0,2351.813251391466,2488.189865863428
1356.0,2238.28417186271,1928.9376203858385
514.0,362.440968470961,368.3905598994863
1830.0,1566.944707919278,1616.4884970807323
72.0,123.45982038863617,100.57612099637008
240.0,232.52851339339148,261.73066027993644
1142.0,931.3096595186311,945.4411168840281
745.0,693.4435470192424,776.6070948964696
112.0,80.32771517250865,81.31820732060201
823.0,680.4858996264514,708.2995644266896
262.0,308.5920476190476,258.224168528467
245.0,237.78465012942732,212.67507712828078
130.0,89.11709285468571,112.0196867895556
338.0,320.5147475611673,306.47309297369844
3750.0,4637.79375,4813.387849393107
467.0,390.11381369777564,425.86378623595584
348.0,578.3518472483042,598.6755613092294
728.0,1036.6197232244272,853.6764803626725
794.0,916.6696676934178,932.4992798280798
674.5,297.6339047619048,347.61382455820853
309.0,388.04345673024085,404.5330612483965
801.0,982.3108462702252,867.4591141132026
882.0,1212.1916032202835,1085.4083095063875
1319.0,1547.272751837515,1536.9249950105611
213.0,202.434378751498,211.58985201385198
1809.0,2606.8242127896615,2452.1913888196573
40.0,53.47201526588307,61.0204715731721
644.0,561.5928196586118,528.3996719105846
1380.0,1517.265866665184,1522.2438750648735
936.0,2281.7836652840624,2623.8735674791537
63.0,133.8342613376323,164.13760978739202
382.0,446.92113492063487,428.01120051152407
199.0,137.36144319546943,127.53147206248904
