PC1,PC2,PC3,PC4,district_id,year_month
-1.8641062160452588,-0.36614638832630025,-0.13773749530446164,0.44160199168511033,7.0,2013-01-01
-1.0217013247685032,0.338863785257557,0.5049047565449714,0.5023202362835203,7.0,2014-01-01
-0.6852666369807399,0.267049728644812,0.6163234325011947,0.7971808266604793,7.0,2015-01-01
-0.6814742552924004,0.4494765451212228,0.8535905276473504,0.648077808520467,7.0,2016-01-01
-0.997748803316562,0.5058820639709887,0.7345446747705252,0.380124103508173,7.0,2017-01-01
-1.3839600138870487,0.5230779895326038,0.5226069964276536,0.09591116946014087,7.0,2018-01-01
-1.3504094554431,0.320234113916099,0.33932813657833955,-0.004594582306646596,7.0,2019-01-01
-1.8273924864445403,-0.6487578019687322,-0.38239494988702005,0.20940031259151967,9.0,2013-01-01
-1.4766499069274015,-0.305872600174734,-0.2455059646330759,0.20826383600082976,9.0,2014-01-01
-1.3598793195923526,-0.24407886749321786,-0.3538093147629117,0.2579541780693331,9.0,2015-01-01
-1.4493358212991125,-0.11393150873434162,-0.2403979869048175,0.08717218788167017,9.0,2016-01-01
-1.1519572858091058,-0.09411955099565801,-0.03463592539200506,0.2785180014826286,9.0,2017-01-01
-1.2191502851405414,0.06704073524185661,0.26154983039444485,0.08775300895544913,9.0,2018-01-01
-1.2717178448722632,0.018402029632329227,0.015518239383585456,-0.10957495753878743,9.0,2019-01-01
-1.2551195792244447,-0.4200989712746357,-0.5249929606169121,-0.1288559997948297,12.0,2013-01-01
-0.17935135143257214,0.9063951523451522,-0.3631133176970783,-0.31485479943078065,12.0,2014-01-01
-0.40451202360955085,0.47431776846333834,-0.021426040224959177,-0.19073354332881495,12.0,2015-01-01
-0.5742112148124965,0.32942750253832964,-0.05223281122438909,-0.20828908671563914,12.0,2016-01-01
-0.6674600982075959,0.27714804482079525,-0.17608857851245077,-0.2299680587632898,12.0,2017-01-01
-0.5098377907819867,0.4020789385574456,-0.04897450673291846,-0.21399294887522433,12.0,2018-01-01
-0.745798359871169,0.21686777324642842,-0.042541669251051156,-0.2540584937963818,12.0,2019-01-01
-1.2789360250477335,-0.15339865087545815,-0.4667218899547305,-0.286250923310995,14.0,2013-01-01
-0.30882838153616576,0.7973301648582577,-0.33553477604760107,-0.27248313709695376,14.0,2014-01-01
-0.33278552563535024,0.547839179082454,0.10460753875843035,-0.1401470156078373,14.0,2015-01-01
-0.413028215131536,0.27280155439856896,-0.03961056009909371,0.013079431193001426,14.0,2016-01-01
-0.7104067506215427,0.2529895966598854,-0.24537262161190623,-0.17826638240795695,14.0,2017-01-01
-0.5838844075867939,0.4842007187891273,-0.04419195783653533,-0.2691231385988418,14.0,2018-01-01
-0.7336124227541306,0.2586775564022713,0.006558753734837456,-0.2187030039404773,14.0,2019-01-01
-1.3858994145606185,0.23030347278780933,-0.098025394528707,-0.37209439349554435,46.0,2013-01-01
-1.3462111986481389,0.1690819278491159,-0.1528242642276035,-0.29343011974287914,46.0,2014-01-01
-1.3634264290941196,0.2577608108010458,-0.17837402584026396,-0.369485768826121,46.0,2015-01-01
-1.3829732905435053,0.01524957470294814,-0.11457413763786839,-0.21064241732938746,46.0,2016-01-01
-1.4348554872615729,-0.1270263751209852,-0.07060362835768175,-0.14803487893939446,46.0,2017-01-01
-1.4004062410691038,-0.016059897751032906,-0.036132300556461834,-0.20652432065764464,46.0,2018-01-01
-1.6400338578299312,-0.07661581209287967,-0.0006994364760922335,-0.34310446584413146,46.0,2019-01-01
-0.933945163649998,0.06050584380327238,-0.26922649809247196,0.5877030070892706,53.0,2013-01-01
-1.5963036518317322,0.3539336918967228,-0.03407840282176829,-0.13877223377851491,53.0,2014-01-01
-0.8331444648319909,-0.016536845011623297,-0.30736238269548183,0.7222374339125952,53.0,2015-01-01
-0.9658473700830666,0.35948148735807256,-0.16214795788702227,0.33618969682944555,53.0,2016-01-01
-1.3056436220471779,0.4063727312438567,-0.049034693345950155,0.04022462179629884,53.0,2017-01-01
-1.5786717665270238,0.2169072764828031,-0.1998836431731408,-0.012463336320508476,53.0,2018-01-01
-1.8680676690821314,0.2252771759611395,-0.10583832093357359,-0.2411611979419928,53.0,2019-01-01
-0.9582901588133425,0.16005698094613047,-0.20430775035758109,0.7343528798299029,56.0,2013-01-01
-1.4245016278350684,0.3928354718437101,-0.1870607446145064,0.21489652853595106,56.0,2014-01-01
-0.8096173650452249,-0.07712492992715361,-0.4196896406928665,1.035556532158231,56.0,2015-01-01
-1.2229002301990541,0.23875009421391868,-0.26333251382052614,0.4839653821826003,56.0,2016-01-01
-1.561432354933719,0.3464502769251732,-0.07113021756406869,0.13829930110278277,56.0,2017-01-01
-1.6446011684470179,0.28646655032614926,-0.19879957331243134,0.13007377173746457,56.0,2018-01-01
-1.7554819371468255,0.37121350802253444,-0.15685010024912052,-0.017914097768192406,56.0,2019-01-01
-0.25694469081619314,-0.5336062757111845,-0.42991990440765004,0.5691457248330093,68.0,2013-01-01
-0.6626757405471148,-0.3470533981025422,-0.43555442942638123,0.13041002963305234,68.0,2014-01-01
-0.14017410348114417,-0.4718125430296684,-0.5382232545374858,0.6188360669015126,68.0,2015-01-01
-0.46862615833400817,-0.3718166291999035,-0.3498345467413294,0.2866234285040276,68.0,2016-01-01
-0.7899242673221843,-0.06447108616676704,-0.1487106842963125,-0.1935877433772819,68.0,2017-01-01
-0.53665839304772,-0.19626886937853602,-0.1649613640884519,0.09304731763435888,68.0,2018-01-01
-0.5291065776248124,-0.3255910159109661,-0.3269530159795235,0.20590277241003285,68.0,2019-01-01
-0.007045776564893337,-0.6202245117704023,-0.34147050312300675,0.5693685729636792,69.0,2013-01-01
-0.7353390625134378,-0.18713502995409387,-0.22507019741210627,-0.2998772880709167,69.0,2014-01-01
-0.3581862256402518,-0.6264379378285988,-0.3036326818370189,0.30965106129487063,69.0,2015-01-01
-0.32960801278251617,-0.3736879075627361,-0.21943567239337514,0.1388584071290403,69.0,2016-01-01
-0.5686035659286202,-0.4038393524918476,-0.14445829245531286,-0.022572241080781836,69.0,2017-01-01
-0.440488781482324,-0.2889409498663509,-0.17748619933006426,-0.009129462376616772,69.0,2018-01-01
-0.6660427005702794,-0.30187385094999114,-0.3308543483495985,-0.1560021832479187,69.0,2019-01-01
-1.3662359358193108,0.23710162881448482,-0.2108604874754683,0.3138020103338662,70.0,2018-01-01
-1.553349292247347,0.34922613370930666,-0.17985361681759274,0.08976382373405094,70.0,2019-01-01
-1.175343973756412,0.02526487071369194,-0.2629472543686234,0.7369217884339099,73.0,2013-01-01
-1.6144590772294665,0.32999609764575305,-0.13660067220322317,0.1765475347757832,73.0,2014-01-01
-0.8607478964968026,-0.0023657009683683713,-0.366526547758943,0.9992532567612256,73.0,2015-01-01
-1.1191643998146508,0.4303942304192716,-0.1390630700652126,0.4717171877117132,73.0,2016-01-01
-1.2949276615204295,0.43059828747168205,-0.1573840993438727,0.3420874285554692,73.0,2017-01-01
-1.6524006996382223,0.31760581811656957,-0.17555631791862367,0.1603385397560691,73.0,2018-01-01
-1.7666078913990244,0.4048951845438464,-0.13234836066341357,0.007911034165242425,73.0,2019-01-01
0.7322785077350803,-0.6971878379532978,-0.4203093481538926,-1.8529252691085978,84.0,2017-01-01
1.735734945711387,-0.40004950455943844,-0.722738067098485,-1.3013874390238038,84.0,2018-01-01
1.7197650571943452,-0.5388859260558501,-0.6525706015716591,-1.2165433542689827,84.0,2019-01-01
0.1922833303290833,0.18181651081262012,-0.35959393624586344,-0.4772658585537052,85.0,2018-01-01
-0.055528165469375,0.22017827359046843,-0.2017139361321149,-0.7018509554925305,85.0,2019-01-01
0.9100854295348586,-0.9412698681729013,0.4358244372103692,-0.4522965676097043,98.0,2013-01-01
1.633771809378116,-1.171766858267829,0.4482388448572779,0.25494507493064056,98.0,2014-01-01
2.0783554539804405,-1.364082569422371,1.116675620620971,0.6769085414906182,98.0,2015-01-01
1.838713674566349,-1.6304900199756573,0.4989544470938564,0.740789147475096,98.0,2016-01-01
1.554608474985531,-1.011808120046903,1.1236272185925893,0.0275827703840947,98.0,2017-01-01
2.6216822423785078,-0.9796700032144893,1.68244997663034,0.7563294700447095,98.0,2018-01-01
2.7913438629804377,-1.4114282238371043,1.7465131384779724,1.195086493201001,98.0,2019-01-01
1.4830869251110108,-2.210645288239575,0.78969397776348,-2.1548083144158,106.0,2013-01-01
1.0954802323950674,-2.334465562308765,0.3952794882061771,-2.3226909181541395,106.0,2014-01-01
1.213686349434911,-2.165355830714473,0.6847412306554245,-2.3807565855080335,106.0,2015-01-01
1.205894597574237,-2.4701930371209673,0.2922385358606679,-2.157268020226343,106.0,2016-01-01
-0.21747466973702775,-1.3684947720068295,0.12514645872254568,-0.3959694074339555,106.0,2017-01-01
-0.6020870371906308,-1.0043526807934988,0.19112865060959408,-0.10500864929260002,106.0,2018-01-01
-0.25356237733157705,-1.1897770479928793,0.32618215185344973,-0.5328862395160336,106.0,2019-01-01
-0.3227254449755602,-1.186350543526467,0.007091596932111722,0.8454897031667935,112.0,2014-01-01
-0.8368090089473966,-0.7934328305704988,0.20158460840746198,0.15936412636783795,112.0,2015-01-01
-1.0636270552647986,-0.8671746704796094,-0.030872572327457413,0.06219241154320677,112.0,2016-01-01
-0.9919005572905978,-0.7936532598604937,0.0951610066559321,0.11277893926418443,112.0,2017-01-01
-1.3455208985302014,-0.485040796781031,0.18122809250397262,0.10187741636881635,112.0,2018-01-01
-1.0494064902696412,-0.5260377778678177,0.3079011223013998,0.3429242360164455,112.0,2019-01-01
-0.6208493561735432,0.9498929672789365,-0.4127103474619528,0.23878223431148612,124.0,2013-01-01
-0.684972559812241,0.9785169967975454,-0.4147078488589276,0.17015780855454635,124.0,2014-01-01
-0.8646905642331679,0.8773821065928831,-0.351255568812156,0.1058893272493884,124.0,2015-01-01
-0.8023139540981937,0.922369901542151,-0.25550355200088404,0.11205847427337706,124.0,2016-01-01
-0.8829545131525995,0.9840040525940675,-0.22499484431847613,0.004430932814717397,124.0,2017-01-01
-1.0594208826751368,0.8287745117886035,-0.04489308788379596,0.12530700736668537,124.0,2018-01-01
-0.9598398988415902,0.4212978958564973,0.014206188854719401,-0.18365248377340904,124.0,2019-01-01
-0.45317952347355595,0.0634507520127804,-0.729562179170829,-0.4180459204406882,129.0,2017-01-01
-0.9897401407907994,0.5526198147556843,-0.6249836939125016,-0.18323322011277643,129.0,2018-01-01
-1.0758106987123446,0.6431800390531358,-0.6232583785984092,-0.00014755057584452816,129.0,2019-01-01
3.0344967215538814,-0.22040987100511303,-0.1373189108516683,2.9496308869003713,130.0,2013-01-01
3.3427886366431436,-0.30499724707189857,-0.3180804417272227,3.254936639933191,130.0,2014-01-01
1.5195060706887604,0.326547983012934,0.1662615710591512,1.396894733681662,130.0,2015-01-01
0.8037858498035165,0.3381389405822558,0.13539162607293057,0.8578317886486402,130.0,2016-01-01
0.004066747328547911,0.8276345659737854,0.06645561791724804,-0.09207820850012531,130.0,2017-01-01
-0.33675574547867054,0.863308847278942,-0.39681546505765314,-0.3371417258391927,130.0,2018-01-01
0.23870975473259012,1.3570583686117461,-0.058739443371901456,-0.2969819726649945,130.0,2019-01-01
-0.3112531217203915,0.5389675733637328,-0.4475206465479701,0.10611316822984972,162.0,2013-01-01
-0.07937394383796001,0.9384178756370963,-0.5684895719830947,-0.00565912984597127,162.0,2014-01-01
-0.3283460525911974,0.7792259857458901,-0.44350641065433005,0.09865107249533621,162.0,2015-01-01
-0.08136786651019406,0.8375592878920214,-0.2186764068400126,0.22272967268463226,162.0,2016-01-01
0.34777597703919305,0.8673677589704573,-0.6112250515900929,0.12497471644719661,162.0,2017-01-01
0.835798790918554,0.4835226131585909,-0.9714007279193417,0.3118754788690744,162.0,2018-01-01
0.7785320612430441,1.1243995138912337,-0.8193644766817856,0.3939001540940088,162.0,2019-01-01
-0.5760119493514627,0.504857431716141,-0.5271676058262273,0.1828776549694293,174.0,2013-01-01
-0.38936041706887414,0.7284047756580199,-0.5338090622403279,0.036667484433355574,174.0,2014-01-01
-0.32189471277907433,0.7362192591845069,-0.47678367290426205,0.04650663530284978,174.0,2015-01-01
-0.12412097999184746,0.7151673117427227,-0.4951557126299467,0.11955061494493109,174.0,2016-01-01
0.3421529376974949,0.8074942470164307,-0.6856826064626906,0.14004178063370518,174.0,2017-01-01
2.1631925693381913,-0.17033624418389434,-1.2836311269468215,0.5900530301156397,174.0,2018-01-01
0.9224971325546155,1.1915036286431588,-0.892207916879407,0.3965591588070159,174.0,2019-01-01
-0.29807115632574127,0.6552688892976295,-0.4751794532866428,0.09325491099870309,176.0,2013-01-01
-0.14156145336149692,0.8603170351116407,-0.6375583574507239,0.09137171652935905,176.0,2014-01-01
-0.19788366375306027,0.7947231206683819,-0.5016380177887212,0.10803813880967181,176.0,2015-01-01
-0.07876448924750945,0.7710831013605101,-0.35980230472335856,0.1427063834024972,176.0,2016-01-01
0.5123409670824911,1.010938297579949,-0.5080007121876421,0.17489387810094364,176.0,2017-01-01
2.184047573808476,0.6932147060533818,-1.113188880997924,0.42378661131532347,176.0,2018-01-01
1.3478581247443773,1.4894239974096752,-1.1393008037733006,0.20942393757330502,176.0,2019-01-01
2.581797250449948,-1.343255970534213,-0.5759613742965431,-0.3536686144232136,184.0,2013-01-01
2.6109910529455207,-1.3071893605982414,-0.7704827700868984,-0.34378102608453,184.0,2014-01-01
3.7798635686428184,1.0220898999215553,2.5501233103366925,-1.4353008581295534,184.0,2015-01-01
-0.6573584449385291,-0.01096566357874208,0.29942527070929886,0.9247162968181757,204.0,2013-01-01
-0.8400638300403885,0.06690223746259992,0.2889808312793313,0.7322553345828622,204.0,2014-01-01
-0.7522693251212952,0.2126177156140549,0.27120727824578383,0.6918843425576973,204.0,2015-01-01
-1.0769454722627054,0.2479525561776048,0.37860016009640446,0.41609943154804935,204.0,2016-01-01
-1.1189442225544606,0.30754457887126857,0.1712293676704635,0.356663424133741,204.0,2017-01-01
-1.446560656366248,0.3520817813082398,-0.35798304497723865,0.11988728812890061,204.0,2018-01-01
-1.5416203285951346,0.16462739414532346,-0.18407758242767316,-0.2511752134634709,204.0,2019-01-01
-1.7403435779088974,-0.40907242656928805,0.06404516190241086,-0.3604822091547859,212.0,2013-01-01
-1.709471304648772,-0.4017807638010216,0.09214891237920056,-0.3449723841311238,212.0,2014-01-01
-1.4230015261107773,-0.19509676519449679,0.014652333248794709,-0.27772649867579635,212.0,2015-01-01
-1.2178066815655333,0.001580561520023398,0.26301106245889677,-0.2881876572989085,212.0,2016-01-01
-1.2031032316015597,0.038371690659778954,0.44864568173247826,-0.31826074165017454,212.0,2017-01-01
-0.8320038888653314,0.15627611329171107,0.8254352033116471,-0.15699334438956572,212.0,2018-01-01
-1.125481132545515,0.11204389830634207,1.0229642892959045,0.06705984532770896,212.0,2019-01-01
-1.744311386265246,-0.5860489076937178,-0.3362292550335698,0.6466308749284494,215.0,2013-01-01
-1.9471769111307067,-0.49277246888939663,-0.33904651754293547,0.42726302732847093,215.0,2014-01-01
-1.8911044631660796,-0.504741478324854,-0.32047673821689837,0.476406459057964,215.0,2015-01-01
-2.043569638622537,-0.4499863839279808,-0.3423619430277687,0.3243058248696479,215.0,2016-01-01
-2.0788498832088393,-0.42302144284276727,-0.3290143834167153,0.2772187754814843,215.0,2017-01-01
-2.0687698133270382,-0.43072571172425683,-0.3328279718770163,0.2906722181638168,215.0,2018-01-01
-2.1292502326178426,-0.38450009843531946,-0.3099464411152104,0.20995156206982205,215.0,2019-01-01
-0.7604628563556884,-1.038822211137407,-0.6663335443194163,0.21909142413306928,222.0,2013-01-01
-0.859381594878303,-1.2810146950283319,-0.5648699244707772,0.3157687597653309,222.0,2014-01-01
-0.8261658056150845,-1.3443956087730595,-0.36770271724519615,0.37221851192759065,222.0,2015-01-01
-0.7619424602366439,-1.3829801965701882,-0.37847386857649173,0.44919870193246775,222.0,2016-01-01
-0.5411332435313058,-1.471014720616995,-0.4433903223162686,0.6831770489273693,222.0,2017-01-01
-0.3551364967206099,-1.5959983648563423,-0.483504807741972,0.8758471113768442,222.0,2018-01-01
-0.8499951863967641,-1.3078123802655617,-0.3760127707923869,0.7531533946355912,222.0,2019-01-01
2.2971331938397617,0.32942091514825467,0.13647116201190101,-0.027263251347300146,240.0,2013-01-01
2.064460553939045,-0.12652440509818097,0.14021876173170303,0.13426328073992033,240.0,2014-01-01
2.0339425585774005,-0.24382087412996808,0.317260193367145,0.1843963023019074,240.0,2015-01-01
2.7634965373000884,-0.46837091248791807,-0.13506271953898513,0.9266485226740907,240.0,2016-01-01
2.8948538070503966,-0.5483824154460621,-0.15850185317221782,1.0850074111221875,240.0,2017-01-01
3.081695433046382,-0.8331567290611833,-0.238739833100122,1.4394193638870234,240.0,2018-01-01
2.6818966733140135,-0.7523362975095946,-0.2036545771753765,1.0797273858986456,240.0,2019-01-01
3.308373674067243,-0.46989916542684457,-0.4777414272903216,-0.8868099823570079,256.0,2013-01-01
3.3604360202639127,-0.7842833467446236,-0.5924471444163731,-0.6083897867325178,256.0,2014-01-01
3.7418166789846734,-0.8011827273308959,-0.6417257310832639,-0.3083119470167119,256.0,2015-01-01
3.607849646504151,-0.4859733337866704,-0.5756003379901897,-0.6446586780531908,256.0,2016-01-01
2.9971556349608672,-0.1702578912751976,-0.2804311533056057,-1.353567711555985,256.0,2017-01-01
2.6875995926421585,-0.14647945403388218,-0.1787586541454367,-1.6091724585421343,256.0,2018-01-01
2.5981430909353986,-0.016332095275005794,-0.06534732628734245,-1.7799544487297971,256.0,2019-01-01
-1.7922920047370536,-0.295350145383175,0.06979974457384033,0.0631834864344765,262.0,2016-01-01
-1.4381481234044242,-0.44299859879774833,0.2520601684586271,-0.3675436566824599,262.0,2017-01-01
-1.4118965323030634,-0.5152535139904829,0.15063164091179074,-0.1658534405128079,262.0,2018-01-01
-1.576294615437873,-0.11374896575315588,0.4953089917865028,-0.2450259013888584,262.0,2019-01-01
-0.9971211283098872,-0.2568534608070943,-0.22700403749410145,-0.382699374560741,267.0,2013-01-01
-1.0059370709622415,-0.1883402531001345,-0.14410141731841516,-0.4458538232897442,267.0,2014-01-01
-1.077761687364293,-0.1952193097551778,-0.19649532981169357,-0.49032691601940076,267.0,2015-01-01
-0.3923169354018444,-0.7191095936964684,-0.45581934511216055,0.42450718637920665,267.0,2017-01-01
-1.0698166250304089,-0.7436859390857815,0.13656844478888816,-0.10647748427045915,267.0,2018-01-01
-1.4316641983552614,-0.7664143920837936,-0.13629984812805193,-0.21721406584275768,267.0,2019-01-01
-2.322335438731872,-0.028898506740758688,-0.2154901520350562,-0.2629302660986437,271.0,2013-01-01
-2.2731992165523147,-0.1282287899736768,-0.3136471260519463,-0.14596204664031062,271.0,2014-01-01
-2.1824785876161084,-0.19756720990708296,-0.34796942219465515,-0.024881062499318474,271.0,2015-01-01
-1.6191929055571717,0.2985363528745343,0.6324322766798707,-0.04391024835342671,271.0,2016-01-01
-2.15097425074126,-0.15987107772608147,-0.280321155860173,-0.034221740498991786,271.0,2017-01-01
-2.0140435236426093,-0.11348588280754447,-0.39625168291061064,0.042375486934176414,271.0,2018-01-01
-1.8913831176723193,0.0948485402518729,-0.5709089101069711,-0.00623169843447392,271.0,2019-01-01
-1.5271208226573012,0.3635692375615498,0.3638956269214106,-0.5492591616999931,276.0,2013-01-01
-1.429246247856407,0.5015804468315153,0.3423084854275621,-0.5761767110428254,276.0,2014-01-01
-1.429246247856407,0.5015804468315153,0.3423084854275621,-0.5761767110428254,276.0,2015-01-01
-1.4191661779746063,0.49387617795002564,0.33849489696726115,-0.562723268360493,276.0,2016-01-01
-1.435136066491648,0.35503975645361385,0.40866236249408694,-0.4778791836056716,276.0,2017-01-01
-1.5243909354958896,0.28180004740483344,0.49462621679247143,-0.37558031555119364,276.0,2018-01-01
-1.5519012579798803,0.22314366389258597,0.6367975720444353,-0.2422617974493917,276.0,2019-01-01
-1.329317202556443,0.09715940333485952,-0.06947509685127758,-0.41639501813811486,280.0,2013-01-01
-1.2108846184337274,-0.11690970089395576,-0.27341622180566,-0.15555169385678383,280.0,2014-01-01
-1.0054908391093735,-0.08856826204733638,-0.11242089586552385,-0.03558585835014686,280.0,2015-01-01
-0.9445842249538208,-0.059762578649195895,0.9962788420477067,-0.0949327163385829,280.0,2016-01-01
-0.4408958963350307,-0.11721458825529321,1.336805073273038,-0.2497034732085768,280.0,2017-01-01
-0.47911334306851555,-0.19238599870735631,1.1682703143220738,0.03259597498973512,280.0,2018-01-01
-0.536848460857032,-0.285661588271787,0.8917639207643809,0.686029632780337,280.0,2019-01-01
-0.8357057150107645,1.0694142572138958,0.09153681227852728,-0.28981781805269136,282.0,2013-01-01
-0.8772901217674139,1.0394223939143838,0.02770213440434594,-0.29393058273535044,282.0,2014-01-01
-0.9537404295752601,0.9468115857069094,0.12075113069297772,-0.28980715407452384,282.0,2015-01-01
-1.7232624459704926,0.35411623487790855,0.7016285758695521,-0.47097032304904357,282.0,2016-01-01
-1.7039685638781177,-0.05877301744634247,0.4401855606936329,-0.13350844337820936,282.0,2017-01-01
-1.8803862607865163,-0.17103620176290082,0.1886604376572086,-0.16341294479117832,282.0,2018-01-01
-1.807297517155018,-0.1033482062823873,0.32014338186587216,-0.16864085810819254,282.0,2019-01-01
-0.72009434679194,-0.005875550314914752,-0.5361176991120498,-0.2161735650555743,284.0,2013-01-01
-0.3874520406925166,-0.26011642340407054,-0.6619661183019823,0.22779004346139692,284.0,2014-01-01
-0.9129173723766152,-0.49695186693970683,-0.5094921592335142,-0.0008864902037527375,284.0,2015-01-01
-0.9036706122122694,-0.4079610708972167,-0.1305957437657494,-0.08793954427094951,284.0,2016-01-01
-1.0288592726414527,-0.7379133716075746,-0.11411658000015937,0.060069653191042356,284.0,2017-01-01
-1.2445239628564926,-0.6953681935240715,-0.004187125079259534,0.22418497320949862,284.0,2018-01-01
-1.8563148107190313,-0.1984946495897055,0.03437403462260404,0.5540606834027336,284.0,2019-01-01
-1.5692875368954708,-0.1999132159033696,-0.019530561293397877,-0.6840488350307369,298.0,2013-01-01
-1.587766894570898,-0.17204327177690998,-0.12416935462144352,-0.710403478067308,298.0,2014-01-01
-1.459453175345492,-0.22548075701931405,-0.2445606647661609,-0.5665337052333936,298.0,2015-01-01
-1.6398645000449616,-0.39307122347556844,-0.31109836316298256,-0.572692188279215,298.0,2016-01-01
-1.8269966417735057,-0.5692709618545583,-0.263463297081006,-0.5861296349942964,298.0,2017-01-01
-1.8074685656246274,-0.6150839690302725,-0.3106349898593005,-0.5343722466062961,298.0,2018-01-01
-1.8017964670690039,-0.5885316340582822,-0.2729972682317584,-0.5524960282884652,298.0,2019-01-01
-2.0245869199931454,0.3343133258779092,0.5336868779329631,0.4245739301301673,300.0,2013-01-01
-1.9615782462434481,0.40970559023991227,0.6689834106019278,0.4058925741308205,300.0,2014-01-01
-1.848169223084747,0.44657651019446765,0.7852120009693874,0.45447843154313616,300.0,2015-01-01
-1.9477222686501938,0.33734024809220764,0.584173996196091,0.47577374420099,300.0,2016-01-01
-2.008834751555721,0.35316139196841,0.5675110111002043,0.4199035911303306,300.0,2017-01-01
-2.2766706742058607,0.06606544541193302,0.029320580502160045,0.5023560716232148,300.0,2018-01-01
-2.4189845404233985,-0.1366967864912995,-0.23313747296579043,0.14023459267346877,300.0,2019-01-01
-2.2200743758287165,-0.17841696465832899,-0.32181633790290304,-0.1903237153046321,302.0,2013-01-01
-2.112119731146022,-0.04811002426985313,-0.34721706785705253,-0.20378782196513198,302.0,2014-01-01
-2.081050834430408,-0.2503906029006734,-0.07158560413443602,-0.05278100845483626,302.0,2015-01-01
-2.099946846964563,-0.17417312631222417,0.015130604501551148,-0.12938889986617194,302.0,2016-01-01
-2.0697066373191606,-0.1972859329566928,0.003689839120648154,-0.08902857181917458,302.0,2017-01-01
-2.0697066373191606,-0.1972859329566928,0.003689839120648154,-0.08902857181917458,302.0,2018-01-01
-2.0823149616598546,-0.3111995417261438,-0.1506746358498214,-0.0030800024081655193,302.0,2019-01-01
-1.0014202844731062,0.7594016183207352,0.27886376057759404,-0.07809515139501998,304.0,2013-01-01
-0.9325300290766105,0.8577906281893266,0.18867495563418804,-0.0923086620675958,304.0,2014-01-01
-0.7061263262943143,1.021116354091613,0.2775960218173478,-0.05046018997461388,304.0,2015-01-01
-0.7096939065764044,1.0616036611268331,0.26291434678086706,-0.08176129317506851,304.0,2016-01-01
-0.6847009036394556,1.0871349319196972,0.1816123183542348,-0.075789307835062,304.0,2017-01-01
-0.9136257795540127,0.9051170964721902,0.26109020754404655,-0.11846614342018474,304.0,2018-01-01
-0.9333621831322545,0.9751038698788993,0.4039394013043576,-0.19535015599556738,304.0,2019-01-01
-2.2624578926614367,0.11887846754329867,-0.44968772146367936,0.05493175111424296,306.0,2013-01-01
-2.4888639067673544,-0.08568361189017373,-0.2037176711310464,0.018153273378145603,306.0,2014-01-01
-2.4787838368855537,-0.0933878807716634,-0.2075312595913474,0.03160671606047801,306.0,2015-01-01
-2.4586236971219524,-0.10879641853464253,-0.2151584365119494,0.05851360142514299,306.0,2016-01-01
-2.4183034175947498,-0.13961349406060078,-0.2304127903531534,0.11232737215447278,306.0,2017-01-01
-2.509024046530956,-0.07027507412719461,-0.19609049421044453,-0.00875361198651938,306.0,2018-01-01
-2.5795845357035607,-0.01634519195676778,-0.16939537498833765,-0.10292771076284656,306.0,2019-01-01
1.9355861021249166,-1.6111341680884015,-0.13729956485009354,0.7859187943917166,318.0,2013-01-01
0.47722016700480535,-1.5763186810899454,0.2627488865220132,0.3425113565016702,318.0,2014-01-01
1.5077410284036166,-2.3218546062387597,0.13652861788675896,-0.932874607692241,318.0,2015-01-01
-1.2453914133320292,-0.4103863860273951,0.13686352781236968,0.39383239075318804,318.0,2016-01-01
-0.7224622413105164,-0.5145801810477801,-0.12774759566292276,-0.02665544208413101,318.0,2017-01-01
0.13878530317329266,-1.0581340939343102,-0.5409868795109953,0.008884478575152382,318.0,2018-01-01
0.38722412224474756,-0.8147226972067129,-0.5388634111430952,0.6564771120682917,318.0,2019-01-01
0.16152912059667596,0.1673441369412671,0.7064555900412816,-0.2663182830455936,321.0,2015-01-01
0.2851109362182119,0.19997079392977232,0.6253990660378165,-0.49570014616704994,321.0,2016-01-01
-0.6755087833008805,0.12725259142097473,-0.14003931037969414,-0.43205292908300036,321.0,2017-01-01
-0.7937723318758237,-0.7307631965543937,0.01748119588603729,-0.326412577315991,321.0,2018-01-01
-1.16213978644651,-0.49572304551216206,0.07456535512606452,-0.01887657013964925,321.0,2019-01-01
0.5174843874131713,0.5518090425644533,-0.757023678188714,-0.2949697286332007,324.0,2013-01-01
0.37047359043272005,0.5131281165274059,-0.6372795626779754,-0.3850203987487014,324.0,2014-01-01
0.3369069577263237,0.5387833319027662,-0.624580313105173,-0.42982036288086845,324.0,2015-01-01
0.44628727987411265,0.6974587929923591,-0.6979390670727497,-0.45945585602705113,324.0,2016-01-01
0.046563289228668765,0.5064882850568523,-0.5834865062303112,-0.6253530848779068,324.0,2017-01-01
0.12464954002130665,0.7624036449919912,-0.6425196465397764,-0.7307886646572829,324.0,2018-01-01
0.656764196766843,1.271579748596669,-0.6433133314816442,-0.5466295948691272,324.0,2019-01-01
1.8697554498969375,-0.8063124605757376,-0.42139161560837696,0.5311349271197565,329.0,2013-01-01
0.8375452722315362,-0.8170679860313752,-0.8022069312931485,-0.20077797152745924,329.0,2014-01-01
0.6817870740324411,-1.001997581840323,-0.8962353855137589,-0.7201112419281173,329.0,2015-01-01
-0.1609875036469484,-0.2826865686323186,-0.654660984930578,-0.3767273698696737,329.0,2016-01-01
0.05250401998461551,-0.1377708533679149,-0.5665347603682541,-0.057733381538986876,329.0,2017-01-01
0.7299489340464065,-0.20044968512195033,-0.6149925727561055,0.021032083746167544,329.0,2018-01-01
0.9518060800887087,-0.19509047742729374,-0.4472823328139279,0.037908195394687434,329.0,2019-01-01
0.7658424005304765,-0.5455280376078254,-0.6537030533633422,0.3242762268409343,332.0,2013-01-01
0.6965460385873179,-0.4307892166119281,-0.5479189024258501,0.18040112201793632,332.0,2014-01-01
0.22953640096349065,-0.07385043933251635,-0.3712353490601054,-0.4428968774545268,332.0,2015-01-01
0.17676030060798237,-0.025510248954787887,-0.3612297108002053,-0.4170885087595658,332.0,2016-01-01
-0.1440890070892558,0.3277853213272346,-0.2178950608527428,-0.33997003259272424,332.0,2017-01-01
-0.7029541502602012,0.5901755183606824,-0.23818075659016752,0.4440096629616016,332.0,2018-01-01
-0.5819976906548897,0.1850690504024262,-0.22674563098782347,-0.17559822137776498,332.0,2019-01-01
0.4640156035472142,1.2544584577165714,-0.8140293115273225,-0.7253979395420932,333.0,2013-01-01
-0.6571432806313775,-0.5318724668662554,0.7323359716272619,-0.3639889203074816,333.0,2014-01-01
0.06190714699773267,0.3491572857888096,0.4072857289489716,-0.026618677300861947,333.0,2015-01-01
-0.44675337204752485,0.6654644961274274,0.015218263284634072,-0.09223209915242875,333.0,2016-01-01
-0.6417802247288805,0.7597820265773321,-0.1347159257587011,0.25089640319018675,333.0,2017-01-01
-0.6321316226033363,0.032493195993172894,-0.2608132566927985,0.8778896211846539,333.0,2018-01-01
-1.0541516390417085,0.3349410692241098,-0.15435492320486696,0.47000474522667396,333.0,2019-01-01
0.010623655457775617,0.6702699390441573,0.05626941597150016,-0.4867833869049453,335.0,2016-01-01
0.022338146137233183,0.6732970735684284,0.0369256202178634,-0.3270671202864668,335.0,2017-01-01
-0.22250562915178068,1.0918085727899436,0.15448511797643744,0.5401067733048629,335.0,2018-01-01
-0.24646046192734344,0.883553940545326,0.25973631626667615,0.6673729004370949,335.0,2019-01-01
0.15236294524728575,-0.5401968052471989,-0.8127248482905376,0.7861582948217777,348.0,2013-01-01
-0.25342908303240186,-1.3010893645223642,-0.09869255400538043,0.9893648079897913,348.0,2014-01-01
-0.8796575429334926,-0.8842336326954812,0.05866089881789529,0.20495236773184958,348.0,2015-01-01
-1.4357731154703468,-0.5324222662314069,0.04729148314784928,0.17064682721931995,348.0,2016-01-01
-1.623344478800598,-0.36749505824088485,0.09141393191953343,0.17964984360829941,348.0,2017-01-01
-1.6285488622794377,-0.04100233882602113,0.12874446603103792,0.540094714457724,348.0,2018-01-01
-1.565346649597447,-0.06384360245240694,0.056845736009524014,0.36653262436334305,348.0,2019-01-01
-0.8001571732459596,-1.1949682755216742,-0.7098383486455924,1.3395345459619465,349.0,2014-01-01
-1.1831998287543868,-0.9022060580250706,-0.5649219871541549,0.8283037240333129,349.0,2015-01-01
-1.5769460955075827,-0.6228280796200891,-0.3891147894202814,0.04344066815422031,349.0,2016-01-01
-0.9459531086185732,0.035323396663492136,-1.0610773540776064,0.11058128676917323,349.0,2017-01-01
-1.3538066535551008,-0.5892494881967852,-0.4309824699650451,0.6433382487590541,349.0,2018-01-01
-0.9772748021665687,-0.7417666158618876,-0.35065840857647146,0.7868786273955442,349.0,2019-01-01
-0.05304747398210253,0.37817171396668187,-0.6232881767071892,-0.2379992162877354,357.0,2015-01-01
0.5121765460761125,1.075240113362486,-0.6843497047296342,-0.28412600786244296,357.0,2016-01-01
1.3005580640404941,1.3198894034946915,-0.5703055324117423,-0.3711596809707666,357.0,2017-01-01
0.9829304313537272,1.9391303112801468,-0.7758070520960952,0.4194323598112697,357.0,2018-01-01
3.9185716779566437,1.771759888910507,-0.7045068788889847,0.2641669307139562,357.0,2019-01-01
-0.3839868119847093,0.04237112033014405,-0.6905002583475319,-0.47539256470595725,359.0,2013-01-01
-0.034940003391282067,0.1512669605784815,-0.9206885237726943,-0.2781961501858911,359.0,2014-01-01
-0.08681280745909592,0.153153132391454,-0.8850321122045581,-0.32088898173826497,359.0,2015-01-01
0.05829900879035824,0.2117560468262705,-0.8934124849795885,-0.04281481590297431,359.0,2016-01-01
-0.4492584739849723,0.33274843125576026,-0.6641443381291913,-0.16872680455312183,359.0,2017-01-01
-0.8149502142161356,0.8837534399961,-0.7479990809779109,0.4036640159575854,359.0,2018-01-01
-1.201911717822281,0.6871319719427007,-0.697719951109724,0.47600673306932834,359.0,2019-01-01
-0.6325534485724796,-0.6470598541290243,-0.7919733186256829,-0.08549706631782703,364.0,2013-01-01
-0.20980004789049625,-0.7861962598657387,-0.888257404248893,0.33874770039165847,364.0,2014-01-01
-0.4057803031040511,-0.87022814287473,-0.856606861357959,0.25219973219855735,364.0,2015-01-01
-0.48665718148102904,-0.504362634211365,-0.7784184028644318,-0.08275217795861281,364.0,2016-01-01
-0.14191887682422397,-0.445378134043498,-1.010837059836734,0.1480805092618263,364.0,2017-01-01
-0.46542255370607805,0.17766893566977018,-0.836401203609831,-0.5637470838268795,364.0,2018-01-01
-0.3083084986236739,0.4333764651136157,-0.843797245170079,-0.6341145298219736,364.0,2019-01-01
-0.3702810022585252,0.03363651233973629,-0.8026783419287078,0.09602323622224417,365.0,2013-01-01
-0.2684433860301834,0.07738544462133125,-0.8579134595083128,0.14385735158210472,365.0,2014-01-01
-0.23646113763278764,0.1027851511791998,-0.8911747325519629,0.15151042672119472,365.0,2015-01-01
0.18249379240661923,0.37994034025339307,-0.28026209023733223,0.21374811048200343,365.0,2016-01-01
-0.3120332348742057,0.21038940670256198,-0.8837450167242015,0.015615268439797329,365.0,2017-01-01
0.14131430734109438,0.6449326733702226,-0.9985887422258366,0.042483017004587904,365.0,2018-01-01
-0.25466741617578875,0.45171967533681934,-0.8847563187965553,-0.11893344811427156,365.0,2019-01-01
0.6175876447580154,0.14929810805219723,-0.49946528994347367,0.35945370736061977,370.0,2013-01-01
0.5160134776546914,-0.05326733191105185,0.2567177605765287,0.3757104561519183,370.0,2014-01-01
-0.3451379806478585,-0.4587038295156873,0.11790364593690059,0.04294418179016329,370.0,2015-01-01
-0.10076797282803576,-0.33841684357457974,0.6356465011316347,0.09748869520993486,370.0,2016-01-01
0.280460777228657,-0.5613778103981202,0.7088709679931614,0.5396433170855826,370.0,2017-01-01
0.48281556077983884,-0.6285866915059748,0.7009801096702628,0.7402825686188952,370.0,2018-01-01
0.26362706052604995,-0.5485116813660328,0.715239660721864,0.5171760678060875,370.0,2019-01-01
1.6730159506450584,1.3844015687070903,0.4009075576271808,-0.07298722675044643,375.0,2013-01-01
1.7047141354791677,1.3701394797115987,0.31380241514054197,-0.032344780700341955,375.0,2014-01-01
1.276090356978283,1.0185157710895179,0.3771239410965397,-0.09785479078288734,375.0,2015-01-01
1.0168275380914436,0.5866744947823482,0.3544140929778302,0.028155708094315394,375.0,2016-01-01
0.48690952028974727,0.799729482736547,0.17830859535989727,-0.5096718205818115,375.0,2017-01-01
0.5668131674058714,0.8983067249053193,0.3976818978860598,-0.5391454225376642,375.0,2018-01-01
0.28502309062610487,0.8300159311656136,0.4829582761986509,-0.7051878497935108,375.0,2019-01-01
0.5331473043925427,0.37957085585787464,0.3198020030515051,0.4298826766340112,376.0,2013-01-01
0.5831473547576651,0.12853802209645723,0.2854438018327381,0.6541622301266607,376.0,2014-01-01
0.5733037902559893,0.5445548896576696,0.16863759617487106,0.3499343018046099,376.0,2015-01-01
0.18555315794933208,0.5905706966905736,0.12222249052217653,0.03092771038945126,376.0,2016-01-01
0.5069380734116282,0.8885933531417669,0.9155710438110811,-0.008555979744025647,376.0,2017-01-01
0.8805776235019511,0.9308500025942041,1.1111035101048325,0.22384581278718693,376.0,2018-01-01
0.6081815426368286,0.7717890172458857,0.9997990761353347,0.14630735164704428,376.0,2019-01-01
0.9620700629549379,1.4784525993337183,-0.12733435867537465,0.46106524021494594,377.0,2013-01-01
1.0937799466750102,1.9754665442450077,-0.18335340049346419,0.1981292421135789,377.0,2014-01-01
1.1104521131419696,1.9950408333372733,-0.06267503749335446,0.18706687183208606,377.0,2015-01-01
0.9918699316788081,2.0442847048600066,-0.07112197552634725,0.06323033535371231,377.0,2016-01-01
0.9309579680214239,1.718525754077203,0.07507822802837505,0.24624093223165916,377.0,2017-01-01
0.880965974758848,1.9043007902681037,-0.14533416487382758,0.08911402464098253,377.0,2018-01-01
0.5900942801788674,1.699632862471016,-0.24121805118014653,0.030171331377189275,377.0,2019-01-01
-0.5422927887442259,-0.2734926873627534,-0.174918347619943,0.32846235614513286,378.0,2013-01-01
-0.7629069664631091,-0.22178619792392856,-0.11270077255491463,0.1215272418180079,378.0,2014-01-01
-0.9918224497274124,-0.25964191173452966,-0.04153698107715343,-0.026449963709481772,378.0,2015-01-01
-0.8845350097747946,-0.18720466221664117,0.1167912294164006,-0.011728415917664351,378.0,2016-01-01
-0.7524289088610489,-0.05821533098263453,0.23366701441783905,-0.016961661223762282,378.0,2017-01-01
-0.5175483058064603,-0.1398631953024208,0.314840664093951,0.2117941044432089,378.0,2018-01-01
-0.6854783742446052,-0.14351792899672358,0.2937105232473479,0.09104351081752256,378.0,2019-01-01
-1.0114213449635767,-0.6067812588544162,-0.0924310294354598,0.7642204783482094,379.0,2013-01-01
-0.9004724871946433,-0.16988721560769757,0.2788718833792163,0.4978117053691862,379.0,2014-01-01
-0.5605617790054398,-0.07941844824525181,0.6014201381309154,0.6601051440283577,379.0,2015-01-01
-0.0027913109749473273,0.10384285448115577,0.7875278906175599,0.9266934185708748,379.0,2016-01-01
-0.5117130843156262,-0.06652336390107456,-0.23184241790980237,0.749774178284929,379.0,2017-01-01
0.16885837262108466,-1.28194938639163,0.2547358050346371,0.8988494688602835,379.0,2018-01-01
-0.08611074210948526,-0.6462811855148144,0.8461235150394333,0.5615892360402833,379.0,2019-01-01
1.5086587230074444,3.051601738160086,-1.5159474325499347,-0.4261776559780566,380.0,2013-01-01
3.3411887341897875,4.650816017602156,-1.9668066562487267,-0.20298793506863705,380.0,2014-01-01
4.248686887984785,4.5668206415730666,-2.2156006060164626,0.5531319346576551,380.0,2015-01-01
4.354172257218831,4.003846579374997,-2.7034748678591187,1.0821100237440333,380.0,2016-01-01
1.7069526010450113,3.6963299240935834,-1.0826807310151694,-0.7849455122849119,380.0,2017-01-01
1.2577372451682525,2.320423732915174,-1.2436264368685104,-0.4604518617677109,382.0,2013-01-01
0.8463047632691351,2.027319733875515,-1.0945108321207357,-0.5626276682799557,382.0,2014-01-01
0.10121381997311114,0.8924786988163819,-0.4857737814694214,-0.3293187448207158,382.0,2015-01-01
0.7001846975032023,1.1278713128827036,0.6331305700578611,-0.14063726861264433,382.0,2016-01-01
0.047968028636042,0.7735617541009285,-0.477210602269637,-0.28222369744892667,382.0,2017-01-01
-0.11575358051598302,0.5056457594517788,-0.2748477377427317,-0.2224929069087785,382.0,2018-01-01
-0.46028438392569754,0.4068110740821764,0.03570423492728408,-0.4297745876739499,382.0,2019-01-01
1.2839478959572574,1.8557237598162502,0.30376861785971637,-0.5195644611438306,386.0,2013-01-01
1.7999652213742787,2.130667941646111,0.19465276310924207,-0.3291918731843487,386.0,2014-01-01
2.5715012513985633,2.5996091625960727,1.1809302489891675,-0.17365669468344075,386.0,2015-01-01
3.6909279149462355,3.5494120730806795,1.7894340260261885,-0.08399651033537113,386.0,2016-01-01
2.5689683742924267,2.3955185778827603,1.692534418589982,-0.06411469387633009,386.0,2017-01-01
4.139703911899201,4.360079130975469,0.7775594667104885,-0.26933730149938906,386.0,2018-01-01
4.976054345860332,4.391922251626302,1.4108550690543977,0.2822364091367862,386.0,2019-01-01
0.2855315930852013,1.0210507891295424,1.0403302459700539,0.144802218784017,389.0,2013-01-01
0.8169211576653064,1.2174115841786413,1.1833466619660327,0.38536982375877266,389.0,2014-01-01
0.3983931493452361,1.229768252113817,1.1188975798900702,0.06954087573979142,389.0,2015-01-01
0.2907587617420955,0.9875974509666422,1.0857713015996824,0.1698528774400391,389.0,2016-01-01
0.32987146411985574,1.1126778478089745,1.358531251966986,0.08651227679012796,389.0,2017-01-01
0.5830597259156544,1.2056879795743085,1.4584803704702414,0.19914124458201815,389.0,2018-01-01
0.05867450985979079,1.0518515810224986,1.1158110461357476,-0.05241810607360472,389.0,2019-01-01
0.7291544425983717,1.3171789364115842,0.19929566023179562,0.017326216536286004,392.0,2013-01-01
0.4723444251832955,1.3315307729483337,0.3207964229099011,-0.19357473480553986,392.0,2014-01-01
0.3503160828277287,1.1536008193016516,0.5349981659639543,-0.16981805246022483,392.0,2015-01-01
0.3452760478868283,1.1574529537423963,0.5369049601941048,-0.1765447738013911,392.0,2016-01-01
0.4351867750533307,1.5556065490691537,0.1988822395237757,-0.3767110150084311,392.0,2017-01-01
0.4185848229215655,1.3863656581600068,0.22950518919290885,-0.2670164272302745,392.0,2018-01-01
0.5775718806279873,1.50855572355377,0.22458103279494723,-0.23806382350244745,392.0,2019-01-01
1.2956921975603655,0.6846487442738594,-0.09037120072882608,-0.4097542280162647,393.0,2013-01-01
2.5315265842091947,1.6511882951684642,1.5569790269729653,-0.3239878005789167,393.0,2014-01-01
3.1789778547810617,2.522823873518324,0.48538144156040747,-0.40171171426244234,393.0,2015-01-01
2.6993018415960877,1.6022586182371938,1.424924595740076,-0.15317172097001766,393.0,2016-01-01
2.1718954861143596,1.181896682541122,0.5638260584882354,-0.17207418222803583,393.0,2017-01-01
1.7862985445351458,1.0813271255885046,0.629969797351198,-0.3902427773526289,393.0,2018-01-01
1.9038835723505698,1.0212295614895053,-0.23753972097619505,-0.19318106955354233,393.0,2019-01-01
-1.9629046007761295,-0.27614494494814573,-0.008873585226826885,-0.07202719547646826,424.0,2013-01-01
-2.107309015122523,-0.2769708436049893,-0.09746224502427633,-0.17225892641334858,424.0,2014-01-01
-2.0495964965549924,-0.25930581051586044,-0.039729308686576405,-0.1466206534389576,424.0,2015-01-01
-1.9256149318042213,-0.40348589570670734,-0.15028903096661703,0.059962840659301464,424.0,2016-01-01
-1.991637742132327,-0.3283141455586881,-0.09348373444247635,-0.048710283462760955,424.0,2017-01-01
-1.9848312238655788,-0.29645134359229974,-0.04831846848942587,-0.070458821481364,424.0,2018-01-01
-2.0196091123554796,-0.29458040492542337,-0.06698788041055656,-0.09632012418262596,424.0,2019-01-01
-2.24557998394684,-0.2764194801845255,-0.289794428952996,0.2852214567161329,425.0,2013-01-01
-2.3665408225284486,-0.18396825360665062,-0.2440313674293841,0.12378014452814336,425.0,2014-01-01
-2.4875016611100573,-0.09151702702877587,-0.19826830590577235,-0.037661167659846194,425.0,2015-01-01
-2.57444638233481,-0.08683968036158476,-0.24494183570859926,-0.10231442441300136,425.0,2016-01-01
-2.6198066968029132,-0.052170470394881784,-0.22778068763724488,-0.1628549164834974,425.0,2017-01-01
-2.5631021852235625,-0.03373501041760409,-0.16966639245351497,-0.1385619877773396,425.0,2018-01-01
-2.5782222900462637,-0.022178607095369698,-0.16394600976306348,-0.1587421518008383,425.0,2019-01-01
-2.557517800001943,-0.004457507769623304,-0.21353233172088523,0.27231926351210267,428.0,2013-01-01
-2.6179982192927476,0.04176810551931407,-0.19065080095907935,0.19159860741810794,428.0,2014-01-01
-2.6431983939972494,0.06102877772303814,-0.18111682980832686,0.15796500071227668,428.0,2015-01-01
-2.6992708419618765,0.07299778715849534,-0.19968660913436428,0.1088215689827836,428.0,2016-01-01
-2.7251030802811016,0.0618539899494843,-0.22969715384130437,0.10003846530028776,428.0,2017-01-01
-2.7439990928152564,0.13807146653793376,-0.1429809452053171,0.023430573888952096,428.0,2018-01-01
-2.749039127756157,0.14192360097867848,-0.14107415097516648,0.016703852547785815,428.0,2019-01-01
-2.522017137412615,0.05351472661131847,-0.2709555603157494,0.38188643125767335,430.0,2013-01-01
-2.540082151552937,-0.008199215255397928,-0.23205823909203546,0.4108550309527515,430.0,2014-01-01
-2.5955225359028407,0.03417426359279472,-0.21108350256038008,0.3368610961999229,430.0,2015-01-01
-2.7328676065365967,0.07737295466743352,-0.2386890900617021,0.20494062603510552,430.0,2016-01-01
-2.818548200531903,0.14285924016009496,-0.20627358814914373,0.09058636323527948,430.0,2017-01-01
-2.913044737179563,0.2768587333597162,-0.09095546606089897,-0.08692234829354965,430.0,2018-01-01
-2.938244911884065,0.2961194055634401,-0.08142149491014658,-0.12055595499938075,430.0,2019-01-01
-1.586015159562042,-0.8667898922132076,-0.4319619278970238,0.1281284070192226,438.0,2013-01-01
-1.5305747752121381,-0.9091633710614002,-0.4529366644286793,0.20212234177205113,438.0,2014-01-01
-1.500334565566736,-0.9322761777058689,-0.4643774298095823,0.2424826698190485,438.0,2015-01-01
-1.5406548450939388,-0.9014591021799107,-0.4491230759683783,0.18866889908971868,438.0,2016-01-01
-1.2936931329898214,-1.090213689776405,-0.5425559932457525,0.5182782448068639,438.0,2017-01-01
-1.389453796866928,-1.017023135402254,-0.5063269028728931,0.39047053932470555,438.0,2018-01-01
-1.4902544956849353,-0.9399804465873585,-0.4681910182698833,0.255936112501381,438.0,2019-01-01
-0.7661306745724634,-0.8288078325504942,0.3080948805804077,-0.31638582901193535,455.0,2013-01-01
-0.0813081239815202,-0.5040942759339572,1.068184312063078,-0.16309338453061192,455.0,2014-01-01
-0.4943595386958551,-0.035699969071595804,1.0657613820731464,0.09594492223611009,455.0,2015-01-01
-0.318474239172974,-0.1538320726741984,1.0198105314306027,-0.10776869893525193,455.0,2016-01-01
-0.12696077592521435,-0.13167622178207575,1.0926203123926406,-0.0676853348633076,455.0,2017-01-01
0.31842108037472927,-0.4253645900789594,0.894528260312757,0.08974514613998845,455.0,2018-01-01
-0.22982708609290062,-0.5082776586378751,0.06840129043768929,0.006871921273869632,455.0,2019-01-01
0.18849634448756014,-0.07071266554330265,-0.47702917197150657,-0.0428551121889097,462.0,2014-01-01
0.11081948005128253,0.3525160739713764,-0.49632559824646216,-0.41023215725088,462.0,2016-01-01
-0.26334398705454637,-0.10157693669043187,-0.41477920286236375,-0.3005666215599723,462.0,2017-01-01
0.025366480344159996,-0.5829802459615331,-0.4798011821469106,-0.3340161033507585,462.0,2018-01-01
-0.31439248745537246,-0.4168354849092869,-0.3587116512841941,0.010271272048826137,462.0,2019-01-01
-1.3639098449482163,-0.4949472002703179,0.21800888978109564,-0.2108283955269745,474.0,2013-01-01
-1.2662529902269397,-0.47692434640626347,0.30041334698131417,-0.15757219911482215,474.0,2014-01-01
-1.077380215502663,-0.46178909840485316,0.34335619624665964,0.42397622888225894,474.0,2015-01-01
-1.169849857641263,-0.5836276176557611,0.1485854450811239,0.3682766013242911,474.0,2016-01-01
-1.4172695766475953,-0.3420703269635666,0.2551339404723066,0.2717084585959404,474.0,2017-01-01
-1.2539450900528377,-0.47408875177530296,0.202290572945402,0.40324187995627186,474.0,2018-01-01
-1.0271435177123218,-0.6474348016088183,0.11648483258862988,0.7059443403087522,474.0,2019-01-01
-1.1479572025352085,0.1959252737038035,0.6485899446711564,-0.2259265019233823,475.0,2013-01-01
-1.2059258413440055,0.1166808749010557,0.5113866177720412,-0.20051842458286936,475.0,2014-01-01
-1.221825187423206,0.19779633975666353,0.5880219843399668,-0.18667793309605082,475.0,2015-01-01
-1.0982621571021776,-0.057901246528643036,0.5235936557606028,-0.20545905633277353,475.0,2016-01-01
-1.0901790944158058,-0.05512538974450955,0.4148702565070786,-0.2539945337015054,475.0,2017-01-01
-0.9737512246589574,-0.229848361959376,0.3210785778547531,-0.3353778633391373,475.0,2018-01-01
-1.1501420424966236,-0.1589408428213904,0.23267304852499676,-0.14792151229966508,475.0,2019-01-01
-1.122227084652096,-0.5957161027848729,0.1459539739719373,-0.8012790798258678,476.0,2013-01-01
-0.9987379916115943,-0.5665494517118072,0.258368975879096,-0.7392397797312197,476.0,2014-01-01
-0.6690218095292838,-0.6057364267161017,0.1490692997983249,-0.4567281473804054,476.0,2015-01-01
-0.6273392843447836,-0.6423869173806622,0.13926431118239507,-0.45872881768906754,476.0,2016-01-01
-0.5799577815339274,-0.46931436961868833,0.33021663790067535,-0.26149241722745764,476.0,2017-01-01
-0.2911062292595386,-0.5108139061857503,0.278130460698328,-0.4369490855542493,476.0,2018-01-01
-0.13703420899543417,-0.26824335686077094,0.3645930257470736,-0.2034757857064686,476.0,2019-01-01
1.8955839830539865,0.10312487064335941,0.4299643680901135,0.8499294135106559,484.0,2013-01-01
2.0661141726507655,0.11008371811320256,0.4129522516772701,0.973061448003894,484.0,2014-01-01
1.0563252135275372,-0.08923661384498645,0.06152270548108869,0.3941897204338805,484.0,2015-01-01
1.5722399677191543,-0.3535151388263769,-0.22484156199830926,0.9940728724859108,484.0,2016-01-01
1.1283204896686967,-0.35904665065472463,-0.15699845325754547,0.6625174960062422,484.0,2017-01-01
1.6315895013061121,-0.03486543641874294,0.09222119939316972,0.7802221583678671,484.0,2018-01-01
1.5942141310965299,0.069221984296166,0.07429861470111118,0.6772596239199605,484.0,2019-01-01
1.332408846514674,-0.15995638645007032,-0.3956879707482164,0.4433336226770062,493.0,2013-01-01
1.1291278224522965,0.0022857615818335938,-0.37459578955144535,0.17117752952382093,493.0,2014-01-01
1.2126044307845139,-0.04607222198408782,-0.3862856364200821,0.269743180141396,493.0,2015-01-01
1.8023797492709677,-0.7044838403564909,-0.8121937235285185,1.224748446886644,493.0,2017-01-01
0.7940203143443306,-0.5052894966959323,-0.5847963028369606,0.31049591275609106,493.0,2018-01-01
0.8106293478027279,-0.2331228376810654,-0.28884223370235174,0.10057094939245215,493.0,2019-01-01
1.5476404579757757,-0.6680831732402613,-0.41450549309882717,1.0390846941473721,495.0,2013-01-01
0.9182587613277005,-0.30032402037133393,-0.12829760076027244,0.27869439342062496,495.0,2014-01-01
0.9199477804043176,-0.16431866913654058,-0.0814321104630744,0.17648126298479425,495.0,2015-01-01
0.8409786107878321,-0.23438523335804962,-0.15487527531726367,0.17470633379659536,495.0,2016-01-01
1.0809023183937025,-0.46756950434924016,0.013537872213210381,0.5119969645345905,495.0,2017-01-01
1.2539596067875638,-0.35961095599404974,0.3221493774890337,0.5382619841129294,495.0,2018-01-01
1.0883746073893736,-0.20378128690831504,-0.28884583172487555,0.3465031851822138,495.0,2019-01-01
-0.18221476058472144,-0.6139467445648386,-0.08378808025348579,-0.07071240223175791,500.0,2013-01-01
-0.4552429050645674,-0.8034121993258921,-0.2346370300806765,-0.12340036034856523,500.0,2014-01-01
-0.37397028239543834,-0.8346418809650735,-0.22560122190539167,-0.04062332191324089,500.0,2015-01-01
-0.47666717205761533,-0.8488126003883832,-0.30609888487545983,-0.10060623966655939,500.0,2016-01-01
-0.625988503417342,-0.8891230486704601,-0.44852443148955873,-0.17142864344370323,500.0,2017-01-01
-0.6404765446253198,-0.8471621759354906,-0.40325953294141453,-0.2164593104905373,500.0,2018-01-01
-0.5636118932823678,-0.8441352537211921,-0.3527724146782866,-0.16525949641971457,500.0,2019-01-01
1.6887496499858314,-1.1710538128674588,-0.8723443501165773,2.2159821217016544,509.0,2013-01-01
1.5204217119894665,-0.8380367708259604,-0.7187476844232485,1.8343775398164697,509.0,2014-01-01
0.9520983229097314,-0.41922410056637205,-0.1797452507709654,1.0628865118109005,509.0,2015-01-01
0.7367539033730942,-0.14529717416681742,0.5598952199066797,0.6455469668049294,509.0,2016-01-01
0.6241995988964981,-0.08962196930944363,0.6513334178404432,0.513947380145213,509.0,2017-01-01
1.3061707599431676,-0.22661181213615375,0.37089688920169445,1.1434823059211223,509.0,2018-01-01
1.3143076128657563,0.04886798484932038,0.21331010290986405,0.9589834813838699,509.0,2019-01-01
1.3362216726750311,-0.7117627134224234,0.28991860126711305,0.1929544577670225,513.0,2016-01-01
1.1774898714237747,-0.9083908598385136,0.025810945843411686,0.23915883340202426,513.0,2017-01-01
1.454104360413419,-1.3031685397112904,-0.14170084559190643,0.7478169099322979,513.0,2018-01-01
1.4543199210015008,-1.2829475045212557,-0.11552519335662348,0.7311465090832503,513.0,2019-01-01
1.542363258140898,-0.3742739847819179,0.9792894187079426,0.4714346644598903,524.0,2013-01-01
1.5323042169877132,-0.24160616382801675,1.229431920508385,0.34761300789056715,524.0,2014-01-01
1.4545076483900707,-0.6145715364569201,0.7018936435691469,0.6034985022701086,524.0,2015-01-01
1.7230903188382378,-0.762900919657424,0.32960206905234746,0.9405081954372542,524.0,2016-01-01
1.3695931115433495,-0.7097713105089895,0.28465723356649586,0.6416659652231045,524.0,2017-01-01
1.2784328243810175,-0.6213704389928336,0.4286269984606324,0.4979895828513919,524.0,2018-01-01
0.7639755632453823,-0.6714703730590026,0.28249671875732946,0.16278715708224578,524.0,2019-01-01
1.275852936826865,-1.5348515499555426,0.09056102384358938,0.16080596315423268,528.0,2013-01-01
1.7730551556195673,-1.2997377440682754,0.30674459171563034,0.3419314222049082,528.0,2014-01-01
1.0159728028090214,-1.3202746320627687,0.036114362409611474,-0.1862555016248987,528.0,2015-01-01
1.166071122210148,-1.4705570555502454,-0.022501686352658534,0.04034341366869484,528.0,2016-01-01
1.209828603753582,-1.6055807621331741,-0.21386639885901595,0.18655739853101658,528.0,2017-01-01
1.7925781156368505,-1.8014570754346728,-0.25780343584239246,0.7676733463169,528.0,2018-01-01
2.0476169431953988,-1.8630154271502042,-0.21096380388515665,0.999261783928917,528.0,2019-01-01
0.8294356513094203,-0.419186734789972,0.6429385424908282,-0.12242412060114252,530.0,2013-01-01
0.9812290672840703,-0.4096871823872186,0.9204866955009521,-0.03730036360136757,530.0,2014-01-01
0.9893128045819587,-0.4986443012283938,0.8108082121958435,0.04234882390303389,530.0,2015-01-01
0.6022293770053784,-0.39475880332490215,0.5806641660954457,-0.30484342196444225,530.0,2016-01-01
0.8196781498307956,-0.48210997313599546,0.25333400619079904,-0.05409966260061175,530.0,2017-01-01
0.9563065601337711,-0.757964146065824,0.23951181842417887,0.25136901406741763,530.0,2018-01-01
0.5630071533902902,-0.7150459114221818,0.14435656757296816,-0.06582066540963635,530.0,2019-01-01
0.8250726355174992,-0.592777131558689,0.7000525126334286,0.3011063076162106,538.0,2013-01-01
0.4948089865365227,-0.38174361352467523,0.7716909322667566,-0.10525252519114464,538.0,2014-01-01
1.0159573449052592,-0.6474383720495119,0.6599838237815673,0.48640968996300415,538.0,2015-01-01
0.8310888632730347,-0.5061420807629935,0.7299250361434872,0.2396735511690272,538.0,2016-01-01
0.8039439710768597,-0.29358114731847673,0.7285835772357279,0.06336979232843351,538.0,2017-01-01
1.0445050392948845,-0.33968085617912963,0.29767205649902173,0.30881219851238684,538.0,2018-01-01
1.2712925671441764,-0.21093153066549958,0.08362046050775196,0.399179076052231,538.0,2019-01-01
-0.6026782244777497,1.31547971448425,-0.3218032909234138,0.34104860623156663,547.0,2013-01-01
-0.8538536547184845,1.2959956279990867,-0.1370003811370252,0.15443717599936949,547.0,2014-01-01
-0.8188154368704927,0.9750821452980638,-0.21768243853968802,-0.02254801185803715,547.0,2015-01-01
-0.8366591035458527,0.6628934850385744,-0.23167934713504557,-0.02816108574176574,547.0,2016-01-01
-0.8535118261951623,0.4165568240963752,-0.1837116127100433,-0.22753606774078602,547.0,2017-01-01
-0.6801683125945088,0.21246682629320346,-0.3100441686579585,-0.08346698079284634,547.0,2018-01-01
-0.5895479729032982,0.305950806543751,-0.18488824084218006,-0.19246257398295719,547.0,2019-01-01
-1.070904440201532,0.26445849451697223,0.7471525152749352,-0.04423009809897409,548.0,2013-01-01
-1.0554124632070372,0.41559134163651695,0.7778945891262419,-0.14606793599255868,548.0,2014-01-01
-1.0620939731591903,0.2831557596987857,0.8169919326479039,-0.25881769029476365,548.0,2015-01-01
-0.7506616212698961,0.2327827026742623,0.567637413077992,-0.2649582389609644,548.0,2016-01-01
-0.8758172756367858,0.31720872474416195,0.7556246910122778,-0.3432833598847884,548.0,2017-01-01
-0.9675367746960307,0.25983223595406857,0.5205004602279766,-0.25031882617505935,548.0,2018-01-01
-0.9641340466144396,0.0738555809355755,0.0890431613117387,-0.4021764646233495,548.0,2019-01-01
-1.2234367551472953,0.6847013623354523,0.08847555609440043,-0.05274774788137823,549.0,2013-01-01
-1.0014904792918797,0.7074979011066165,-0.006308783350242211,0.10288605189799664,549.0,2014-01-01
-0.8289405697900563,0.7386772349712182,-0.04741223165207569,-0.15268894220623178,549.0,2015-01-01
-0.7350217516467191,0.720137736911837,-0.42247204955310347,-0.5872268125719096,549.0,2016-01-01
-0.7355267471820732,0.6397111435066014,-0.35305964799054507,-0.5337327683797183,549.0,2017-01-01
-0.7748353116834311,0.7933330788633194,-0.4090075474624453,-0.3881782723325256,549.0,2018-01-01
-0.6080817608260709,0.8964923376851013,-0.42560438615614543,-0.37925177325505316,549.0,2019-01-01
-0.5153842401222924,1.252626191692274,-0.2547453507203094,-0.5848037631259162,558.0,2013-01-01
-0.39246221007212506,1.2139625936162324,0.028629938906282265,-0.4862230443310135,558.0,2014-01-01
-0.2678546913499683,1.007105097548767,-0.07691861505376626,-0.23349420101810647,558.0,2015-01-01
-0.05352067679011901,1.0745252249185193,-0.29215011393601303,-0.10724424005046618,558.0,2016-01-01
-0.3007842511946112,1.0693499559282922,-0.2996500364288076,-0.16556079841810178,558.0,2017-01-01
-0.25753583348595793,0.5967348712949161,-0.39351177545345567,-0.06249207096967444,558.0,2018-01-01
-0.322764264914103,0.588405681423617,-0.5155808934947544,-0.17647661619158322,558.0,2019-01-01
-0.8874575183834326,0.9735642970009218,0.34481910819578343,0.26934486602320484,566.0,2013-01-01
-0.7774100594010797,0.9855124042285163,0.6855796390605385,0.31682623877933275,566.0,2014-01-01
-0.84334485716789,1.1251740379513744,0.5668318495007353,0.1740556186125225,566.0,2015-01-01
-0.96966087227859,0.6983664537575195,0.548905809200797,-0.06029592834608698,566.0,2016-01-01
-1.034909151369935,0.7650090200315646,0.5527145616741435,0.054333959192890066,566.0,2017-01-01
-0.8550317718573379,0.8355526631110113,0.5060680777231612,0.07922951027072545,566.0,2018-01-01
-1.1998845327392353,0.6392081516949145,0.3028252154026922,-0.01793154057573836,566.0,2019-01-01
0.2455924339979448,0.13388853006399648,-0.6238113465078458,-0.9287938563055695,579.0,2013-01-01
0.2841706747731541,0.05455894133570104,-0.6172451926863025,-0.8422728326683324,579.0,2014-01-01
0.3729905581134606,0.016131450834303604,-0.6982670286505392,-0.7418028710981927,579.0,2015-01-01
1.4490978700763693,-0.4082021961929168,-0.8512466714555281,0.3827208655200419,579.0,2016-01-01
0.6365423031241877,-0.3725944732658839,-1.2125198244402882,-0.22119483599049605,579.0,2017-01-01
-0.5853518186966294,0.4886941632291534,-1.1073995416094176,0.41362801378345426,579.0,2018-01-01
-0.9558261093618193,0.4000479896992356,-0.782336390140207,0.2998600962456996,579.0,2019-01-01
-1.7331052896698365,-0.5505042210123706,-0.2552063413202752,-0.16640956798969067,584.0,2013-01-01
-1.2987772417806716,-0.19598282508133838,-0.1820030022820014,-0.10906726684029784,584.0,2014-01-01
-1.0480066740113285,0.04477729354120384,0.28009409667847185,-0.13409168479101397,584.0,2016-01-01
-1.0077845129119767,0.08060257197931796,0.3384794093273791,-0.07416447907036301,584.0,2017-01-01
-0.7332960043469824,0.1975922576376969,0.4211380578897327,-0.0834043969828688,584.0,2018-01-01
-0.4078284542999395,-0.13616387207866665,0.592841138820987,-0.3372254509426537,584.0,2019-01-01
-0.8595900519182594,-0.9745806537324778,-0.10524137529415971,-0.3084164275125692,587.0,2013-01-01
-0.13608417739161457,-0.4392020915608704,0.4020491974872198,-0.20137511359741278,587.0,2014-01-01
-0.22181582952304715,-0.513043174458916,0.4619142973082319,-0.21545433129234828,587.0,2015-01-01
-0.0004700582612703637,-0.4081727990110817,0.6185776373445352,-0.09399225864548177,587.0,2016-01-01
0.3181769037333065,-0.3891397440707838,0.6047297026715662,-0.1349737952055496,587.0,2017-01-01
0.3190592885554426,-0.42407966159971316,0.729178669177778,-0.18661405233368594,587.0,2018-01-01
0.24357666834534356,0.15743031355108839,1.228986974858145,0.18033508464919107,587.0,2019-01-01
-1.3021186268179574,-0.8721112820757594,-0.4605535796845647,-0.6257138797327385,592.0,2013-01-01
-0.9933771089161956,-0.5108704111192833,-0.19614427034076887,-0.6812163693808522,592.0,2014-01-01
-0.7056432031487546,-0.24337747368728826,-0.1945518177557894,-0.6636714899721954,592.0,2015-01-01
-0.3717038218661128,0.057366371534277885,0.3952146369530465,-0.6804703785575933,592.0,2016-01-01
-0.20915857652785477,-0.005092991744084967,0.413286253303616,-0.5149163016869446,592.0,2017-01-01
0.7678454108441464,0.41511225770828186,1.0293476279176674,-0.1427018290753912,592.0,2018-01-01
1.5138364780049425,0.8333479194485571,2.020193766222161,0.03072994730581413,592.0,2019-01-01
-1.7798130612981666,-0.4359418341496715,-0.1319767967657327,0.008871739260221561,593.0,2013-01-01
-1.2490852045905398,-0.02128075507433504,0.2711189865611165,0.06894086728295508,593.0,2014-01-01
-1.4769496580577708,-0.03584317840300484,-0.14441882458325522,-0.058703587249989905,593.0,2015-01-01
-0.7493801263638857,0.594044038935475,0.4172223440684779,-0.02217858375709892,593.0,2016-01-01
-0.8748044471565659,0.5782066114262706,0.49411177548885477,-0.10971498481473135,593.0,2017-01-01
0.3576455555237754,0.8218176103009384,1.146780345798535,0.03335113678420289,593.0,2018-01-01
1.1675448362618122,0.9627522404691905,1.9284289394526841,-0.07245010328367867,593.0,2019-01-01
-1.5492580769137054,-0.7191427126584697,-0.1952368676812227,-0.09224316514977614,602.0,2013-01-01
-0.7383739964886843,-0.29891656099823993,0.061494196742036315,0.18334650297615634,602.0,2014-01-01
-0.5033368118562582,0.21131973480761318,0.4731389671111674,-0.047608315859456914,602.0,2015-01-01
-0.5871212150073944,0.3680194285384799,0.6241880165968037,-0.23651408772928895,602.0,2016-01-01
-0.7510501892268655,0.18303914362138907,0.5573793007348048,-0.27830684778960346,602.0,2017-01-01
-0.4538752874435079,-0.02847559466315063,0.4874457448591917,-0.6551664507189371,602.0,2018-01-01
-0.24678355513481687,-0.21034980348106094,0.6112108604044929,-0.892649812587815,602.0,2019-01-01
-1.8466124312563883,-0.5207327870028535,-0.2977952651976238,-0.2088819904106852,605.0,2013-01-01
-1.370699976610574,-0.13621952777230922,-0.16075724828516857,-0.1474269245786332,605.0,2014-01-01
-1.0695290594322273,0.0660192464427851,0.2822719083737997,-0.105184129117687,605.0,2016-01-01
-1.0394850866425271,0.17619114772646127,0.41811047597311907,-0.05259693108804718,605.0,2017-01-01
-0.9531509458085817,0.39438239498059086,0.4685272242044086,-0.031040047083898754,605.0,2018-01-01
-0.6047987646833426,0.03355089722404385,0.6435018586656093,-0.36958309775500264,605.0,2019-01-01
-0.4461494153080917,-0.07459056868714538,0.3781141869396214,-0.33412029597780385,609.0,2014-01-01
-0.5820314239332913,-0.1389188266549371,0.3422342278837187,-0.38531477805954284,609.0,2015-01-01
-0.5723680089102181,-0.09827556307443676,0.5297756413874507,-0.422114583751975,609.0,2016-01-01
-0.24384154828312996,0.2881810289408312,0.7936631490926891,-0.036411350330452855,609.0,2017-01-01
0.19546211777010136,0.4852261116042064,1.2580634090105345,-0.05059330968189961,609.0,2018-01-01
-0.017900687510232067,0.06156134951737032,0.7236790374224568,-0.12132755350402401,609.0,2019-01-01
-1.4712650237457074,0.9518994707887908,0.24188136400427207,-0.2424090403345413,617.0,2013-01-01
-0.6171518433138903,1.5142242353354909,-0.06817196971821006,0.003648245005179038,617.0,2015-01-01
-0.061094972590663765,2.0734234385042516,-0.25835676445897665,-0.2084021348749904,617.0,2016-01-01
-0.9480971222700673,1.0899073437954432,0.2137658290990595,-0.10516671494279847,617.0,2017-01-01
0.8407157547372142,2.6670017561459076,-0.9705857928410183,-0.1495705998188791,617.0,2018-01-01
0.7226934207351337,1.57973230194617,-1.0184699798362473,-0.08867162738759443,617.0,2019-01-01
2.937889037149994,-3.2963063846683145,-0.2726890950774281,-1.7721872837033255,628.0,2013-01-01
2.605928132103958,-3.3448221627404067,-0.4070476262871442,-1.9735676133109255,628.0,2014-01-01
2.784479839711559,-3.35569312317092,-0.22746647426177868,-1.8461723673542751,628.0,2015-01-01
2.987750218372631,-3.3585824102914863,-0.28129296058670117,-1.688654328194425,628.0,2016-01-01
2.0754362534148583,-2.94720008948764,-0.2672693489728382,-1.1232756335294962,628.0,2017-01-01
2.0888047006000954,-2.61671925318268,-0.2222471372176712,-0.2820517667040643,628.0,2018-01-01
2.035398924894419,-2.469706800874505,0.06767650852909955,-0.6896461602979811,628.0,2019-01-01
1.81841427448755,-1.4037788650624858,-0.6720920442054779,-0.5060821928511996,636.0,2019-01-01
2.2048010166626795,-0.6635918273563443,-0.3261849749608463,1.7005166898744442,655.0,2013-01-01
0.9614262862399728,-0.06291888548262493,-0.30613040569861394,0.3318941735373477,655.0,2014-01-01
1.3832093238228187,-0.6621646389747583,0.03905107302638205,1.0602569291977202,655.0,2015-01-01
1.8213924763711364,-0.7703564380781489,0.16528537974430071,1.4564868067735577,655.0,2016-01-01
1.7462414369080907,-0.7746930860023005,0.11414995144292173,1.4075740779587314,655.0,2017-01-01
1.6916972034084947,-0.9662077720303359,0.09308673855298674,1.5092809005382881,655.0,2018-01-01
1.5778063729345915,-0.8587744131018391,0.162432212158877,1.3403175285252362,655.0,2019-01-01
4.68069179804502,-0.6461700714437322,-1.5907750525493571,0.5304093012590277,657.0,2013-01-01
4.537293233274306,-0.045764049862656364,-1.1630286340465976,-0.049772121010968375,657.0,2014-01-01
4.382477641513937,-0.6105233177896222,-1.0789359936183112,0.24362698526542453,657.0,2015-01-01
3.256126603510836,-1.483072319391436,-0.8161213698749824,0.026400831832114786,657.0,2016-01-01
4.403035650835758,-0.9626036312884031,-1.261289977078845,0.5313878588895878,657.0,2017-01-01
4.37460497833653,-0.5407323462904611,-0.464337889737525,0.07947484148054951,657.0,2018-01-01
3.2457163127624384,-1.1137332230753645,0.06912021402967053,-0.23870330158347147,657.0,2019-01-01
3.153912598817475,-1.8015888022867816,-1.0497581082003264,-0.3443869947457084,662.0,2019-01-01
-0.1936355928999038,-0.34713599721069094,-0.04213612273230367,-0.09629827964844057,667.0,2013-01-01
-0.026881311014578736,-0.2755160764746329,0.0218475868003887,-0.029593972543039544,667.0,2014-01-01
0.1299918357680556,-0.36452777472498604,0.0022814815234160706,0.15408388600977824,667.0,2015-01-01
0.053127184425103724,-0.36755469693928455,-0.04820563673971182,0.10288407193895553,667.0,2016-01-01
-0.1216120417187423,-0.5085928284235485,-0.07710561350899124,0.07860180721096513,667.0,2017-01-01
-0.36774275542902657,-0.4577696592822198,-0.03149158364389045,-0.14543104739976634,667.0,2018-01-01
-0.3395976714069042,-0.40375998629699306,-0.07420249332790534,-0.16094620441251203,667.0,2019-01-01
2.3486397075191845,-1.8817976781769066,0.08617275542224734,-0.42422890296341215,676.0,2013-01-01
2.1342719956725795,-1.7531568874209185,0.052092726154963916,-0.6757917237872499,676.0,2014-01-01
2.088069178206396,-1.6908565751521893,0.01897127840554184,-0.7534753194916753,676.0,2015-01-01
2.494676843333032,-2.0862035488862527,-0.16877841378093725,-0.14609113406822358,676.0,2016-01-01
2.7768220954142913,-2.3662311097908444,-0.36879403663819815,0.28481238552786053,676.0,2017-01-01
2.754192955609203,-2.1837928238019853,-0.010035578091410181,-0.2573512877821017,676.0,2018-01-01
2.7042163423855596,-2.090693243750807,0.1442543810498039,-0.37459562840448174,676.0,2019-01-01
1.6666152703989472,-1.0533061221804516,1.166514247702874,-0.6509232457107208,682.0,2013-01-01
2.387609720281595,-0.7016729690419814,1.4097487208565687,-0.39083807061936665,682.0,2014-01-01
2.6633627426758224,-0.6001618780290738,1.9663034473603567,-0.3020551361092671,682.0,2016-01-01
2.467416969618546,-0.6666120551699183,1.7619500171022267,-0.38371702591023626,682.0,2017-01-01
3.012822409663007,-0.6064098583343579,2.040731596323017,-0.04288986676855237,682.0,2018-01-01
3.683182316080148,-0.5833316059369764,2.0887626893805917,0.4356325861939731,682.0,2019-01-01
2.2518101210318355,-0.7333449833015176,-0.9321531272011249,-0.8385806703985671,684.0,2013-01-01
3.2806821424686405,-0.37671532023665716,-1.0132162994747442,-0.3285129850060421,684.0,2014-01-01
2.2141959341185067,-1.0788065147975174,-0.4945648012592228,-0.6456987248498709,684.0,2015-01-01
2.977193756940153,-0.704292677290339,-0.7137417687111723,-0.33631753105797746,684.0,2016-01-01
3.5875086842257247,-0.39501210079219834,-0.8508123422799252,-0.09886322569941573,684.0,2017-01-01
3.6011469417393616,-0.5873657983458139,-0.831630157991695,0.05119169012573809,684.0,2018-01-01
4.416460090114688,0.12816434626593362,-0.9678697155961725,0.14268784837455387,684.0,2019-01-01
2.2662341754481488,-1.2942227026808444,0.32036707130829073,0.005932893548881713,685.0,2019-01-01
1.4428237441839216,0.14354527459987912,-0.5031459241331365,0.007092338878187132,703.0,2013-01-01
1.795526082532671,0.6549313450021256,-0.49206904523600664,-0.10692513637539475,703.0,2014-01-01
1.8925508736392245,0.6425497294534449,-0.44920910389348073,-0.028818436939907155,703.0,2015-01-01
2.508966002877732,-0.843379127825059,0.2350723817736608,1.4704615111659387,703.0,2017-01-01
1.7415949468002707,-0.6481581821734217,0.33181346094375463,0.7483937634742693,703.0,2018-01-01
1.7159795040312142,-0.5558081653889965,0.33176776414906417,0.6614649117795428,703.0,2019-01-01
2.820991075791037,0.3709538397264986,-1.436335088889373,-0.8240646964987657,708.0,2013-01-01
3.0336047642277135,0.46204071026044224,-1.4488170190524685,-0.7317610075220436,708.0,2014-01-01
3.337775983446536,0.3721481760464613,-1.5535480427086714,-0.43135277729093197,708.0,2015-01-01
3.7963636521835733,-0.12094131600187354,-1.7373912578434438,0.2862610002500533,708.0,2016-01-01
3.856527710187479,-0.18731092179203082,-1.78641030495593,0.38351752276627327,708.0,2017-01-01
3.393813020301684,-0.11670199972074388,-1.631889123463782,-0.024511210697907987,708.0,2018-01-01
2.9414740028500983,0.29079903877175695,-1.3811886110348524,-0.6796171374495397,708.0,2019-01-01
2.5134336648590927,1.1796479500415935,-1.4542472314792423,-1.1603095166394863,709.0,2013-01-01
2.245424458696018,0.6567697640347971,-1.25548366359669,-0.9906000191735088,709.0,2014-01-01
2.205104179168815,0.6875868395607555,-1.240229309755486,-1.0444137899028387,709.0,2015-01-01
2.373539243142314,0.7716681666602938,-1.2885115704714412,-0.9771572404693437,709.0,2016-01-01
1.9257883464955081,0.6882524701576024,-1.1499975759762198,-1.2596582088419908,709.0,2017-01-01
1.7270755022755917,0.05063546315490878,-1.0570181590311591,-0.9460736065530152,709.0,2018-01-01
1.8955105662490908,0.13471679025444727,-1.1053004197471148,-0.8788170571195204,709.0,2019-01-01
-0.7195094856725052,-0.6407774481036054,0.4814406274309663,0.052733530648820075,721.0,2017-01-01
-0.9954637541694641,-0.6151890047797978,0.34714042071293705,-0.16140640363414413,721.0,2018-01-01
-0.6489489964999002,-0.6947073302740323,0.4547455082088594,0.14690762942514732,721.0,2019-01-01
-1.7207617436185547,-0.08854402683591436,0.3431126565374521,0.12599688413809662,724.0,2017-01-01
-1.985469933432117,0.05679144039594628,0.3577275595646183,-0.11827717851788457,724.0,2018-01-01
-0.82323770234618,0.5908490263374235,1.022579577618895,0.06168851601085764,724.0,2019-01-01
2.5372077016475507,-0.43991923924282733,0.8779021889827702,0.3574268274392493,728.0,2013-01-01
1.2490859423825298,-0.31481756058708205,0.672164785749161,-0.6780394690955546,728.0,2014-01-01
2.1009434625736056,0.43455658176492246,0.6016667002490153,-0.5891572675052459,728.0,2015-01-01
2.343657992584261,0.5716371865727754,2.0847819451152168,-0.37809537910089214,728.0,2016-01-01
2.553955682638003,0.6925402112893544,2.320014851645103,-0.6316110293460394,728.0,2017-01-01
4.124111096721032,-0.04634238830856533,2.5991651434581224,-0.3368809127781908,728.0,2018-01-01
2.1989873020229265,-0.23942635646443317,0.5083168123511475,0.2896533201536755,728.0,2019-01-01
-0.7208481812311093,-0.9400934212619997,0.38639906307229227,-1.1780703641699721,729.0,2017-01-01
-0.6515518192879508,-1.0548322422578968,0.28061491213480017,-1.034195259346974,729.0,2018-01-01
0.44182488586087915,-0.2361614843882123,0.963099743158948,-0.8731444329264156,729.0,2019-01-01
0.3820882825151842,0.7319116526649498,0.6134148853474841,-0.26713602941702674,730.0,2018-01-01
0.3640209570512409,0.6289613572670475,0.9872033230869908,-0.23309743536506397,730.0,2019-01-01
-1.8132908500649265,-0.11314418281670438,0.3403050660019955,-0.3495376239045008,731.0,2018-01-01
-0.6191134460980892,0.6284838862380845,0.9846540124231334,-0.05395237066061786,731.0,2019-01-01
3.171257228361003,0.5334210809835332,2.3702360190359006,0.7302866574633933,732.0,2013-01-01
2.5067675335200748,0.7956877757706268,2.9131613408521604,0.0019355837034237431,732.0,2014-01-01
1.550601730096501,0.545315633505134,2.2346165205128137,-0.13065898486467953,732.0,2015-01-01
1.1841089239411948,0.024384930089824636,2.0307464486222946,0.014661788511625582,732.0,2016-01-01
0.9740252244097837,-0.1619084749355099,1.3815132881449443,0.044053445244686275,732.0,2017-01-01
1.995229835637212,-0.9134617231778583,1.2895694308719257,-0.5304341404440165,732.0,2018-01-01
1.0418773417445304,0.22798891220704753,1.2950199169766674,-0.23094710425922638,732.0,2019-01-01
-0.8660794466469047,-0.5095840232083427,0.5130334049740837,0.08764309724813346,740.0,2017-01-01
-1.1117935054984618,-0.5071083865290038,0.3672924328751514,-0.08613650898783341,740.0,2018-01-01
-0.7753588177106984,-0.5789224431417488,0.47871110883137474,0.2087240813891256,740.0,2019-01-01
